movement_id,timestamp,warehouse_id,product_id,movement_type,direction,quantity,unit_cost,reference_doc,notes
MOV-00001,2024-01-01 08:00:00,WH-HN01,PROD-001,INBOUND_PO,IN,39,108.8,INIT-BALANCE-2024,So du dau ky nam 2024
MOV-00002,2024-01-01 08:00:00,WH-HN01,PROD-002,INBOUND_PO,IN,27,122.58,INIT-BALANCE-2024,So du dau ky nam 2024
MOV-00003,2024-01-01 08:00:00,WH-HN01,PROD-003,INBOUND_PO,IN,32,22.23,INIT-BALANCE-2024,So du dau ky nam 2024
MOV-00004,2024-01-01 08:00:00,WH-HN01,PROD-004,INBOUND_PO,IN,33,110.28,INIT-BALANCE-2024,So du dau ky nam 2024
MOV-00005,2024-01-01 08:00:00,WH-HN01,PROD-005,INBOUND_PO,IN,45,132.94,INIT-BALANCE-2024,So du dau ky nam 2024
MOV-00006,2024-01-01 08:00:00,WH-HN01,PROD-006,INBOUND_PO,IN,43,57.46,INIT-BALANCE-2024,So du dau ky nam 2024
MOV-00007,2024-01-01 08:00:00,WH-HN01,PROD-007,INBOUND_PO,IN,31,31.73,INIT-BALANCE-2024,So du dau ky nam 2024
MOV-00008,2024-01-01 08:00:00,WH-HN01,PROD-008,INBOUND_PO,IN,38,83.24,INIT-BALANCE-2024,So du dau ky nam 2024
MOV-00009,2024-01-01 08:00:00,WH-HN01,PROD-009,INBOUND_PO,IN,28,135.78,INIT-BALANCE-2024,So du dau ky nam 2024
MOV-00010,2024-01-01 08:00:00,WH-HN01,PROD-010,INBOUND_PO,IN,42,27.88,INIT-BALANCE-2024,So du dau ky nam 2024
MOV-00011,2024-02-15 18:00:00,WH-HN01,PROD-011,INBOUND_PO,IN,32,141.04,INIT-BALANCE-2024,So du dau ky nam 2024
MOV-00012,2024-01-01 08:00:00,WH-HN01,PROD-012,INBOUND_PO,IN,45,41.1,INIT-BALANCE-2024,So du dau ky nam 2024
MOV-00013,2024-01-01 08:00:00,WH-HN01,PROD-013,INBOUND_PO,IN,29,110.02,INIT-BALANCE-2024,So du dau ky nam 2024
MOV-00014,2024-01-01 08:00:00,WH-HN01,PROD-014,INBOUND_PO,IN,33,41.2,INIT-BALANCE-2024,So du dau ky nam 2024
MOV-00015,2024-01-01 08:00:00,WH-HN01,PROD-015,INBOUND_PO,IN,29,127.1,INIT-BALANCE-2024,So du dau ky nam 2024
MOV-00016,2024-01-01 08:00:00,WH-HN01,PROD-016,INBOUND_PO,IN,27,56.02,INIT-BALANCE-2024,So du dau ky nam 2024
MOV-00017,2024-01-01 08:00:00,WH-HN01,PROD-017,INBOUND_PO,IN,26,74.18,INIT-BALANCE-2024,So du dau ky nam 2024
MOV-00018,2024-01-01 08:00:00,WH-HN01,PROD-018,INBOUND_PO,IN,30,53.02,INIT-BALANCE-2024,So du dau ky nam 2024
MOV-00019,2024-01-01 08:00:00,WH-HN01,PROD-019,INBOUND_PO,IN,34,145.49,INIT-BALANCE-2024,So du dau ky nam 2024
MOV-00020,2024-01-01 08:00:00,WH-HN01,PROD-020,INBOUND_PO,IN,44,30.91,INIT-BALANCE-2024,So du dau ky nam 2024
MOV-00021,2024-01-01 08:00:00,WH-HN01,PROD-021,INBOUND_PO,IN,43,130.48,INIT-BALANCE-2024,So du dau ky nam 2024
MOV-00022,2024-01-01 08:00:00,WH-HN01,PROD-022,INBOUND_PO,IN,34,159.45,INIT-BALANCE-2024,So du dau ky nam 2024
MOV-00023,2024-01-01 08:00:00,WH-HN01,PROD-023,INBOUND_PO,IN,39,114.8,INIT-BALANCE-2024,So du dau ky nam 2024
MOV-00024,2024-01-01 08:00:00,WH-HN01,PROD-024,INBOUND_PO,IN,28,33.84,INIT-BALANCE-2024,So du dau ky nam 2024
MOV-00025,2024-01-01 08:00:00,WH-HN01,PROD-025,INBOUND_PO,IN,39,142.37,INIT-BALANCE-2024,So du dau ky nam 2024
MOV-00026,2024-01-01 08:00:00,WH-HN01,PROD-026,INBOUND_PO,IN,34,141.61,INIT-BALANCE-2024,So du dau ky nam 2024
MOV-00027,2024-01-01 08:00:00,WH-HN01,PROD-027,INBOUND_PO,IN,37,40.94,INIT-BALANCE-2024,So du dau ky nam 2024
MOV-00028,2024-01-01 08:00:00,WH-HN01,PROD-028,INBOUND_PO,IN,33,20.77,INIT-BALANCE-2024,So du dau ky nam 2024
MOV-00029,2024-01-01 08:00:00,WH-HN01,PROD-029,INBOUND_PO,IN,41,142.68,INIT-BALANCE-2024,So du dau ky nam 2024
MOV-00030,2024-01-01 08:00:00,WH-HN01,PROD-030,INBOUND_PO,IN,42,27.83,INIT-BALANCE-2024,So du dau ky nam 2024
MOV-00031,2024-01-01 08:00:00,WH-HN01,PROD-031,INBOUND_PO,IN,40,152.45,INIT-BALANCE-2024,So du dau ky nam 2024
MOV-00032,2024-01-01 08:00:00,WH-HN01,PROD-032,INBOUND_PO,IN,39,94.58,INIT-BALANCE-2024,So du dau ky nam 2024
MOV-00033,2024-01-01 08:00:00,WH-HN01,PROD-033,INBOUND_PO,IN,27,159.31,INIT-BALANCE-2024,So du dau ky nam 2024
MOV-00034,2024-01-01 08:00:00,WH-HN01,PROD-034,INBOUND_PO,IN,44,35.18,INIT-BALANCE-2024,So du dau ky nam 2024
MOV-00035,2024-01-01 08:00:00,WH-HN01,PROD-035,INBOUND_PO,IN,26,50.68,INIT-BALANCE-2024,So du dau ky nam 2024
MOV-00036,2024-01-01 08:00:00,WH-HN01,PROD-036,INBOUND_PO,IN,38,50.51,INIT-BALANCE-2024,So du dau ky nam 2024
MOV-00037,2024-01-01 08:00:00,WH-HN01,PROD-037,INBOUND_PO,IN,35,57.54,INIT-BALANCE-2024,So du dau ky nam 2024
MOV-00038,2024-01-01 08:00:00,WH-HN01,PROD-038,INBOUND_PO,IN,44,99.09,INIT-BALANCE-2024,So du dau ky nam 2024
MOV-00039,2024-01-01 08:00:00,WH-HN01,PROD-039,INBOUND_PO,IN,33,31.39,INIT-BALANCE-2024,So du dau ky nam 2024
MOV-00040,2024-01-01 08:00:00,WH-HN01,PROD-040,INBOUND_PO,IN,25,140.66,INIT-BALANCE-2024,So du dau ky nam 2024
MOV-00041,2024-01-01 08:00:00,WH-HN01,PROD-041,INBOUND_PO,IN,27,66.18,INIT-BALANCE-2024,So du dau ky nam 2024
MOV-00042,2024-01-01 08:00:00,WH-HN01,PROD-042,INBOUND_PO,IN,32,81.7,INIT-BALANCE-2024,So du dau ky nam 2024
MOV-00043,2024-01-01 08:00:00,WH-HN01,PROD-043,INBOUND_PO,IN,43,149.1,INIT-BALANCE-2024,So du dau ky nam 2024
MOV-00044,2024-01-01 08:00:00,WH-HN01,PROD-044,INBOUND_PO,IN,43,94.76,INIT-BALANCE-2024,So du dau ky nam 2024
MOV-00045,2024-01-01 08:00:00,WH-HN01,PROD-045,INBOUND_PO,IN,25,51.57,INIT-BALANCE-2024,So du dau ky nam 2024
MOV-00046,2024-01-01 08:00:00,WH-HN01,PROD-046,INBOUND_PO,IN,33,146.15,INIT-BALANCE-2024,So du dau ky nam 2024
MOV-00047,2024-01-01 08:00:00,WH-HN01,PROD-047,INBOUND_PO,IN,43,129.34,INIT-BALANCE-2024,So du dau ky nam 2024
MOV-00048,2024-01-01 08:00:00,WH-HN01,PROD-048,INBOUND_PO,IN,26,159.35,INIT-BALANCE-2024,So du dau ky nam 2024
MOV-00049,2024-01-01 08:00:00,WH-HN01,PROD-049,INBOUND_PO,IN,30,48.91,INIT-BALANCE-2024,So du dau ky nam 2024
MOV-00050,2024-01-01 08:00:00,WH-HN01,PROD-050,INBOUND_PO,IN,40,25.12,INIT-BALANCE-2024,So du dau ky nam 2024
MOV-00051,2024-01-01 08:00:00,WH-DN01,PROD-001,INBOUND_PO,IN,41,108.8,INIT-BALANCE-2024,So du dau ky nam 2024
MOV-00052,2024-01-01 08:00:00,WH-DN01,PROD-002,INBOUND_PO,IN,45,122.58,INIT-BALANCE-2024,So du dau ky nam 2024
MOV-00053,2024-01-01 08:00:00,WH-DN01,PROD-003,INBOUND_PO,IN,39,22.23,INIT-BALANCE-2024,So du dau ky nam 2024
MOV-00054,2024-01-01 08:00:00,WH-DN01,PROD-004,INBOUND_PO,IN,33,110.28,INIT-BALANCE-2024,So du dau ky nam 2024
MOV-00055,2024-01-01 08:00:00,WH-DN01,PROD-005,INBOUND_PO,IN,30,132.94,INIT-BALANCE-2024,So du dau ky nam 2024
MOV-00056,2024-01-01 08:00:00,WH-DN01,PROD-006,INBOUND_PO,IN,43,57.46,INIT-BALANCE-2024,So du dau ky nam 2024
MOV-00057,2024-01-01 08:00:00,WH-DN01,PROD-007,INBOUND_PO,IN,38,31.73,INIT-BALANCE-2024,So du dau ky nam 2024
MOV-00058,2024-01-01 08:00:00,WH-DN01,PROD-008,INBOUND_PO,IN,45,83.24,INIT-BALANCE-2024,So du dau ky nam 2024
MOV-00059,2024-01-01 08:00:00,WH-DN01,PROD-009,INBOUND_PO,IN,40,135.78,INIT-BALANCE-2024,So du dau ky nam 2024
MOV-00060,2024-01-01 08:00:00,WH-DN01,PROD-010,INBOUND_PO,IN,27,27.88,INIT-BALANCE-2024,So du dau ky nam 2024
MOV-00061,2024-01-01 08:00:00,WH-DN01,PROD-011,INBOUND_PO,IN,40,141.04,INIT-BALANCE-2024,So du dau ky nam 2024
MOV-00062,2024-01-01 08:00:00,WH-DN01,PROD-012,INBOUND_PO,IN,36,41.1,INIT-BALANCE-2024,So du dau ky nam 2024
MOV-00063,2024-01-01 08:00:00,WH-DN01,PROD-013,INBOUND_PO,IN,38,110.02,INIT-BALANCE-2024,So du dau ky nam 2024
MOV-00064,2024-01-01 08:00:00,WH-DN01,PROD-014,INBOUND_PO,IN,35,41.2,INIT-BALANCE-2024,So du dau ky nam 2024
MOV-00065,2024-01-01 08:00:00,WH-DN01,PROD-015,INBOUND_PO,IN,35,127.1,INIT-BALANCE-2024,So du dau ky nam 2024
MOV-00066,2024-01-01 08:00:00,WH-DN01,PROD-016,INBOUND_PO,IN,28,56.02,INIT-BALANCE-2024,So du dau ky nam 2024
MOV-00067,2024-01-01 08:00:00,WH-DN01,PROD-017,INBOUND_PO,IN,30,74.18,INIT-BALANCE-2024,So du dau ky nam 2024
MOV-00068,2024-01-01 08:00:00,WH-DN01,PROD-018,INBOUND_PO,IN,35,53.02,INIT-BALANCE-2024,So du dau ky nam 2024
MOV-00069,2024-01-01 08:00:00,WH-DN01,PROD-019,INBOUND_PO,IN,38,145.49,INIT-BALANCE-2024,So du dau ky nam 2024
MOV-00070,2024-01-01 08:00:00,WH-DN01,PROD-020,INBOUND_PO,IN,40,30.91,INIT-BALANCE-2024,So du dau ky nam 2024
MOV-00071,2024-01-01 08:00:00,WH-DN01,PROD-021,INBOUND_PO,IN,34,130.48,INIT-BALANCE-2024,So du dau ky nam 2024
MOV-00072,2024-01-01 08:00:00,WH-DN01,PROD-022,INBOUND_PO,IN,37,159.45,INIT-BALANCE-2024,So du dau ky nam 2024
MOV-00073,2024-01-01 08:00:00,WH-DN01,PROD-023,INBOUND_PO,IN,42,114.8,INIT-BALANCE-2024,So du dau ky nam 2024
MOV-00074,2024-01-01 08:00:00,WH-DN01,PROD-024,INBOUND_PO,IN,26,33.84,INIT-BALANCE-2024,So du dau ky nam 2024
MOV-00075,2024-01-01 08:00:00,WH-DN01,PROD-025,INBOUND_PO,IN,39,142.37,INIT-BALANCE-2024,So du dau ky nam 2024
MOV-00076,2024-01-01 08:00:00,WH-DN01,PROD-026,INBOUND_PO,IN,27,141.61,INIT-BALANCE-2024,So du dau ky nam 2024
MOV-00077,2024-01-01 08:00:00,WH-DN01,PROD-027,INBOUND_PO,IN,35,40.94,INIT-BALANCE-2024,So du dau ky nam 2024
MOV-00078,2024-01-01 08:00:00,WH-DN01,PROD-028,INBOUND_PO,IN,33,20.77,INIT-BALANCE-2024,So du dau ky nam 2024
MOV-00079,2024-01-01 08:00:00,WH-DN01,PROD-029,INBOUND_PO,IN,35,142.68,INIT-BALANCE-2024,So du dau ky nam 2024
MOV-00080,2024-01-01 08:00:00,WH-DN01,PROD-030,INBOUND_PO,IN,28,27.83,INIT-BALANCE-2024,So du dau ky nam 2024
MOV-00081,2024-01-01 08:00:00,WH-DN01,PROD-031,INBOUND_PO,IN,37,,INIT-BALANCE-2024,So du dau ky nam 2024
MOV-00082,2024-01-01 08:00:00,WH-DN01,PROD-032,INBOUND_PO,IN,41,94.58,INIT-BALANCE-2024,So du dau ky nam 2024
MOV-00083,2024-01-01 08:00:00,WH-DN01,PROD-033,INBOUND_PO,IN,25,159.31,INIT-BALANCE-2024,So du dau ky nam 2024
MOV-00084,2024-01-01 08:00:00,WH-DN01,PROD-034,INBOUND_PO,IN,42,35.18,INIT-BALANCE-2024,So du dau ky nam 2024
MOV-00085,2024-01-01 08:00:00,WH-DN01,PROD-035,INBOUND_PO,IN,39,50.68,INIT-BALANCE-2024,So du dau ky nam 2024
MOV-00086,2024-01-01 08:00:00,WH-DN01,PROD-036,INBOUND_PO,IN,38,50.51,INIT-BALANCE-2024,So du dau ky nam 2024
MOV-00087,2024-01-01 08:00:00,WH-DN01,PROD-037,INBOUND_PO,IN,26,57.54,INIT-BALANCE-2024,So du dau ky nam 2024
MOV-00088,2024-01-01 08:00:00,WH-DN01,PROD-038,INBOUND_PO,IN,31,99.09,INIT-BALANCE-2024,So du dau ky nam 2024
MOV-00089,2024-01-01 08:00:00,WH-DN01,PROD-039,INBOUND_PO,IN,41,31.39,INIT-BALANCE-2024,So du dau ky nam 2024
MOV-00090,2024-01-01 08:00:00,WH-DN01,PROD-040,INBOUND_PO,IN,36,140.66,INIT-BALANCE-2024,So du dau ky nam 2024
MOV-00091,2024-01-01 08:00:00,WH-DN01,PROD-041,INBOUND_PO,IN,44,66.18,INIT-BALANCE-2024,So du dau ky nam 2024
MOV-00092,2024-01-01 08:00:00,WH-DN01,PROD-042,INBOUND_PO,IN,40,81.7,INIT-BALANCE-2024,So du dau ky nam 2024
MOV-00093,2024-01-01 08:00:00,WH-DN01,PROD-043,INBOUND_PO,IN,45,149.1,INIT-BALANCE-2024,So du dau ky nam 2024
MOV-00094,2024-01-01 08:00:00,WH-DN01,PROD-044,INBOUND_PO,IN,39,94.76,INIT-BALANCE-2024,So du dau ky nam 2024
MOV-00095,2024-01-01 08:00:00,WH-DN01,PROD-045,INBOUND_PO,IN,26,51.57,INIT-BALANCE-2024,So du dau ky nam 2024
MOV-00096,2024-01-01 08:00:00,WH-DN01,PROD-046,INBOUND_PO,IN,31,146.15,INIT-BALANCE-2024,So du dau ky nam 2024
MOV-00097,2024-01-01 08:00:00,WH-DN01,PROD-047,INBOUND_PO,IN,33,129.34,INIT-BALANCE-2024,So du dau ky nam 2024
MOV-00098,2024-01-01 08:00:00,WH-DN01,PROD-048,INBOUND_PO,IN,42,159.35,INIT-BALANCE-2024,So du dau ky nam 2024
MOV-00099,2024-01-01 08:00:00,WH-DN01,PROD-049,INBOUND_PO,IN,29,48.91,INIT-BALANCE-2024,So du dau ky nam 2024
MOV-00100,2024-01-01 08:00:00,WH-DN01,PROD-050,INBOUND_PO,IN,34,25.12,INIT-BALANCE-2024,So du dau ky nam 2024
MOV-00101,2024-01-01 08:00:00,WH-HCM01,PROD-001,INBOUND_PO,IN,39,108.8,INIT-BALANCE-2024,So du dau ky nam 2024
MOV-00102,2024-01-01 08:00:00,WH-HCM01,PROD-002,INBOUND_PO,IN,40,122.58,INIT-BALANCE-2024,So du dau ky nam 2024
MOV-00103,2024-01-01 08:00:00,WH-HCM01,PROD-003,INBOUND_PO,IN,28,22.23,INIT-BALANCE-2024,So du dau ky nam 2024
MOV-00104,2024-01-01 08:00:00,WH-HCM01,PROD-004,INBOUND_PO,IN,25,110.28,INIT-BALANCE-2024,So du dau ky nam 2024
MOV-00105,2024-01-01 08:00:00,WH-HCM01,PROD-005,INBOUND_PO,IN,45,132.94,INIT-BALANCE-2024,So du dau ky nam 2024
MOV-00106,2024-01-01 08:00:00,WH-HCM01,PROD-006,INBOUND_PO,IN,44,57.46,INIT-BALANCE-2024,So du dau ky nam 2024
MOV-00107,2024-01-01 08:00:00,WH-HCM01,PROD-007,INBOUND_PO,IN,32,31.73,INIT-BALANCE-2024,So du dau ky nam 2024
MOV-00108,2024-01-01 08:00:00,WH-HCM01,PROD-008,INBOUND_PO,IN,30,83.24,INIT-BALANCE-2024,So du dau ky nam 2024
MOV-00109,2024-01-01 08:00:00,WH-HCM01,PROD-009,INBOUND_PO,IN,34,135.78,INIT-BALANCE-2024,So du dau ky nam 2024
MOV-00110,2024-01-01 08:00:00,WH-HCM01,PROD-010,INBOUND_PO,IN,42,27.88,INIT-BALANCE-2024,So du dau ky nam 2024
MOV-00111,2024-01-01 08:00:00,WH-HCM01,PROD-011,INBOUND_PO,IN,25,141.04,INIT-BALANCE-2024,So du dau ky nam 2024
MOV-00112,2024-01-01 08:00:00,WH-HCM01,PROD-012,INBOUND_PO,IN,42,41.1,INIT-BALANCE-2024,So du dau ky nam 2024
MOV-00113,2024-01-01 08:00:00,WH-HCM01,PROD-013,INBOUND_PO,IN,38,110.02,INIT-BALANCE-2024,So du dau ky nam 2024
MOV-00114,2024-01-01 08:00:00,WH-HCM01,PROD-014,INBOUND_PO,IN,27,41.2,INIT-BALANCE-2024,So du dau ky nam 2024
MOV-00115,2024-01-01 08:00:00,WH-HCM01,PROD-015,INBOUND_PO,IN,32,127.1,INIT-BALANCE-2024,So du dau ky nam 2024
MOV-00116,2024-01-01 08:00:00,WH-HCM01,PROD-016,INBOUND_PO,IN,28,56.02,INIT-BALANCE-2024,So du dau ky nam 2024
MOV-00117,2024-01-01 08:00:00,WH-HCM01,PROD-017,INBOUND_PO,IN,39,74.18,INIT-BALANCE-2024,So du dau ky nam 2024
MOV-00118,2024-01-01 08:00:00,WH-HCM01,PROD-018,INBOUND_PO,IN,28,53.02,INIT-BALANCE-2024,So du dau ky nam 2024
MOV-00119,2024-01-01 08:00:00,WH-HCM01,PROD-019,INBOUND_PO,IN,45,145.49,INIT-BALANCE-2024,So du dau ky nam 2024
MOV-00120,2024-01-01 08:00:00,WH-HCM01,PROD-020,INBOUND_PO,IN,29,30.91,INIT-BALANCE-2024,So du dau ky nam 2024
MOV-00121,2024-01-01 08:00:00,WH-HCM01,PROD-021,INBOUND_PO,IN,40,130.48,INIT-BALANCE-2024,So du dau ky nam 2024
MOV-00122,2024-01-01 08:00:00,WH-HCM01,PROD-022,INBOUND_PO,IN,34,159.45,INIT-BALANCE-2024,So du dau ky nam 2024
MOV-00123,2024-01-01 08:00:00,WH-HCM01,PROD-023,INBOUND_PO,IN,41,114.8,INIT-BALANCE-2024,So du dau ky nam 2024
MOV-00124,2024-01-01 08:00:00,WH-HCM01,PROD-024,INBOUND_PO,IN,33,33.84,INIT-BALANCE-2024,So du dau ky nam 2024
MOV-00125,2024-01-01 08:00:00,WH-HCM01,PROD-025,INBOUND_PO,IN,38,142.37,INIT-BALANCE-2024,So du dau ky nam 2024
MOV-00126,2024-01-01 08:00:00,WH-HCM01,PROD-026,INBOUND_PO,IN,40,141.61,INIT-BALANCE-2024,So du dau ky nam 2024
MOV-00127,2024-01-01 08:00:00,WH-HCM01,PROD-027,INBOUND_PO,IN,40,40.94,INIT-BALANCE-2024,So du dau ky nam 2024
MOV-00128,2024-01-01 08:00:00,WH-HCM01,PROD-028,INBOUND_PO,IN,32,20.77,INIT-BALANCE-2024,So du dau ky nam 2024
MOV-00129,2024-01-01 08:00:00,WH-HCM01,PROD-029,INBOUND_PO,IN,39,142.68,INIT-BALANCE-2024,So du dau ky nam 2024
MOV-00130,2024-01-01 08:00:00,WH-HCM01,PROD-030,INBOUND_PO,IN,42,27.83,INIT-BALANCE-2024,So du dau ky nam 2024
MOV-00131,2024-01-01 08:00:00,WH-HCM01,PROD-031,INBOUND_PO,IN,29,152.45,INIT-BALANCE-2024,So du dau ky nam 2024
MOV-00132,2024-01-01 08:00:00,WH-HCM01,PROD-032,INBOUND_PO,IN,37,94.58,INIT-BALANCE-2024,So du dau ky nam 2024
MOV-00133,2024-01-01 08:00:00,WH-HCM01,PROD-033,INBOUND_PO,IN,31,159.31,INIT-BALANCE-2024,So du dau ky nam 2024
MOV-00134,2024-01-01 08:00:00,WH-HCM01,PROD-034,INBOUND_PO,IN,44,35.18,INIT-BALANCE-2024,So du dau ky nam 2024
MOV-00135,2024-01-01 08:00:00,WH-HCM01,PROD-035,INBOUND_PO,IN,41,50.68,INIT-BALANCE-2024,So du dau ky nam 2024
MOV-00136,2024-01-01 08:00:00,WH-HCM01,PROD-036,INBOUND_PO,IN,29,50.51,INIT-BALANCE-2024,So du dau ky nam 2024
MOV-00137,2024-01-01 08:00:00,WH-HCM01,PROD-037,INBOUND_PO,IN,27,57.54,INIT-BALANCE-2024,So du dau ky nam 2024
MOV-00138,2024-01-01 08:00:00,WH-HCM01,PROD-038,INBOUND_PO,IN,33,99.09,INIT-BALANCE-2024,So du dau ky nam 2024
MOV-00139,2024-01-01 08:00:00,WH-HCM01,PROD-039,INBOUND_PO,IN,38,31.39,INIT-BALANCE-2024,So du dau ky nam 2024
MOV-00140,2024-01-01 08:00:00,WH-HCM01,PROD-040,INBOUND_PO,IN,35,140.66,INIT-BALANCE-2024,So du dau ky nam 2024
MOV-00141,2024-01-01 08:00:00,WH-HCM01,PROD-041,INBOUND_PO,IN,41,66.18,INIT-BALANCE-2024,So du dau ky nam 2024
MOV-00142,2024-01-01 08:00:00,WH-HCM01,PROD-042,INBOUND_PO,IN,33,81.7,INIT-BALANCE-2024,So du dau ky nam 2024
MOV-00143,2024-01-01 08:00:00,WH-HCM01,PROD-043,INBOUND_PO,IN,25,149.1,INIT-BALANCE-2024,So du dau ky nam 2024
MOV-00144,2024-01-01 08:00:00,WH-HCM01,PROD-044,INBOUND_PO,IN,34,94.76,INIT-BALANCE-2024,So du dau ky nam 2024
MOV-00145,2024-01-01 08:00:00,WH-HCM01,PROD-045,INBOUND_PO,IN,34,51.57,INIT-BALANCE-2024,So du dau ky nam 2024
MOV-00146,2024-01-01 08:00:00,WH-HCM01,PROD-046,INBOUND_PO,IN,43,146.15,INIT-BALANCE-2024,So du dau ky nam 2024
MOV-00147,2024-01-01 08:00:00,WH-HCM01,PROD-047,INBOUND_PO,IN,43,129.34,INIT-BALANCE-2024,So du dau ky nam 2024
MOV-00148,2024-01-01 08:00:00,WH-HCM01,PROD-048,INBOUND_PO,IN,40,159.35,INIT-BALANCE-2024,So du dau ky nam 2024
MOV-00149,2024-01-01 08:00:00,WH-HCM01,PROD-049,INBOUND_PO,IN,29,48.91,INIT-BALANCE-2024,So du dau ky nam 2024
MOV-00150,2024-01-01 08:00:00,WH-HCM01,PROD-050,INBOUND_PO,IN,39,25.12,INIT-BALANCE-2024,So du dau ky nam 2024
MOV-00151,2024-01-02 14:30:00,WH-HCM01,PROD-049,OUTBOUND_SALE,OUT,11,48.91,SO-59441,Xuat ban hang khach le & doanh nghiep
MOV-00152,2024-01-02 20:30:00,WH-HN01,PROD-045,RETURN_CUSTOMER,IN,1,51.57,RMA-7274,CHUA_KIEM_DINH_PENDING_QA
MOV-00153,2024-01-03 00:30:00,WH-DN01,PROD-003,TRANSFER_OUT,OUT,9,22.23,TRF-8749,Dieu chuyen xuat sang WH-HCM01
MOV-00155,2024-01-03 06:30:00,WH-HCM01,PROD-010,SCRAP_DAMAGED,OUT,2,27.88,SCRAP-1606,Xuat huy hang can date/hong vo trong kho
MOV-00156,2024-01-03 10:30:00,WH-HCM01,PROD-022,OUTBOUND_SALE,OUT,4,159.45,SO-67711,Xuat ban hang khach le & doanh nghiep
MOV-00157,2024-01-03 13:30:00,WH-DN01,PROD-001,OUTBOUND_SALE,OUT,14,108.8,SO-28894,Xuat ban hang khach le & doanh nghiep
MOV-00158,2024-01-03 19:30:00,WH-HN01,PROD-005,TRANSFER_OUT,OUT,10,132.94,TRF-5342,Dieu chuyen xuat sang WH-HCM01
MOV-00160,2024-01-04 01:30:00,WH-DN01,PROD-044,OUTBOUND_SALE,OUT,11,94.76,SO-59808,Xuat ban hang khach le & doanh nghiep
MOV-00161,2024-01-04 06:30:00,WH-DN01,PROD-035,OUTBOUND_SALE,OUT,3,50.68,SO-90931,Xuat ban hang khach le & doanh nghiep
MOV-00162,2024-01-04 09:30:00,WH-HCM01,PROD-019,OUTBOUND_SALE,OUT,6,145.49,SO-21846,Xuat ban hang khach le & doanh nghiep
MOV-00154,2024-01-04 12:30:00,WH-HCM01,PROD-003,TRANSFER_IN,IN,9,22.23,TRF-8749,Dieu chuyen nhap tu WH-DN01
MOV-00163,2024-01-04 15:30:00,WH-HCM01,PROD-046,RETURN_VENDOR,OUT,1,146.15,RTV-8269,Tra hang loi cho nha cung cap
MOV-00164,2024-01-04 19:30:00,WH-HN01,PROD-003,INBOUND_PO,IN,40,22.23,PO-2024-008,Nhap hang theo don mua nha cung cap
MOV-00165,2024-01-05 00:30:00,WH-DN01,PROD-010,OUTBOUND_SALE,OUT,6,27.88,SO-79621,Xuat ban hang khach le & doanh nghiep
MOV-00166,2024-01-05 06:30:00,WH-HN01,PROD-011,OUTBOUND_SALE,OUT,5,141.04,SO-20350,Xuat ban hang khach le & doanh nghiep
MOV-00159,2024-01-05 07:30:00,WH-HCM01,PROD-005,TRANSFER_IN,IN,10,132.94,TRF-5342,Dieu chuyen nhap tu WH-HN01
MOV-00167,2024-01-05 12:30:00,WH-HN01,PROD-032,OUTBOUND_SALE,OUT,12,94.58,SO-28758,Xuat ban hang khach le & doanh nghiep
MOV-00168,2024-01-05 16:30:00,WH-DN01,PROD-030,OUTBOUND_SALE,OUT,7,27.83,SO-97404,Xuat ban hang khach le & doanh nghiep
MOV-00169,2024-01-05 19:30:00,WH-DN01,PROD-019,TRANSFER_OUT,OUT,4,145.49,TRF-8237,Dieu chuyen xuat sang WH-HN01
MOV-00171,2024-01-06 00:30:00,WH-DN01,PROD-045,OUTBOUND_SALE,OUT,7,51.57,SO-69878,Xuat ban hang khach le & doanh nghiep
MOV-00172,2024-01-06 05:30:00,WH-DN01,PROD-031,OUTBOUND_SALE,OUT,4,152.45,SO-41091,Xuat ban hang khach le & doanh nghiep
MOV-00173,2024-01-06 11:30:00,WH-HCM01,PROD-019,OUTBOUND_SALE,OUT,14,145.49,SO-48696,Xuat ban hang khach le & doanh nghiep
MOV-00174,2024-01-06 14:30:00,WH-HCM01,PROD-026,RETURN_VENDOR,OUT,2,141.61,RTV-1132,Tra hang loi cho nha cung cap
MOV-00175,2024-01-06 17:30:00,WH-HCM01,PROD-032,TRANSFER_OUT,OUT,10,94.58,TRF-4770,Dieu chuyen xuat sang WH-DN01
MOV-00177,2024-01-06 21:30:00,WH-HCM01,PROD-017,OUTBOUND_SALE,OUT,13,74.18,SO-96400,Xuat ban hang khach le & doanh nghiep
MOV-00178,2024-01-07 01:30:00,WH-HCM01,PROD-042,OUTBOUND_SALE,OUT,3,81.7,SO-50492,Xuat ban hang khach le & doanh nghiep
MOV-00170,2024-01-07 07:30:00,WH-HN01,PROD-019,TRANSFER_IN,IN,4,145.49,TRF-8237,Dieu chuyen nhap tu WH-DN01
MOV-00179,2024-02-15 08:00:00,WH-DN01,PROD-047,OUTBOUND_SALE,OUT,5,129.34,SO-21813,Xuat ban hang khach le & doanh nghiep
MOV-00180,2024-01-07 12:30:00,WH-DN01,PROD-012,OUTBOUND_SALE,OUT,6,41.1,SO-27322,Xuat ban hang khach le & doanh nghiep
MOV-00181,2024-01-07 17:30:00,WH-DN01,PROD-011,OUTBOUND_SALE,OUT,7,141.04,SO-73156,Xuat ban hang khach le & doanh nghiep
MOV-00182,2024-01-07 22:30:00,WH-DN01,PROD-008,INBOUND_PO,IN,49,83.24,PO-2024-010,Nhap hang theo don mua nha cung cap
MOV-00183,2024-01-08 02:30:00,WH-HN01,PROD-044,INBOUND_PO,IN,45,94.76,PO-2024-074,Nhap hang theo don mua nha cung cap
MOV-00176,2024-01-08 05:30:00,WH-DN01,PROD-032,TRANSFER_IN,IN,10,94.58,TRF-4770,Dieu chuyen nhap tu WH-HCM01
MOV-00184,2024-01-08 07:30:00,WH-DN01,PROD-001,OUTBOUND_SALE,OUT,7,108.8,SO-80329,Xuat ban hang khach le & doanh nghiep
MOV-00185,2024-01-08 10:30:00,WH-HCM01,PROD-048,OUTBOUND_SALE,OUT,13,159.35,SO-44362,Xuat ban hang khach le & doanh nghiep
MOV-00186,2024-01-08 16:30:00,WH-DN01,PROD-007,INBOUND_PO,IN,34,31.73,PO-2024-063,Nhap hang theo don mua nha cung cap
MOV-00187,2024-01-08 19:30:00,WH-HCM01,PROD-021,OUTBOUND_SALE,OUT,12,130.48,SO-39015,Xuat ban hang khach le & doanh nghiep
MOV-00188,2024-01-08 22:30:00,WH-DN01,PROD-045,OUTBOUND_SALE,OUT,7,51.57,SO-95097,Xuat ban hang khach le & doanh nghiep
MOV-00189,2024-01-09 04:30:00,WH-HN01,PROD-003,OUTBOUND_SALE,OUT,7,22.23,SO-74569,Xuat ban hang khach le & doanh nghiep
MOV-00190,2024-01-09 07:30:00,WH-HCM01,PROD-009,OUTBOUND_SALE,OUT,9,135.78,SO-69459,Xuat ban hang khach le & doanh nghiep
MOV-00191,2024-01-09 12:30:00,WH-HCM01,PROD-045,OUTBOUND_SALE,OUT,11,51.57,SO-64935,Xuat ban hang khach le & doanh nghiep
MOV-00192,2024-01-09 16:30:00,WH-HCM01,PROD-007,TRANSFER_OUT,OUT,8,31.73,TRF-7686,Dieu chuyen xuat sang WH-DN01
MOV-00194,2024-01-09 19:30:00,WH-HN01,PROD-029,INBOUND_PO,IN,48,142.68,PO-2024-031,Nhap hang theo don mua nha cung cap
MOV-00195,2024-01-10 00:30:00,WH-HCM01,PROD-024,OUTBOUND_SALE,OUT,11,33.84,SO-94518,Xuat ban hang khach le & doanh nghiep
MOV-00196,2024-01-10 05:30:00,WH-DN01,PROD-013,OUTBOUND_SALE,OUT,4,110.02,SO-69600,Xuat ban hang khach le & doanh nghiep
MOV-00197,2024-01-10 08:30:00,WH-HCM01,PROD-041,OUTBOUND_SALE,OUT,12,66.18,SO-12799,Xuat ban hang khach le & doanh nghiep
MOV-00198,2024-01-10 11:30:00,WH-HN01,PROD-009,INBOUND_PO,IN,56,135.78,PO-2024-027,Nhap hang theo don mua nha cung cap
MOV-00199,2024-01-10 14:30:00,WH-HCM01,PROD-014,INBOUND_PO,IN,57,41.2,PO-2024-028,Nhap hang theo don mua nha cung cap
MOV-00200,2024-01-10 18:30:00,WH-HN01,PROD-039,OUTBOUND_SALE,OUT,3,31.39,SO-46342,Xuat ban hang khach le & doanh nghiep
MOV-00201,2024-01-10 22:30:00,WH-HCM01,PROD-017,SCRAP_DAMAGED,OUT,1,74.18,SCRAP-2801,Xuat huy hang can date/hong vo trong kho
MOV-00202,2024-01-11 01:30:00,WH-DN01,PROD-016,OUTBOUND_SALE,OUT,12,56.02,SO-52437,Xuat ban hang khach le & doanh nghiep
MOV-00193,2024-01-11 04:30:00,WH-DN01,PROD-007,TRANSFER_IN,IN,8,31.73,TRF-7686,Dieu chuyen nhap tu WH-HCM01
MOV-00203,2024-01-11 04:30:00,WH-HN01,PROD-009,OUTBOUND_SALE,OUT,14,135.78,SO-65176,Xuat ban hang khach le & doanh nghiep
MOV-00204,2024-01-11 07:30:00,WH-DN01,PROD-029,INBOUND_PO,IN,43,142.68,PO-2024-068,Nhap hang theo don mua nha cung cap
MOV-00205,2024-01-11 10:30:00,WH-HN01,PROD-040,OUTBOUND_SALE,OUT,3,140.66,SO-96363,Xuat ban hang khach le & doanh nghiep
MOV-00206,2024-01-11 15:30:00,WH-HN01,PROD-004,OUTBOUND_SALE,OUT,10,110.28,SO-62640,Xuat ban hang khach le & doanh nghiep
MOV-00207,2024-01-11 21:30:00,WH-DN01,PROD-046,INBOUND_PO,IN,48,146.15,PO-2024-010,Nhap hang theo don mua nha cung cap
MOV-00208,2024-01-12 00:30:00,WH-HN01,PROD-005,OUTBOUND_SALE,OUT,5,132.94,SO-46046,Xuat ban hang khach le & doanh nghiep
MOV-00209,2024-01-12 05:30:00,WH-HCM01,PROD-034,OUTBOUND_SALE,OUT,7,35.18,SO-69469,Xuat ban hang khach le & doanh nghiep
MOV-00210,2024-01-12 11:30:00,WH-HCM01,PROD-008,OUTBOUND_SALE,OUT,13,83.24,SO-95316,Xuat ban hang khach le & doanh nghiep
MOV-00211,2024-01-12 15:30:00,WH-HN01,PROD-027,OUTBOUND_SALE,OUT,8,40.94,SO-69441,Xuat ban hang khach le & doanh nghiep
MOV-00212,2024-01-12 21:30:00,WH-HN01,PROD-021,OUTBOUND_SALE,OUT,9,130.48,SO-50963,Xuat ban hang khach le & doanh nghiep
MOV-00213,2024-01-13 02:30:00,WH-HN01,PROD-044,OUTBOUND_SALE,OUT,10,94.76,SO-18799,Xuat ban hang khach le & doanh nghiep
MOV-00214,2024-01-13 05:30:00,WH-HN01,PROD-028,INBOUND_PO,IN,26,20.77,PO-2024-049,Nhap hang theo don mua nha cung cap
MOV-00215,2024-01-13 09:30:00,WH-HCM01,PROD-036,OUTBOUND_SALE,OUT,11,50.51,SO-53207,Xuat ban hang khach le & doanh nghiep
MOV-00216,2024-01-13 12:30:00,WH-HCM01,PROD-049,OUTBOUND_SALE,OUT,9,48.91,SO-16743,Xuat ban hang khach le & doanh nghiep
MOV-00217,2024-01-13 17:30:00,WH-DN01,PROD-007,OUTBOUND_SALE,OUT,12,31.73,SO-76507,Xuat ban hang khach le & doanh nghiep
MOV-00218,2024-01-13 21:30:00,WH-DN01,PROD-015,OUTBOUND_SALE,OUT,4,127.1,SO-55890,Xuat ban hang khach le & doanh nghiep
MOV-00219,2024-01-14 02:30:00,WH-DN01,PROD-037,OUTBOUND_SALE,OUT,6,57.54,SO-66244,Xuat ban hang khach le & doanh nghiep
MOV-00220,2024-01-14 05:30:00,WH-HCM01,PROD-045,OUTBOUND_SALE,OUT,7,51.57,SO-13794,Xuat ban hang khach le & doanh nghiep
MOV-00221,2024-01-14 09:30:00,WH-DN01,PROD-022,OUTBOUND_SALE,OUT,8,159.45,SO-10800,Xuat ban hang khach le & doanh nghiep
MOV-00222,2024-01-14 13:30:00,WH-HCM01,PROD-043,TRANSFER_OUT,OUT,4,149.1,TRF-3324,Dieu chuyen xuat sang WH-DN01
MOV-00224,2024-01-14 16:30:00,WH-HN01,PROD-025,INBOUND_PO,IN,46,142.37,PO-2024-061,Nhap hang theo don mua nha cung cap
MOV-00225,2024-01-14 21:30:00,WH-DN01,PROD-047,OUTBOUND_SALE,OUT,8,129.34,SO-84395,Xuat ban hang khach le & doanh nghiep
MOV-00226,2024-01-15 00:30:00,WH-HN01,PROD-011,TRANSFER_OUT,OUT,9,141.04,TRF-2336,Dieu chuyen xuat sang WH-DN01
MOV-00228,2024-01-15 06:30:00,WH-DN01,PROD-039,OUTBOUND_SALE,OUT,10,31.39,SO-64287,Xuat ban hang khach le & doanh nghiep
MOV-00229,2024-01-15 11:30:00,WH-HCM01,PROD-008,OUTBOUND_SALE,OUT,8,83.24,SO-66349,Xuat ban hang khach le & doanh nghiep
MOV-00223,2024-01-15 13:30:00,WH-DN01,PROD-043,TRANSFER_IN,IN,4,149.1,TRF-3324,Dieu chuyen nhap tu WH-HCM01
MOV-00230,2024-01-15 14:30:00,WH-HCM01,PROD-038,OUTBOUND_SALE,OUT,10,99.09,SO-79066,Xuat ban hang khach le & doanh nghiep
MOV-00231,2024-01-15 19:30:00,WH-DN01,PROD-039,OUTBOUND_SALE,OUT,3,31.39,SO-11007,Xuat ban hang khach le & doanh nghiep
MOV-00232,2024-01-15 23:30:00,WH-HN01,PROD-050,OUTBOUND_SALE,OUT,5,25.12,SO-43491,Xuat ban hang khach le & doanh nghiep
MOV-00233,2024-01-16 04:30:00,WH-HN01,PROD-032,OUTBOUND_SALE,OUT,14,94.58,SO-66446,Xuat ban hang khach le & doanh nghiep
MOV-00234,2024-01-16 08:30:00,WH-HCM01,PROD-046,OUTBOUND_SALE,OUT,6,146.15,SO-75570,Xuat ban hang khach le & doanh nghiep
MOV-00227,2024-01-16 12:30:00,WH-DN01,PROD-011,TRANSFER_IN,IN,9,141.04,TRF-2336,Dieu chuyen nhap tu WH-HN01
MOV-00235,2024-01-16 13:30:00,WH-HCM01,PROD-003,OUTBOUND_SALE,OUT,9,22.23,SO-12456,Xuat ban hang khach le & doanh nghiep
MOV-00236,2024-01-16 19:30:00,WH-DN01,PROD-037,TRANSFER_OUT,OUT,8,57.54,TRF-7626,Dieu chuyen xuat sang WH-HCM01
MOV-00238,2024-01-17 00:30:00,WH-HN01,PROD-021,OUTBOUND_SALE,OUT,5,130.48,SO-91018,Xuat ban hang khach le & doanh nghiep
MOV-00239,2024-01-17 06:30:00,WH-DN01,PROD-006,INBOUND_PO,IN,47,57.46,PO-2024-014,Nhap hang theo don mua nha cung cap
MOV-00240,2024-01-17 10:30:00,WH-DN01,PROD-034,OUTBOUND_SALE,OUT,4,35.18,SO-61873,Xuat ban hang khach le & doanh nghiep
MOV-00241,2024-01-17 15:30:00,WH-HN01,PROD-022,INBOUND_PO,IN,30,159.45,PO-2024-010,Nhap hang theo don mua nha cung cap
MOV-00242,2024-01-17 18:30:00,WH-HN01,PROD-050,OUTBOUND_SALE,OUT,8,25.12,SO-56019,Xuat ban hang khach le & doanh nghiep
MOV-00243,2024-01-17 22:30:00,WH-HN01,PROD-017,OUTBOUND_SALE,OUT,6,74.18,SO-32740,Xuat ban hang khach le & doanh nghiep
MOV-00244,2024-01-18 02:30:00,WH-HCM01,PROD-005,INBOUND_PO,IN,31,132.94,PO-2024-085,Nhap hang theo don mua nha cung cap
MOV-00237,2024-01-18 07:30:00,WH-HCM01,PROD-037,TRANSFER_IN,IN,8,57.54,TRF-7626,Dieu chuyen nhap tu WH-DN01
MOV-00245,2024-01-18 08:30:00,WH-HCM01,PROD-049,OUTBOUND_SALE,OUT,9,48.91,SO-68838,Xuat ban hang khach le & doanh nghiep
MOV-00246,2024-01-18 13:30:00,WH-HCM01,PROD-021,TRANSFER_OUT,OUT,7,130.48,TRF-2118,Dieu chuyen xuat sang WH-HN01
MOV-00248,2024-01-18 19:30:00,WH-DN01,PROD-038,OUTBOUND_SALE,OUT,3,99.09,SO-56129,Xuat ban hang khach le & doanh nghiep
MOV-00249,2024-01-18 22:30:00,WH-DN01,PROD-003,OUTBOUND_SALE,OUT,3,22.23,SO-58331,Xuat ban hang khach le & doanh nghiep
MOV-00250,2024-01-19 03:30:00,WH-HN01,PROD-040,OUTBOUND_SALE,OUT,12,140.66,SO-76462,Xuat ban hang khach le & doanh nghiep
MOV-00251,2024-01-19 09:30:00,WH-HCM01,PROD-048,OUTBOUND_SALE,OUT,3,159.35,SO-68947,Xuat ban hang khach le & doanh nghiep
MOV-00252,2024-01-19 13:30:00,WH-DN01,PROD-033,OUTBOUND_SALE,OUT,5,159.31,SO-18109,Xuat ban hang khach le & doanh nghiep
MOV-00253,2024-01-19 19:30:00,WH-DN01,PROD-046,OUTBOUND_SALE,OUT,4,146.15,SO-76132,Xuat ban hang khach le & doanh nghiep
MOV-00254,2024-01-19 23:30:00,WH-HCM01,PROD-029,OUTBOUND_SALE,OUT,10,142.68,SO-78690,Xuat ban hang khach le & doanh nghiep
MOV-00247,2024-01-20 01:30:00,WH-HN01,PROD-021,TRANSFER_IN,IN,7,130.48,TRF-2118,Dieu chuyen nhap tu WH-HCM01
MOV-00255,2024-01-20 03:30:00,WH-DN01,PROD-025,OUTBOUND_SALE,OUT,9,142.37,SO-54350,Xuat ban hang khach le & doanh nghiep
MOV-00256,2024-01-20 06:30:00,WH-HCM01,PROD-022,INBOUND_PO,IN,24,159.45,PO-2024-044,Nhap hang theo don mua nha cung cap
MOV-00257,2024-01-20 09:30:00,WH-DN01,PROD-019,OUTBOUND_SALE,OUT,7,145.49,SO-96057,Xuat ban hang khach le & doanh nghiep
MOV-00258,2024-01-20 13:30:00,WH-HCM01,PROD-043,OUTBOUND_SALE,OUT,5,149.1,SO-55851,Xuat ban hang khach le & doanh nghiep
MOV-00259,2024-01-20 18:30:00,WH-HCM01,PROD-043,RETURN_VENDOR,OUT,2,149.1,RTV-3112,Tra hang loi cho nha cung cap
MOV-00260,2024-01-20 21:30:00,WH-DN01,PROD-042,OUTBOUND_SALE,OUT,8,81.7,SO-26750,Xuat ban hang khach le & doanh nghiep
MOV-00261,2024-01-21 00:30:00,WH-DN01,PROD-033,OUTBOUND_SALE,OUT,8,159.31,SO-12389,Xuat ban hang khach le & doanh nghiep
MOV-00262,2024-01-21 05:30:00,WH-HN01,PROD-022,OUTBOUND_SALE,OUT,10,159.45,SO-35166,Xuat ban hang khach le & doanh nghiep
MOV-00263,2024-01-21 09:30:00,WH-HN01,PROD-005,SCRAP_DAMAGED,OUT,2,132.94,SCRAP-2657,Xuat huy hang can date/hong vo trong kho
MOV-00264,2024-01-21 12:30:00,WH-HCM01,PROD-009,OUTBOUND_SALE,OUT,12,135.78,SO-59377,Xuat ban hang khach le & doanh nghiep
MOV-00265,2024-01-21 16:30:00,WH-HCM01,PROD-050,OUTBOUND_SALE,OUT,12,25.12,SO-31697,Xuat ban hang khach le & doanh nghiep
MOV-00266,2024-01-21 22:30:00,WH-DN01,PROD-044,OUTBOUND_SALE,OUT,14,94.76,SO-41133,Xuat ban hang khach le & doanh nghiep
MOV-00267,2024-01-22 04:30:00,WH-HCM01,PROD-029,OUTBOUND_SALE,OUT,6,142.68,SO-79993,Xuat ban hang khach le & doanh nghiep
MOV-00268,2024-01-22 08:30:00,WH-DN01,PROD-013,OUTBOUND_SALE,OUT,8,110.02,SO-98907,Xuat ban hang khach le & doanh nghiep
MOV-00269,2024-01-22 14:30:00,WH-DN01,PROD-050,OUTBOUND_SALE,OUT,9,25.12,SO-75916,Xuat ban hang khach le & doanh nghiep
MOV-00270,2024-01-22 20:30:00,WH-HN01,PROD-039,RETURN_VENDOR,OUT,1,31.39,RTV-5096,Tra hang loi cho nha cung cap
MOV-00271,2024-01-22 23:30:00,WH-DN01,PROD-036,OUTBOUND_SALE,OUT,4,50.51,SO-77621,Xuat ban hang khach le & doanh nghiep
MOV-00272,2024-01-23 02:30:00,WH-HN01,PROD-018,OUTBOUND_SALE,OUT,10,53.02,SO-77286,Xuat ban hang khach le & doanh nghiep
MOV-00273,2024-01-23 06:30:00,WH-HN01,PROD-015,INBOUND_PO,IN,48,127.1,PO-2024-046,Nhap hang theo don mua nha cung cap
MOV-00274,2024-01-23 09:30:00,WH-DN01,PROD-033,OUTBOUND_SALE,OUT,8,159.31,SO-40903,Xuat ban hang khach le & doanh nghiep
MOV-00275,2024-01-23 15:30:00,WH-DN01,PROD-015,SCRAP_DAMAGED,OUT,1,127.1,SCRAP-6221,Xuat huy hang can date/hong vo trong kho
MOV-00276,2024-01-23 18:30:00,WH-HCM01,PROD-022,INBOUND_PO,IN,29,159.45,PO-2024-018,Nhap hang theo don mua nha cung cap
MOV-00277,2024-01-23 21:30:00,WH-DN01,PROD-045,OUTBOUND_SALE,OUT,5,51.57,SO-71487,Xuat ban hang khach le & doanh nghiep
MOV-00278,2024-01-24 03:30:00,WH-HN01,PROD-002,OUTBOUND_SALE,OUT,7,122.58,SO-38266,Xuat ban hang khach le & doanh nghiep
MOV-00279,2024-01-24 07:30:00,WH-HCM01,PROD-039,OUTBOUND_SALE,OUT,11,31.39,SO-65476,Xuat ban hang khach le & doanh nghiep
MOV-00280,2024-01-24 10:30:00,WH-HN01,PROD-020,INBOUND_PO,IN,27,30.91,PO-2024-007,Nhap hang theo don mua nha cung cap
MOV-00281,2024-01-24 14:30:00,WH-HCM01,PROD-030,OUTBOUND_SALE,OUT,4,27.83,SO-24530,Xuat ban hang khach le & doanh nghiep
MOV-00282,2024-01-24 20:30:00,WH-HN01,PROD-041,OUTBOUND_SALE,OUT,11,66.18,SO-85372,Xuat ban hang khach le & doanh nghiep
MOV-00283,2024-01-25 00:30:00,WH-DN01,PROD-028,INBOUND_PO,IN,20,20.77,PO-2024-083,Nhap hang theo don mua nha cung cap
MOV-00284,2024-01-25 05:30:00,WH-DN01,PROD-012,OUTBOUND_SALE,OUT,13,41.1,SO-97584,Xuat ban hang khach le & doanh nghiep
MOV-00285,2024-01-25 08:30:00,WH-DN01,PROD-005,OUTBOUND_SALE,OUT,11,132.94,SO-81313,Xuat ban hang khach le & doanh nghiep
MOV-00286,2024-01-25 11:30:00,WH-DN01,PROD-003,OUTBOUND_SALE,OUT,13,22.23,SO-60709,Xuat ban hang khach le & doanh nghiep
MOV-00287,2024-01-25 16:30:00,WH-HN01,PROD-023,OUTBOUND_SALE,OUT,4,114.8,SO-55193,Xuat ban hang khach le & doanh nghiep
MOV-00288,2024-01-25 20:30:00,WH-HCM01,PROD-007,INBOUND_PO,IN,57,31.73,PO-2024-044,Nhap hang theo don mua nha cung cap
MOV-00289,2024-01-26 00:30:00,WH-HCM01,PROD-022,OUTBOUND_SALE,OUT,13,159.45,SO-32949,Xuat ban hang khach le & doanh nghiep
MOV-00290,2024-01-26 06:30:00,WH-DN01,PROD-041,SCRAP_DAMAGED,OUT,1,66.18,SCRAP-3209,Xuat huy hang can date/hong vo trong kho
MOV-00291,2024-01-26 09:30:00,WH-DN01,PROD-003,INBOUND_PO,IN,38,22.23,PO-2024-026,Nhap hang theo don mua nha cung cap
MOV-00292,2024-01-26 12:30:00,WH-HN01,PROD-021,INBOUND_PO,IN,39,130.48,PO-2024-068,Nhap hang theo don mua nha cung cap
MOV-00293,2024-01-26 18:30:00,WH-HCM01,PROD-031,SCRAP_DAMAGED,OUT,2,152.45,SCRAP-1599,Xuat huy hang can date/hong vo trong kho
MOV-00294,2024-01-26 22:30:00,WH-HN01,PROD-042,OUTBOUND_SALE,OUT,8,81.7,SO-45811,Xuat ban hang khach le & doanh nghiep
MOV-00295,2024-01-27 01:30:00,WH-DN01,PROD-026,INBOUND_PO,IN,48,141.61,PO-2024-051,Nhap hang theo don mua nha cung cap
MOV-00296,2024-01-27 06:30:00,WH-DN01,PROD-045,RETURN_VENDOR,OUT,2,51.57,RTV-7018,Tra hang loi cho nha cung cap
MOV-00297,2024-01-27 11:30:00,WH-HCM01,PROD-028,INBOUND_PO,IN,25,20.77,PO-2024-057,Nhap hang theo don mua nha cung cap
MOV-00298,2024-01-27 15:30:00,WH-DN01,PROD-007,OUTBOUND_SALE,OUT,4,31.73,SO-52981,Xuat ban hang khach le & doanh nghiep
MOV-00299,2024-01-27 20:30:00,WH-HCM01,PROD-046,OUTBOUND_SALE,OUT,9,146.15,SO-31842,Xuat ban hang khach le & doanh nghiep
MOV-00300,2024-01-28 02:30:00,WH-HN01,PROD-047,OUTBOUND_SALE,OUT,8,129.34,SO-90589,Xuat ban hang khach le & doanh nghiep
MOV-00301,2024-01-28 08:30:00,WH-HN01,PROD-005,OUTBOUND_SALE,OUT,13,132.94,SO-93560,Xuat ban hang khach le & doanh nghiep
MOV-00302,2024-01-28 14:30:00,WH-HCM01,PROD-044,OUTBOUND_SALE,OUT,5,94.76,SO-14081,Xuat ban hang khach le & doanh nghiep
MOV-00303,2024-01-28 18:30:00,WH-HCM01,PROD-029,INBOUND_PO,IN,22,142.68,PO-2024-017,Nhap hang theo don mua nha cung cap
MOV-00304,2024-01-28 21:30:00,WH-HCM01,PROD-024,OUTBOUND_SALE,OUT,8,33.84,SO-60181,Xuat ban hang khach le & doanh nghiep
MOV-00305,2024-01-29 00:30:00,WH-HCM01,PROD-029,OUTBOUND_SALE,OUT,8,142.68,SO-58760,Xuat ban hang khach le & doanh nghiep
MOV-00306,2024-01-29 06:30:00,WH-HCM01,PROD-009,INBOUND_PO,IN,53,135.78,PO-2024-048,Nhap hang theo don mua nha cung cap
MOV-00307,2024-01-29 12:30:00,WH-DN01,PROD-016,OUTBOUND_SALE,OUT,4,56.02,SO-13396,Xuat ban hang khach le & doanh nghiep
MOV-00308,2024-01-29 16:30:00,WH-DN01,PROD-036,OUTBOUND_SALE,OUT,4,50.51,SO-44311,Xuat ban hang khach le & doanh nghiep
MOV-00309,2024-01-29 21:30:00,WH-HN01,PROD-040,INBOUND_PO,IN,38,140.66,PO-2024-065,Nhap hang theo don mua nha cung cap
MOV-00310,2024-01-30 01:30:00,WH-HN01,PROD-029,OUTBOUND_SALE,OUT,5,142.68,SO-68341,Xuat ban hang khach le & doanh nghiep
MOV-00311,2024-01-30 04:30:00,WH-DN01,PROD-043,INBOUND_PO,IN,42,149.1,PO-2024-009,Nhap hang theo don mua nha cung cap
MOV-00312,2024-01-30 09:30:00,WH-HN01,PROD-046,TRANSFER_OUT,OUT,10,146.15,TRF-6922,Dieu chuyen xuat sang WH-DN01
MOV-00314,2024-01-30 12:30:00,WH-HN01,PROD-016,SCRAP_DAMAGED,OUT,2,56.02,SCRAP-1430,Xuat huy hang can date/hong vo trong kho
MOV-00315,2024-01-30 17:30:00,WH-DN01,PROD-030,OUTBOUND_SALE,OUT,11,27.83,SO-27009,Xuat ban hang khach le & doanh nghiep
MOV-00316,2024-01-30 20:30:00,WH-DN01,PROD-046,OUTBOUND_SALE,OUT,14,146.15,SO-72739,Xuat ban hang khach le & doanh nghiep
MOV-00317,2024-01-31 02:30:00,WH-HCM01,PROD-005,INBOUND_PO,IN,28,132.94,PO-2024-042,Nhap hang theo don mua nha cung cap
MOV-00318,2024-01-31 05:30:00,WH-HCM01,PROD-034,OUTBOUND_SALE,OUT,8,35.18,SO-26821,Xuat ban hang khach le & doanh nghiep
MOV-00313,2024-01-31 09:30:00,WH-DN01,PROD-046,TRANSFER_IN,IN,10,146.15,TRF-6922,Dieu chuyen nhap tu WH-HN01
MOV-00319,2024-01-31 09:30:00,WH-HN01,PROD-028,INBOUND_PO,IN,52,20.77,PO-2024-008,Nhap hang theo don mua nha cung cap
MOV-00320,2024-01-31 12:30:00,WH-DN01,PROD-011,OUTBOUND_SALE,OUT,5,141.04,SO-52291,Xuat ban hang khach le & doanh nghiep
MOV-00321,2024-01-31 16:30:00,WH-HCM01,PROD-019,OUTBOUND_SALE,OUT,4,145.49,SO-42847,Xuat ban hang khach le & doanh nghiep
MOV-00322,2024-01-31 20:30:00,WH-HCM01,PROD-018,OUTBOUND_SALE,OUT,5,53.02,SO-91922,Xuat ban hang khach le & doanh nghiep
MOV-00323,2024-02-01 01:30:00,WH-HN01,PROD-033,OUTBOUND_SALE,OUT,13,159.31,SO-32103,Xuat ban hang khach le & doanh nghiep
MOV-00324,2024-02-01 05:30:00,WH-HCM01,PROD-047,OUTBOUND_SALE,OUT,12,129.34,SO-54252,Xuat ban hang khach le & doanh nghiep
MOV-00325,2024-02-01 08:30:00,WH-HN01,PROD-006,INBOUND_PO,IN,22,57.46,PO-2024-087,Nhap hang theo don mua nha cung cap
MOV-00326,2024-02-01 13:30:00,WH-HCM01,PROD-027,OUTBOUND_SALE,OUT,12,40.94,SO-93753,Xuat ban hang khach le & doanh nghiep
MOV-00327,2024-02-01 16:30:00,WH-HCM01,PROD-035,OUTBOUND_SALE,OUT,7,50.68,SO-94136,Xuat ban hang khach le & doanh nghiep
MOV-00328,2024-02-01 21:30:00,WH-HCM01,PROD-026,OUTBOUND_SALE,OUT,7,141.61,SO-69446,Xuat ban hang khach le & doanh nghiep
MOV-00329,2024-02-02 00:30:00,WH-HN01,PROD-029,INBOUND_PO,IN,46,142.68,PO-2024-064,Nhap hang theo don mua nha cung cap
MOV-00330,2024-02-02 06:30:00,WH-HCM01,PROD-010,OUTBOUND_SALE,OUT,8,27.88,SO-51853,Xuat ban hang khach le & doanh nghiep
MOV-00331,2024-02-02 11:30:00,WH-HN01,PROD-049,RETURN_VENDOR,OUT,2,48.91,RTV-9437,Tra hang loi cho nha cung cap
MOV-00332,2024-02-02 14:30:00,WH-DN01,PROD-008,OUTBOUND_SALE,OUT,7,83.24,SO-68929,Xuat ban hang khach le & doanh nghiep
MOV-00333,2024-02-02 18:30:00,WH-HN01,PROD-019,OUTBOUND_SALE,OUT,9,145.49,SO-90658,Xuat ban hang khach le & doanh nghiep
MOV-00334,2024-02-03 00:30:00,WH-HN01,PROD-021,OUTBOUND_SALE,OUT,12,130.48,SO-50988,Xuat ban hang khach le & doanh nghiep
MOV-00335,2024-02-03 04:30:00,WH-DN01,PROD-033,INBOUND_PO,IN,49,159.31,PO-2024-066,Nhap hang theo don mua nha cung cap
MOV-00336,2024-02-03 09:30:00,WH-HN01,PROD-026,OUTBOUND_SALE,OUT,11,141.61,SO-69930,Xuat ban hang khach le & doanh nghiep
MOV-00337,2024-02-03 13:30:00,WH-DN01,PROD-004,OUTBOUND_SALE,OUT,3,110.28,SO-46877,Xuat ban hang khach le & doanh nghiep
MOV-00338,2024-02-03 19:30:00,WH-HCM01,PROD-044,OUTBOUND_SALE,OUT,10,94.76,SO-47453,Xuat ban hang khach le & doanh nghiep
MOV-00339,2024-02-03 22:30:00,WH-DN01,PROD-009,INBOUND_PO,IN,36,135.78,PO-2024-048,Nhap hang theo don mua nha cung cap
MOV-00340,2024-02-04 04:30:00,WH-DN01,PROD-004,OUTBOUND_SALE,OUT,12,110.28,SO-83638,Xuat ban hang khach le & doanh nghiep
MOV-00341,2024-02-04 08:30:00,WH-DN01,PROD-005,OUTBOUND_SALE,OUT,9,132.94,SO-76093,Xuat ban hang khach le & doanh nghiep
MOV-00342,2024-02-04 14:30:00,WH-DN01,PROD-040,INBOUND_PO,IN,59,140.66,PO-2024-016,Nhap hang theo don mua nha cung cap
MOV-00343,2024-02-04 18:30:00,WH-DN01,PROD-024,RETURN_VENDOR,OUT,2,33.84,RTV-6990,Tra hang loi cho nha cung cap
MOV-00344,2024-02-04 22:30:00,WH-HCM01,PROD-026,OUTBOUND_SALE,OUT,11,141.61,SO-15276,Xuat ban hang khach le & doanh nghiep
MOV-00345,2024-02-05 01:30:00,WH-HCM01,PROD-022,OUTBOUND_SALE,OUT,10,159.45,SO-78069,Xuat ban hang khach le & doanh nghiep
MOV-00346,2024-02-05 07:30:00,WH-HCM01,PROD-009,OUTBOUND_SALE,OUT,8,135.78,SO-90356,Xuat ban hang khach le & doanh nghiep
MOV-00347,2024-02-05 12:30:00,WH-HCM01,PROD-048,OUTBOUND_SALE,OUT,7,159.35,SO-87820,Xuat ban hang khach le & doanh nghiep
MOV-00348,2024-02-05 17:30:00,WH-HCM01,PROD-035,OUTBOUND_SALE,OUT,10,50.68,SO-83783,Xuat ban hang khach le & doanh nghiep
MOV-00349,2024-02-05 22:30:00,WH-HN01,PROD-024,OUTBOUND_SALE,OUT,8,33.84,SO-98317,Xuat ban hang khach le & doanh nghiep
MOV-00350,2024-02-06 01:30:00,WH-HCM01,PROD-020,RETURN_VENDOR,OUT,3,30.91,RTV-1436,Tra hang loi cho nha cung cap
MOV-00351,2024-02-06 07:30:00,WH-HCM01,PROD-050,OUTBOUND_SALE,OUT,12,25.12,SO-85711,Xuat ban hang khach le & doanh nghiep
MOV-00352,2024-02-06 11:30:00,WH-HCM01,PROD-031,INBOUND_PO,IN,30,152.45,PO-2024-070,Nhap hang theo don mua nha cung cap
MOV-00353,2024-02-06 17:30:00,WH-HCM01,PROD-016,OUTBOUND_SALE,OUT,3,56.02,SO-85047,Xuat ban hang khach le & doanh nghiep
MOV-00354,2024-02-06 20:30:00,WH-DN01,PROD-021,OUTBOUND_SALE,OUT,9,130.48,SO-29848,Xuat ban hang khach le & doanh nghiep
MOV-00355,2024-02-07 02:30:00,WH-DN01,PROD-033,INBOUND_PO,IN,59,159.31,PO-2024-063,Nhap hang theo don mua nha cung cap
MOV-00356,2024-02-07 05:30:00,WH-HCM01,PROD-014,INBOUND_PO,IN,55,41.2,PO-2024-043,Nhap hang theo don mua nha cung cap
MOV-00357,2024-02-07 11:30:00,WH-DN01,PROD-012,OUTBOUND_SALE,OUT,10,41.1,SO-79878,Xuat ban hang khach le & doanh nghiep
MOV-00358,2024-02-07 16:30:00,WH-HCM01,PROD-050,OUTBOUND_SALE,OUT,14,25.12,SO-99226,Xuat ban hang khach le & doanh nghiep
MOV-00359,2024-02-07 21:30:00,WH-HN01,PROD-016,OUTBOUND_SALE,OUT,7,56.02,SO-83149,Xuat ban hang khach le & doanh nghiep
MOV-00360,2024-02-08 02:30:00,WH-DN01,PROD-050,OUTBOUND_SALE,OUT,7,25.12,SO-37168,Xuat ban hang khach le & doanh nghiep
MOV-00361,2024-02-08 08:30:00,WH-DN01,PROD-036,OUTBOUND_SALE,OUT,14,50.51,SO-45842,Xuat ban hang khach le & doanh nghiep
MOV-00362,2024-02-08 13:30:00,WH-HCM01,PROD-035,OUTBOUND_SALE,OUT,9,50.68,SO-61712,Xuat ban hang khach le & doanh nghiep
MOV-00363,2024-02-08 18:30:00,WH-HN01,PROD-019,RETURN_CUSTOMER,IN,1,145.49,RMA-5712,Khach tra hang da kiem tra dat tieu chuan
MOV-00364,2024-02-08 21:30:00,WH-DN01,PROD-042,OUTBOUND_SALE,OUT,7,81.7,SO-72793,Xuat ban hang khach le & doanh nghiep
MOV-00365,2024-02-09 01:30:00,WH-HCM01,PROD-018,OUTBOUND_SALE,OUT,11,53.02,SO-45601,Xuat ban hang khach le & doanh nghiep
MOV-00366,2024-02-09 05:30:00,WH-HCM01,PROD-038,OUTBOUND_SALE,OUT,6,99.09,SO-41779,Xuat ban hang khach le & doanh nghiep
MOV-00367,2024-02-09 08:30:00,WH-HCM01,PROD-015,OUTBOUND_SALE,OUT,13,127.1,SO-40518,Xuat ban hang khach le & doanh nghiep
MOV-00368,2024-02-09 11:30:00,WH-DN01,PROD-046,OUTBOUND_SALE,OUT,10,146.15,SO-23178,Xuat ban hang khach le & doanh nghiep
MOV-00369,2024-02-09 15:30:00,WH-HCM01,PROD-011,OUTBOUND_SALE,OUT,9,141.04,SO-95575,Xuat ban hang khach le & doanh nghiep
MOV-00370,2024-02-09 21:30:00,WH-HN01,PROD-049,OUTBOUND_SALE,OUT,7,48.91,SO-52096,Xuat ban hang khach le & doanh nghiep
MOV-00371,2024-02-10 02:30:00,WH-HN01,PROD-042,OUTBOUND_SALE,OUT,12,81.7,SO-40437,Xuat ban hang khach le & doanh nghiep
MOV-00372,2024-02-10 05:30:00,WH-HN01,PROD-027,TRANSFER_OUT,OUT,4,40.94,TRF-7504,Dieu chuyen xuat sang WH-DN01
MOV-00374,2024-02-10 09:30:00,WH-DN01,PROD-003,RETURN_CUSTOMER,IN,1,22.23,RMA-5888,Khach tra hang da kiem tra dat tieu chuan
MOV-00375,2024-02-10 12:30:00,WH-DN01,PROD-019,TRANSFER_OUT,OUT,9,145.49,TRF-9901,Dieu chuyen xuat sang WH-HCM01
MOV-00377,2024-02-10 16:30:00,WH-DN01,PROD-018,TRANSFER_OUT,OUT,10,53.02,TRF-2845,Dieu chuyen xuat sang WH-HN01
MOV-00379,2024-02-10 20:30:00,WH-HCM01,PROD-017,INBOUND_PO,IN,31,74.18,PO-2024-002,Nhap hang theo don mua nha cung cap
MOV-00380,2024-02-11 01:30:00,WH-HCM01,PROD-044,INBOUND_PO,IN,32,94.76,PO-2024-023,Nhap hang theo don mua nha cung cap
MOV-00381,2024-02-11 07:30:00,WH-HCM01,PROD-021,INBOUND_PO,IN,25,130.48,PO-2024-053,Nhap hang theo don mua nha cung cap
MOV-00382,2024-02-11 10:30:00,WH-HN01,PROD-031,OUTBOUND_SALE,OUT,8,152.45,SO-42512,Xuat ban hang khach le & doanh nghiep
MOV-00383,2024-02-11 13:30:00,WH-HN01,PROD-029,OUTBOUND_SALE,OUT,7,142.68,SO-53204,Xuat ban hang khach le & doanh nghiep
MOV-00373,2024-02-11 17:30:00,WH-DN01,PROD-027,TRANSFER_IN,IN,4,40.94,TRF-7504,Dieu chuyen nhap tu WH-HN01
MOV-00384,2024-02-11 18:30:00,WH-HCM01,PROD-001,OUTBOUND_SALE,OUT,7,108.8,SO-95679,Xuat ban hang khach le & doanh nghiep
MOV-00385,2024-02-11 23:30:00,WH-HN01,PROD-043,INBOUND_PO,IN,27,149.1,PO-2024-062,Nhap hang theo don mua nha cung cap
MOV-00376,2024-02-12 00:30:00,WH-HCM01,PROD-019,TRANSFER_IN,IN,9,145.49,TRF-9901,Dieu chuyen nhap tu WH-DN01
MOV-00378,2024-02-12 04:30:00,WH-HN01,PROD-018,TRANSFER_IN,IN,10,53.02,TRF-2845,Dieu chuyen nhap tu WH-DN01
MOV-00386,2024-02-12 04:30:00,WH-HCM01,PROD-033,OUTBOUND_SALE,OUT,14,159.31,SO-50760,Xuat ban hang khach le & doanh nghiep
MOV-00387,2024-02-12 07:30:00,WH-DN01,PROD-024,OUTBOUND_SALE,OUT,12,33.84,SO-38947,Xuat ban hang khach le & doanh nghiep
MOV-00388,2024-02-12 11:30:00,WH-DN01,PROD-010,RETURN_CUSTOMER,IN,2,27.88,RMA-7121,Khach tra hang da kiem tra dat tieu chuan
MOV-00389,2024-02-12 17:30:00,WH-DN01,PROD-049,INBOUND_PO,IN,54,48.91,PO-2024-028,Nhap hang theo don mua nha cung cap
MOV-00390,2024-02-12 21:30:00,WH-HCM01,PROD-006,INBOUND_PO,IN,53,57.46,PO-2024-059,Nhap hang theo don mua nha cung cap
MOV-00391,2024-02-13 02:30:00,WH-HCM01,PROD-008,OUTBOUND_SALE,OUT,3,83.24,SO-81781,Xuat ban hang khach le & doanh nghiep
MOV-00392,2024-02-13 06:30:00,WH-HN01,PROD-011,OUTBOUND_SALE,OUT,8,141.04,SO-78202,Xuat ban hang khach le & doanh nghiep
MOV-00393,2024-02-13 12:30:00,WH-HN01,PROD-046,OUTBOUND_SALE,OUT,12,146.15,SO-74071,Xuat ban hang khach le & doanh nghiep
MOV-00394,2024-02-13 15:30:00,WH-DN01,PROD-004,TRANSFER_OUT,OUT,5,110.28,TRF-9409,Dieu chuyen xuat sang WH-HCM01
MOV-00396,2024-02-13 21:30:00,WH-HCM01,PROD-030,OUTBOUND_SALE,OUT,13,27.83,SO-50392,Xuat ban hang khach le & doanh nghiep
MOV-00397,2024-02-14 00:30:00,WH-HN01,PROD-048,OUTBOUND_SALE,OUT,6,159.35,SO-85800,Xuat ban hang khach le & doanh nghiep
MOV-00398,2024-02-14 03:30:00,WH-DN01,PROD-045,OUTBOUND_SALE,OUT,4,51.57,SO-80931,Xuat ban hang khach le & doanh nghiep
MOV-00399,2024-02-14 06:30:00,WH-HN01,PROD-031,RETURN_CUSTOMER,IN,1,152.45,RMA-5703,Khach tra hang da kiem tra dat tieu chuan
MOV-00400,2024-02-14 12:30:00,WH-HN01,PROD-050,OUTBOUND_SALE,OUT,13,25.12,SO-94656,Xuat ban hang khach le & doanh nghiep
MOV-00401,2024-02-14 18:30:00,WH-DN01,PROD-029,OUTBOUND_SALE,OUT,9,142.68,SO-59236,Xuat ban hang khach le & doanh nghiep
MOV-00402,2024-02-14 21:30:00,WH-HCM01,PROD-035,INBOUND_PO,IN,28,50.68,PO-2024-088,Nhap hang theo don mua nha cung cap
MOV-00403,2024-02-15 02:30:00,WH-HCM01,PROD-026,OUTBOUND_SALE,OUT,11,141.61,SO-26691,Xuat ban hang khach le & doanh nghiep
MOV-00395,2024-02-15 03:30:00,WH-HCM01,PROD-004,TRANSFER_IN,IN,5,110.28,TRF-9409,Dieu chuyen nhap tu WH-DN01
MOV-00404,2024-02-15 06:30:00,WH-HN01,PROD-020,INBOUND_PO,IN,49,30.91,PO-2024-072,Nhap hang theo don mua nha cung cap
MOV-00405,2024-02-15 12:30:00,WH-HN01,PROD-016,OUTBOUND_SALE,OUT,10,56.02,SO-55371,Xuat ban hang khach le & doanh nghiep
MOV-00406,2024-02-15 19:30:00,WH-HCM01,PROD-027,OUTBOUND_SALE,OUT,12,40.94,SO-12050,Xuat ban hang khach le & doanh nghiep
MOV-00407,2024-02-15 23:30:00,WH-HN01,PROD-039,OUTBOUND_SALE,OUT,3,31.39,SO-68515,Xuat ban hang khach le & doanh nghiep
MOV-00408,2024-02-16 02:30:00,WH-HN01,PROD-026,OUTBOUND_SALE,OUT,10,141.61,SO-40715,Xuat ban hang khach le & doanh nghiep
MOV-00409,2024-02-16 06:30:00,WH-HN01,PROD-009,INBOUND_PO,IN,52,135.78,PO-2024-038,Nhap hang theo don mua nha cung cap
MOV-00410,2024-02-16 10:30:00,WH-HCM01,PROD-037,INBOUND_PO,IN,40,57.54,PO-2024-076,Nhap hang theo don mua nha cung cap
MOV-00411,2024-02-16 15:30:00,WH-HN01,PROD-043,OUTBOUND_SALE,OUT,11,149.1,SO-38972,Xuat ban hang khach le & doanh nghiep
MOV-00412,2024-02-16 21:30:00,WH-HN01,PROD-036,OUTBOUND_SALE,OUT,12,50.51,SO-32955,Xuat ban hang khach le & doanh nghiep
MOV-00413,2024-02-17 03:30:00,WH-HN01,PROD-023,OUTBOUND_SALE,OUT,13,114.8,SO-97994,Xuat ban hang khach le & doanh nghiep
MOV-00414,2024-02-17 09:30:00,WH-DN01,PROD-045,INBOUND_PO,IN,46,51.57,PO-2024-054,Nhap hang theo don mua nha cung cap
MOV-00415,2024-02-17 13:30:00,WH-HN01,PROD-049,OUTBOUND_SALE,OUT,11,48.91,SO-72065,Xuat ban hang khach le & doanh nghiep
MOV-00416,2024-02-17 17:30:00,WH-DN01,PROD-046,INBOUND_PO,IN,29,146.15,PO-2024-062,Nhap hang theo don mua nha cung cap
MOV-00417,2024-02-17 20:30:00,WH-DN01,PROD-036,OUTBOUND_SALE,OUT,11,50.51,SO-27575,Xuat ban hang khach le & doanh nghiep
MOV-00418,2024-02-18 02:30:00,WH-HN01,PROD-022,OUTBOUND_SALE,OUT,13,159.45,SO-20363,Xuat ban hang khach le & doanh nghiep
MOV-00419,2024-02-18 08:30:00,WH-HN01,PROD-035,INBOUND_PO,IN,32,50.68,PO-2024-007,Nhap hang theo don mua nha cung cap
MOV-00420,2024-02-18 13:30:00,WH-HCM01,PROD-039,OUTBOUND_SALE,OUT,3,31.39,SO-19539,Xuat ban hang khach le & doanh nghiep
MOV-00421,2024-02-18 17:30:00,WH-HCM01,PROD-047,INBOUND_PO,IN,55,129.34,PO-2024-028,Nhap hang theo don mua nha cung cap
MOV-00422,2024-02-18 23:30:00,WH-DN01,PROD-020,OUTBOUND_SALE,OUT,3,30.91,SO-37762,Xuat ban hang khach le & doanh nghiep
MOV-00423,2024-02-19 03:30:00,WH-HN01,PROD-048,RETURN_VENDOR,OUT,2,159.35,RTV-4974,Tra hang loi cho nha cung cap
MOV-00424,2024-02-19 07:30:00,WH-HN01,PROD-036,OUTBOUND_SALE,OUT,8,50.51,SO-47101,Xuat ban hang khach le & doanh nghiep
MOV-00425,2024-02-19 13:30:00,WH-HCM01,PROD-023,OUTBOUND_SALE,OUT,7,114.8,SO-44283,Xuat ban hang khach le & doanh nghiep
MOV-00426,2024-02-19 18:30:00,WH-DN01,PROD-030,OUTBOUND_SALE,OUT,4,27.83,SO-71537,Xuat ban hang khach le & doanh nghiep
MOV-00427,2024-02-19 23:30:00,WH-DN01,PROD-021,TRANSFER_OUT,OUT,4,130.48,TRF-4625,Dieu chuyen xuat sang WH-HCM01
MOV-00429,2024-02-20 02:30:00,WH-HCM01,PROD-038,OUTBOUND_SALE,OUT,14,99.09,SO-64732,Xuat ban hang khach le & doanh nghiep
MOV-00430,2024-02-20 07:30:00,WH-DN01,PROD-015,OUTBOUND_SALE,OUT,9,127.1,SO-84683,Xuat ban hang khach le & doanh nghiep
MOV-00431,2024-02-20 11:30:00,WH-HCM01,PROD-044,OUTBOUND_SALE,OUT,8,94.76,SO-43728,Xuat ban hang khach le & doanh nghiep
MOV-00432,2024-02-20 17:30:00,WH-HCM01,PROD-048,RETURN_VENDOR,OUT,2,159.35,RTV-8550,Tra hang loi cho nha cung cap
MOV-00433,2024-02-20 21:30:00,WH-DN01,PROD-011,INBOUND_PO,IN,28,141.04,PO-2024-072,Nhap hang theo don mua nha cung cap
MOV-00428,2024-02-20 23:30:00,WH-HCM01,PROD-021,TRANSFER_IN,IN,4,130.48,TRF-4625,Dieu chuyen nhap tu WH-DN01
MOV-00434,2024-02-21 03:30:00,WH-HCM01,PROD-042,OUTBOUND_SALE,OUT,3,81.7,SO-78674,Xuat ban hang khach le & doanh nghiep
MOV-00435,2024-02-21 06:30:00,WH-HN01,PROD-043,INBOUND_PO,IN,23,149.1,PO-2024-001,Nhap hang theo don mua nha cung cap
MOV-00436,2024-02-21 12:30:00,WH-HCM01,PROD-015,OUTBOUND_SALE,OUT,4,127.1,SO-29795,Xuat ban hang khach le & doanh nghiep
MOV-00437,2024-02-21 15:30:00,WH-DN01,PROD-024,OUTBOUND_SALE,OUT,3,33.84,SO-90980,Xuat ban hang khach le & doanh nghiep
MOV-00438,2024-02-21 21:30:00,WH-HN01,PROD-001,OUTBOUND_SALE,OUT,11,108.8,SO-82305,Xuat ban hang khach le & doanh nghiep
MOV-00439,2024-02-22 03:30:00,WH-HCM01,PROD-047,OUTBOUND_SALE,OUT,7,129.34,SO-80220,Xuat ban hang khach le & doanh nghiep
MOV-00440,2024-02-22 08:30:00,WH-HCM01,PROD-044,OUTBOUND_SALE,OUT,9,94.76,SO-33496,Xuat ban hang khach le & doanh nghiep
MOV-00441,2024-02-22 11:30:00,WH-HCM01,PROD-010,TRANSFER_OUT,OUT,5,27.88,TRF-9625,Dieu chuyen xuat sang WH-HN01
MOV-00443,2024-02-22 16:30:00,WH-DN01,PROD-006,OUTBOUND_SALE,OUT,8,57.46,SO-63218,Xuat ban hang khach le & doanh nghiep
MOV-00444,2024-02-22 22:30:00,WH-HCM01,PROD-015,OUTBOUND_SALE,OUT,7,127.1,SO-99658,Xuat ban hang khach le & doanh nghiep
MOV-00445,2024-02-23 04:30:00,WH-DN01,PROD-025,OUTBOUND_SALE,OUT,11,142.37,SO-72390,Xuat ban hang khach le & doanh nghiep
MOV-00446,2024-02-23 07:30:00,WH-HCM01,PROD-011,OUTBOUND_SALE,OUT,4,141.04,SO-75517,Xuat ban hang khach le & doanh nghiep
MOV-00447,2024-02-23 13:30:00,WH-DN01,PROD-037,OUTBOUND_SALE,OUT,4,57.54,SO-79226,Xuat ban hang khach le & doanh nghiep
MOV-00448,2024-02-23 16:30:00,WH-HCM01,PROD-037,OUTBOUND_SALE,OUT,10,57.54,SO-45532,Xuat ban hang khach le & doanh nghiep
MOV-00449,2024-02-23 19:30:00,WH-HCM01,PROD-018,TRANSFER_OUT,OUT,5,53.02,TRF-6152,Dieu chuyen xuat sang WH-HN01
MOV-00442,2024-02-23 23:30:00,WH-HN01,PROD-010,TRANSFER_IN,IN,5,27.88,TRF-9625,Dieu chuyen nhap tu WH-HCM01
MOV-00451,2024-02-23 23:30:00,WH-HCM01,PROD-026,OUTBOUND_SALE,OUT,4,141.61,SO-49226,Xuat ban hang khach le & doanh nghiep
MOV-00452,2024-02-24 03:30:00,WH-HCM01,PROD-025,OUTBOUND_SALE,OUT,13,142.37,SO-80852,Xuat ban hang khach le & doanh nghiep
MOV-00453,2024-02-24 08:30:00,WH-HCM01,PROD-009,OUTBOUND_SALE,OUT,14,135.78,SO-20279,Xuat ban hang khach le & doanh nghiep
MOV-00454,2024-02-24 13:30:00,WH-DN01,PROD-015,OUTBOUND_SALE,OUT,4,127.1,SO-54642,Xuat ban hang khach le & doanh nghiep
MOV-00450,2024-02-24 19:30:00,WH-HN01,PROD-018,TRANSFER_IN,IN,5,53.02,TRF-6152,Dieu chuyen nhap tu WH-HCM01
MOV-00455,2024-02-24 19:30:00,WH-DN01,PROD-002,RETURN_VENDOR,OUT,3,122.58,RTV-5478,Tra hang loi cho nha cung cap
MOV-00456,2024-02-25 01:30:00,WH-DN01,PROD-036,OUTBOUND_SALE,OUT,5,50.51,SO-66603,Xuat ban hang khach le & doanh nghiep
MOV-00457,2024-02-25 05:30:00,WH-HCM01,PROD-025,OUTBOUND_SALE,OUT,4,142.37,SO-91083,Xuat ban hang khach le & doanh nghiep
MOV-00458,2024-02-25 10:30:00,WH-HCM01,PROD-005,INBOUND_PO,IN,25,132.94,PO-2024-035,Nhap hang theo don mua nha cung cap
MOV-00459,2024-02-25 14:30:00,WH-HCM01,PROD-010,OUTBOUND_SALE,OUT,14,27.88,SO-61068,Xuat ban hang khach le & doanh nghiep
MOV-00460,2024-02-25 19:30:00,WH-HN01,PROD-001,OUTBOUND_SALE,OUT,7,108.8,SO-68292,Xuat ban hang khach le & doanh nghiep
MOV-00461,2024-02-26 00:30:00,WH-HN01,PROD-009,INBOUND_PO,IN,25,135.78,PO-2024-024,Nhap hang theo don mua nha cung cap
MOV-00462,2024-02-26 06:30:00,WH-HCM01,PROD-033,OUTBOUND_SALE,OUT,9,159.31,SO-23538,Xuat ban hang khach le & doanh nghiep
MOV-00463,2024-02-26 09:30:00,WH-HCM01,PROD-006,OUTBOUND_SALE,OUT,12,57.46,SO-88386,Xuat ban hang khach le & doanh nghiep
MOV-00464,2024-02-26 14:30:00,WH-HN01,PROD-019,TRANSFER_OUT,OUT,7,145.49,TRF-2387,Dieu chuyen xuat sang WH-HCM01
MOV-00466,2024-02-26 18:30:00,WH-HN01,PROD-009,INBOUND_PO,IN,37,135.78,PO-2024-039,Nhap hang theo don mua nha cung cap
MOV-00467,2024-02-26 23:30:00,WH-HN01,PROD-011,OUTBOUND_SALE,OUT,9,141.04,SO-46170,Xuat ban hang khach le & doanh nghiep
MOV-00468,2024-02-27 05:30:00,WH-HN01,PROD-024,OUTBOUND_SALE,OUT,7,33.84,SO-42321,Xuat ban hang khach le & doanh nghiep
MOV-00469,2024-02-27 11:30:00,WH-HN01,PROD-030,OUTBOUND_SALE,OUT,4,27.83,SO-27758,Xuat ban hang khach le & doanh nghiep
MOV-00465,2024-02-27 14:30:00,WH-HCM01,PROD-019,TRANSFER_IN,IN,7,145.49,TRF-2387,Dieu chuyen nhap tu WH-HN01
MOV-00470,2024-02-27 16:30:00,WH-DN01,PROD-022,OUTBOUND_SALE,OUT,12,159.45,SO-59792,Xuat ban hang khach le & doanh nghiep
MOV-00471,2024-02-27 21:30:00,WH-DN01,PROD-042,OUTBOUND_SALE,OUT,12,81.7,SO-27842,Xuat ban hang khach le & doanh nghiep
MOV-00472,2024-02-28 02:30:00,WH-HCM01,PROD-013,OUTBOUND_SALE,OUT,10,110.02,SO-51180,Xuat ban hang khach le & doanh nghiep
MOV-00473,2024-02-28 06:30:00,WH-DN01,PROD-019,RETURN_VENDOR,OUT,3,145.49,RTV-9044,Tra hang loi cho nha cung cap
MOV-00474,2024-02-28 10:30:00,WH-DN01,PROD-026,OUTBOUND_SALE,OUT,8,141.61,SO-24927,Xuat ban hang khach le & doanh nghiep
MOV-00475,2024-02-28 14:30:00,WH-HCM01,PROD-012,OUTBOUND_SALE,OUT,13,41.1,SO-82102,Xuat ban hang khach le & doanh nghiep
MOV-00476,2024-02-28 17:30:00,WH-DN01,PROD-046,RETURN_CUSTOMER,IN,1,146.15,RMA-8183,Khach tra hang da kiem tra dat tieu chuan
MOV-00477,2024-02-28 22:30:00,WH-HN01,PROD-027,INBOUND_PO,IN,51,40.94,PO-2024-018,Nhap hang theo don mua nha cung cap
MOV-00478,2024-02-29 03:30:00,WH-HCM01,PROD-010,OUTBOUND_SALE,OUT,13,27.88,SO-65460,Xuat ban hang khach le & doanh nghiep
MOV-00479,2024-02-29 09:30:00,WH-HCM01,PROD-031,OUTBOUND_SALE,OUT,12,152.45,SO-62534,Xuat ban hang khach le & doanh nghiep
MOV-00480,2024-02-29 15:30:00,WH-DN01,PROD-045,OUTBOUND_SALE,OUT,11,51.57,SO-87833,Xuat ban hang khach le & doanh nghiep
MOV-00481,2024-02-29 18:30:00,WH-HN01,PROD-043,OUTBOUND_SALE,OUT,13,149.1,SO-56531,Xuat ban hang khach le & doanh nghiep
MOV-00482,2024-02-29 22:30:00,WH-HN01,PROD-037,OUTBOUND_SALE,OUT,13,57.54,SO-98797,Xuat ban hang khach le & doanh nghiep
MOV-00483,2024-03-01 04:30:00,WH-DN01,PROD-028,RETURN_VENDOR,OUT,1,20.77,RTV-1172,Tra hang loi cho nha cung cap
MOV-00484,2024-03-01 07:30:00,WH-HCM01,PROD-048,OUTBOUND_SALE,OUT,11,159.35,SO-83137,Xuat ban hang khach le & doanh nghiep
MOV-00485,2024-03-01 11:30:00,WH-DN01,PROD-030,OUTBOUND_SALE,OUT,6,27.83,SO-87147,Xuat ban hang khach le & doanh nghiep
MOV-00486,2024-03-01 15:30:00,WH-HN01,PROD-031,OUTBOUND_SALE,OUT,4,152.45,SO-48722,Xuat ban hang khach le & doanh nghiep
MOV-00487,2024-03-01 21:30:00,WH-HN01,PROD-008,TRANSFER_OUT,OUT,6,83.24,TRF-6110,Dieu chuyen xuat sang WH-DN01
MOV-00489,2024-03-02 03:30:00,WH-HCM01,PROD-031,INBOUND_PO,IN,42,152.45,PO-2024-063,Nhap hang theo don mua nha cung cap
MOV-00490,2024-03-02 06:30:00,WH-HCM01,PROD-029,OUTBOUND_SALE,OUT,8,142.68,SO-18804,Xuat ban hang khach le & doanh nghiep
MOV-00491,2024-03-02 11:30:00,WH-HCM01,PROD-008,OUTBOUND_SALE,OUT,3,83.24,SO-54967,Xuat ban hang khach le & doanh nghiep
MOV-00492,2024-03-02 14:30:00,WH-HN01,PROD-048,OUTBOUND_SALE,OUT,6,159.35,SO-77632,Xuat ban hang khach le & doanh nghiep
MOV-00493,2024-03-03 00:30:00,WH-HN01,PROD-026,RETURN_CUSTOMER,IN,3,141.61,RMA-4022,Khach tra hang da kiem tra dat tieu chuan
MOV-00494,2024-03-03 04:30:00,WH-DN01,PROD-026,OUTBOUND_SALE,OUT,3,141.61,SO-90492,Xuat ban hang khach le & doanh nghiep
MOV-00495,2024-03-03 08:30:00,WH-DN01,PROD-025,OUTBOUND_SALE,OUT,3,142.37,SO-38153,Xuat ban hang khach le & doanh nghiep
MOV-00488,2024-03-03 09:30:00,WH-DN01,PROD-008,TRANSFER_IN,IN,6,83.24,TRF-6110,Dieu chuyen nhap tu WH-HN01
MOV-00496,2024-03-03 12:30:00,WH-HCM01,PROD-005,OUTBOUND_SALE,OUT,12,132.94,SO-23336,Xuat ban hang khach le & doanh nghiep
MOV-00497,2024-03-03 16:30:00,WH-HN01,PROD-030,OUTBOUND_SALE,OUT,4,27.83,SO-44387,Xuat ban hang khach le & doanh nghiep
MOV-00498,2024-03-03 22:30:00,WH-HCM01,PROD-021,OUTBOUND_SALE,OUT,12,130.48,SO-60939,Xuat ban hang khach le & doanh nghiep
MOV-00499,2024-03-04 04:30:00,WH-DN01,PROD-023,OUTBOUND_SALE,OUT,10,114.8,SO-90918,Xuat ban hang khach le & doanh nghiep
MOV-00500,2024-03-04 08:30:00,WH-HCM01,PROD-020,INBOUND_PO,IN,59,30.91,PO-2024-080,Nhap hang theo don mua nha cung cap
MOV-00501,2024-03-04 11:30:00,WH-DN01,PROD-008,OUTBOUND_SALE,OUT,6,83.24,SO-50026,Xuat ban hang khach le & doanh nghiep
MOV-00502,2024-03-04 20:30:00,WH-HN01,PROD-037,OUTBOUND_SALE,OUT,9,57.54,SO-65448,Xuat ban hang khach le & doanh nghiep
MOV-00503,2024-03-05 00:30:00,WH-HCM01,PROD-045,OUTBOUND_SALE,OUT,13,51.57,SO-32706,Xuat ban hang khach le & doanh nghiep
MOV-00504,2024-03-05 04:30:00,WH-HN01,PROD-012,OUTBOUND_SALE,OUT,8,41.1,SO-69113,Xuat ban hang khach le & doanh nghiep
MOV-00505,2024-03-05 07:30:00,WH-HN01,PROD-032,TRANSFER_OUT,OUT,5,94.58,TRF-7290,Dieu chuyen xuat sang WH-DN01
MOV-00507,2024-03-05 13:30:00,WH-DN01,PROD-046,INBOUND_PO,IN,48,146.15,PO-2024-065,Nhap hang theo don mua nha cung cap
MOV-00508,2024-03-05 17:30:00,WH-HN01,PROD-049,OUTBOUND_SALE,OUT,6,48.91,SO-48284,Xuat ban hang khach le & doanh nghiep
MOV-00509,2024-03-05 20:30:00,WH-HCM01,PROD-019,OUTBOUND_SALE,OUT,5,145.49,SO-69942,Xuat ban hang khach le & doanh nghiep
MOV-00510,2024-03-06 02:30:00,WH-HN01,PROD-037,OUTBOUND_SALE,OUT,4,57.54,SO-45112,Xuat ban hang khach le & doanh nghiep
MOV-00511,2024-03-06 07:30:00,WH-HN01,PROD-049,OUTBOUND_SALE,OUT,4,48.91,SO-67850,Xuat ban hang khach le & doanh nghiep
MOV-00512,2024-03-06 11:30:00,WH-HN01,PROD-048,SCRAP_DAMAGED,OUT,1,159.35,SCRAP-5877,Xuat huy hang can date/hong vo trong kho
MOV-00513,2024-03-06 14:30:00,WH-DN01,PROD-006,OUTBOUND_SALE,OUT,10,57.46,SO-25386,Xuat ban hang khach le & doanh nghiep
MOV-00514,2024-03-06 18:30:00,WH-HCM01,PROD-038,OUTBOUND_SALE,OUT,3,99.09,SO-55957,Xuat ban hang khach le & doanh nghiep
MOV-00506,2024-03-06 19:30:00,WH-DN01,PROD-032,TRANSFER_IN,IN,5,94.58,TRF-7290,Dieu chuyen nhap tu WH-HN01
MOV-00515,2024-03-07 00:30:00,WH-HN01,PROD-014,OUTBOUND_SALE,OUT,6,41.2,SO-17780,Xuat ban hang khach le & doanh nghiep
MOV-00516,2024-03-07 05:30:00,WH-HCM01,PROD-035,OUTBOUND_SALE,OUT,5,50.68,SO-52421,Xuat ban hang khach le & doanh nghiep
MOV-00517,2024-03-07 10:30:00,WH-DN01,PROD-033,OUTBOUND_SALE,OUT,13,159.31,SO-22481,Xuat ban hang khach le & doanh nghiep
MOV-00518,2024-03-07 14:30:00,WH-DN01,PROD-004,RETURN_VENDOR,OUT,2,110.28,RTV-3078,Tra hang loi cho nha cung cap
MOV-00519,2024-03-07 18:30:00,WH-HCM01,PROD-021,OUTBOUND_SALE,OUT,6,130.48,SO-98635,Xuat ban hang khach le & doanh nghiep
MOV-00520,2024-03-08 00:30:00,WH-HCM01,PROD-041,OUTBOUND_SALE,OUT,7,66.18,SO-92288,Xuat ban hang khach le & doanh nghiep
MOV-00521,2024-03-08 06:30:00,WH-HN01,PROD-041,OUTBOUND_SALE,OUT,4,66.18,SO-62802,Xuat ban hang khach le & doanh nghiep
MOV-00522,2024-03-08 11:30:00,WH-DN01,PROD-030,INBOUND_PO,IN,51,27.83,PO-2024-043,Nhap hang theo don mua nha cung cap
MOV-00523,2024-03-08 14:30:00,WH-HCM01,PROD-006,TRANSFER_OUT,OUT,9,57.46,TRF-6869,Dieu chuyen xuat sang WH-DN01
MOV-00525,2024-03-08 20:30:00,WH-DN01,PROD-014,OUTBOUND_SALE,OUT,10,41.2,SO-45197,Xuat ban hang khach le & doanh nghiep
MOV-00526,2024-03-09 01:30:00,WH-DN01,PROD-036,INBOUND_PO,IN,56,50.51,PO-2024-017,Nhap hang theo don mua nha cung cap
MOV-00527,2024-03-09 07:30:00,WH-HCM01,PROD-049,INBOUND_PO,IN,23,48.91,PO-2024-006,Nhap hang theo don mua nha cung cap
MOV-00528,2024-03-09 10:30:00,WH-DN01,PROD-002,OUTBOUND_SALE,OUT,4,122.58,SO-30707,Xuat ban hang khach le & doanh nghiep
MOV-00524,2024-03-09 14:30:00,WH-DN01,PROD-006,TRANSFER_IN,IN,9,57.46,TRF-6869,Dieu chuyen nhap tu WH-HCM01
MOV-00529,2024-03-09 16:30:00,WH-DN01,PROD-013,OUTBOUND_SALE,OUT,14,110.02,SO-27290,Xuat ban hang khach le & doanh nghiep
MOV-00530,2024-03-09 21:30:00,WH-DN01,PROD-006,OUTBOUND_SALE,OUT,13,57.46,SO-57242,Xuat ban hang khach le & doanh nghiep
MOV-00531,2024-03-10 02:30:00,WH-HCM01,PROD-042,OUTBOUND_SALE,OUT,5,81.7,SO-16787,Xuat ban hang khach le & doanh nghiep
MOV-00532,2024-03-10 08:30:00,WH-HCM01,PROD-045,OUTBOUND_SALE,OUT,3,51.57,SO-66260,Xuat ban hang khach le & doanh nghiep
MOV-00533,2024-03-10 11:30:00,WH-HN01,PROD-014,INBOUND_PO,IN,50,41.2,PO-2024-010,Nhap hang theo don mua nha cung cap
MOV-00534,2024-03-10 15:30:00,WH-HCM01,PROD-044,OUTBOUND_SALE,OUT,10,94.76,SO-11217,Xuat ban hang khach le & doanh nghiep
MOV-00535,2024-03-10 18:30:00,WH-HN01,PROD-028,INBOUND_PO,IN,28,20.77,PO-2024-064,Nhap hang theo don mua nha cung cap
MOV-00536,2024-03-10 21:30:00,WH-HN01,PROD-047,OUTBOUND_SALE,OUT,4,129.34,SO-23526,Xuat ban hang khach le & doanh nghiep
MOV-00537,2024-03-11 02:30:00,WH-DN01,PROD-009,OUTBOUND_SALE,OUT,9,135.78,SO-27451,Xuat ban hang khach le & doanh nghiep
MOV-00538,2024-03-11 06:30:00,WH-HCM01,PROD-001,OUTBOUND_SALE,OUT,12,108.8,SO-95199,Xuat ban hang khach le & doanh nghiep
MOV-00539,2024-03-11 10:30:00,WH-HCM01,PROD-014,OUTBOUND_SALE,OUT,13,41.2,SO-29840,Xuat ban hang khach le & doanh nghiep
MOV-00540,2024-03-11 16:30:00,WH-DN01,PROD-014,OUTBOUND_SALE,OUT,4,41.2,SO-23168,Xuat ban hang khach le & doanh nghiep
MOV-00541,2024-03-11 20:30:00,WH-HCM01,PROD-047,INBOUND_PO,IN,44,129.34,PO-2024-046,Nhap hang theo don mua nha cung cap
MOV-00542,2024-03-12 02:30:00,WH-HN01,PROD-016,OUTBOUND_SALE,OUT,7,56.02,SO-94491,Xuat ban hang khach le & doanh nghiep
MOV-00543,2024-03-12 05:30:00,WH-HCM01,PROD-039,OUTBOUND_SALE,OUT,14,31.39,SO-89638,Xuat ban hang khach le & doanh nghiep
MOV-00544,2024-03-12 10:30:00,WH-HCM01,PROD-002,INBOUND_PO,IN,39,122.58,PO-2024-027,Nhap hang theo don mua nha cung cap
MOV-00545,2024-03-12 14:30:00,WH-DN01,PROD-042,INBOUND_PO,IN,23,81.7,PO-2024-031,Nhap hang theo don mua nha cung cap
MOV-00546,2024-03-12 20:30:00,WH-HN01,PROD-032,OUTBOUND_SALE,OUT,8,94.58,SO-87847,Xuat ban hang khach le & doanh nghiep
MOV-00547,2024-03-12 23:30:00,WH-HN01,PROD-024,OUTBOUND_SALE,OUT,8,33.84,SO-27299,Xuat ban hang khach le & doanh nghiep
MOV-00548,2024-03-13 05:30:00,WH-HCM01,PROD-027,TRANSFER_OUT,OUT,8,40.94,TRF-3830,Dieu chuyen xuat sang WH-DN01
MOV-00550,2024-03-13 08:30:00,WH-HN01,PROD-001,OUTBOUND_SALE,OUT,7,108.8,SO-38277,Xuat ban hang khach le & doanh nghiep
MOV-00551,2024-03-13 11:30:00,WH-DN01,PROD-033,TRANSFER_OUT,OUT,9,159.31,TRF-9209,Dieu chuyen xuat sang WH-HCM01
MOV-00553,2024-03-13 17:30:00,WH-HN01,PROD-041,INBOUND_PO,IN,54,66.18,PO-2024-071,Nhap hang theo don mua nha cung cap
MOV-00554,2024-03-13 21:30:00,WH-DN01,PROD-006,OUTBOUND_SALE,OUT,11,57.46,SO-36633,Xuat ban hang khach le & doanh nghiep
MOV-00555,2024-03-14 01:30:00,WH-DN01,PROD-038,OUTBOUND_SALE,OUT,13,99.09,SO-95175,Xuat ban hang khach le & doanh nghiep
MOV-00556,2024-03-14 04:30:00,WH-DN01,PROD-047,OUTBOUND_SALE,OUT,6,129.34,SO-17589,Xuat ban hang khach le & doanh nghiep
MOV-00557,2024-03-14 08:30:00,WH-DN01,PROD-008,OUTBOUND_SALE,OUT,10,83.24,SO-90254,Xuat ban hang khach le & doanh nghiep
MOV-00558,2024-03-14 11:30:00,WH-HCM01,PROD-043,OUTBOUND_SALE,OUT,14,149.1,SO-33022,Xuat ban hang khach le & doanh nghiep
MOV-00559,2024-03-14 14:30:00,WH-HN01,PROD-045,OUTBOUND_SALE,OUT,3,51.57,SO-31473,Xuat ban hang khach le & doanh nghiep
MOV-00549,2024-03-14 17:30:00,WH-DN01,PROD-027,TRANSFER_IN,IN,8,40.94,TRF-3830,Dieu chuyen nhap tu WH-HCM01
MOV-00560,2024-03-14 20:30:00,WH-HCM01,PROD-034,RETURN_CUSTOMER,IN,3,35.18,RMA-5247,Khach tra hang da kiem tra dat tieu chuan
MOV-00552,2024-03-14 23:30:00,WH-HCM01,PROD-033,TRANSFER_IN,IN,9,159.31,TRF-9209,Dieu chuyen nhap tu WH-DN01
MOV-00561,2024-03-15 00:30:00,WH-HCM01,PROD-050,OUTBOUND_SALE,OUT,1,25.12,SO-25473,Xuat ban hang khach le & doanh nghiep
MOV-00562,2024-03-15 03:30:00,WH-DN01,PROD-018,OUTBOUND_SALE,OUT,11,53.02,SO-18371,Xuat ban hang khach le & doanh nghiep
MOV-00563,2024-03-15 08:30:00,WH-HCM01,PROD-041,INBOUND_PO,IN,24,66.18,PO-2024-066,Nhap hang theo don mua nha cung cap
MOV-00564,2024-03-15 18:30:00,WH-DN01,PROD-050,OUTBOUND_SALE,OUT,4,25.12,SO-85223,Xuat ban hang khach le & doanh nghiep
MOV-00565,2024-03-15 21:30:00,WH-HCM01,PROD-001,OUTBOUND_SALE,OUT,3,108.8,SO-11610,Xuat ban hang khach le & doanh nghiep
MOV-00566,2024-03-16 01:30:00,WH-DN01,PROD-025,OUTBOUND_SALE,OUT,5,142.37,SO-33456,Xuat ban hang khach le & doanh nghiep
MOV-00567,2024-03-16 04:30:00,WH-HCM01,PROD-048,OUTBOUND_SALE,OUT,4,159.35,SO-64967,Xuat ban hang khach le & doanh nghiep
MOV-00568,2024-03-16 08:30:00,WH-DN01,PROD-047,OUTBOUND_SALE,OUT,8,129.34,SO-45554,Xuat ban hang khach le & doanh nghiep
MOV-00569,2024-03-16 11:30:00,WH-HN01,PROD-033,OUTBOUND_SALE,OUT,13,159.31,SO-16903,Xuat ban hang khach le & doanh nghiep
MOV-00570,2024-03-16 15:30:00,WH-HCM01,PROD-003,OUTBOUND_SALE,OUT,9,22.23,SO-19034,Xuat ban hang khach le & doanh nghiep
MOV-00571,2024-03-16 21:30:00,WH-DN01,PROD-021,TRANSFER_OUT,OUT,8,130.48,TRF-8483,Dieu chuyen xuat sang WH-HN01
MOV-00573,2024-03-17 02:30:00,WH-HCM01,PROD-020,OUTBOUND_SALE,OUT,14,30.91,SO-91620,Xuat ban hang khach le & doanh nghiep
MOV-00574,2024-03-17 06:30:00,WH-HCM01,PROD-032,OUTBOUND_SALE,OUT,6,94.58,SO-81638,Xuat ban hang khach le & doanh nghiep
MOV-00575,2024-03-17 10:30:00,WH-DN01,PROD-002,OUTBOUND_SALE,OUT,6,122.58,SO-80981,Xuat ban hang khach le & doanh nghiep
MOV-00576,2024-03-17 15:30:00,WH-HCM01,PROD-001,OUTBOUND_SALE,OUT,8,108.8,SO-10191,Xuat ban hang khach le & doanh nghiep
MOV-00572,2024-03-17 21:30:00,WH-HN01,PROD-021,TRANSFER_IN,IN,8,130.48,TRF-8483,Dieu chuyen nhap tu WH-DN01
MOV-00577,2024-03-17 21:30:00,WH-HCM01,PROD-020,INBOUND_PO,IN,26,30.91,PO-2024-027,Nhap hang theo don mua nha cung cap
MOV-00578,2024-03-18 01:30:00,WH-HN01,PROD-010,OUTBOUND_SALE,OUT,14,27.88,SO-46677,Xuat ban hang khach le & doanh nghiep
MOV-00579,2024-03-18 04:30:00,WH-HN01,PROD-034,OUTBOUND_SALE,OUT,9,35.18,SO-58823,Xuat ban hang khach le & doanh nghiep
MOV-00580,2024-03-18 10:30:00,WH-HN01,PROD-038,RETURN_VENDOR,OUT,1,99.09,RTV-9280,Tra hang loi cho nha cung cap
MOV-00581,2024-03-18 14:30:00,WH-DN01,PROD-005,OUTBOUND_SALE,OUT,10,132.94,SO-84425,Xuat ban hang khach le & doanh nghiep
MOV-00582,2024-03-18 17:30:00,WH-HN01,PROD-016,OUTBOUND_SALE,OUT,1,56.02,SO-44208,Xuat ban hang khach le & doanh nghiep
MOV-00583,2024-03-18 22:30:00,WH-DN01,PROD-045,TRANSFER_OUT,OUT,6,51.57,TRF-8417,Dieu chuyen xuat sang WH-HCM01
MOV-00585,2024-03-19 02:30:00,WH-HN01,PROD-009,OUTBOUND_SALE,OUT,12,135.78,SO-24283,Xuat ban hang khach le & doanh nghiep
MOV-00586,2024-03-19 06:30:00,WH-DN01,PROD-030,OUTBOUND_SALE,OUT,8,27.83,SO-63282,Xuat ban hang khach le & doanh nghiep
MOV-00587,2024-03-19 09:30:00,WH-HN01,PROD-029,OUTBOUND_SALE,OUT,7,142.68,SO-70731,Xuat ban hang khach le & doanh nghiep
MOV-00588,2024-03-19 17:30:00,WH-DN01,PROD-010,OUTBOUND_SALE,OUT,4,27.88,SO-42534,Xuat ban hang khach le & doanh nghiep
MOV-00589,2024-03-19 22:30:00,WH-HN01,PROD-044,OUTBOUND_SALE,OUT,7,94.76,SO-44100,Xuat ban hang khach le & doanh nghiep
MOV-00590,2024-03-20 02:30:00,WH-DN01,PROD-029,OUTBOUND_SALE,OUT,11,142.68,SO-82105,Xuat ban hang khach le & doanh nghiep
MOV-00591,2024-03-20 06:30:00,WH-HN01,PROD-009,OUTBOUND_SALE,OUT,4,135.78,SO-11567,Xuat ban hang khach le & doanh nghiep
MOV-00592,2024-03-20 09:30:00,WH-HN01,PROD-009,INBOUND_PO,IN,32,135.78,PO-2024-053,Nhap hang theo don mua nha cung cap
MOV-00584,2024-03-20 10:30:00,WH-HCM01,PROD-045,TRANSFER_IN,IN,6,51.57,TRF-8417,Dieu chuyen nhap tu WH-DN01
MOV-00593,2024-03-20 14:30:00,WH-HCM01,PROD-006,INBOUND_PO,IN,57,57.46,PO-2024-080,Nhap hang theo don mua nha cung cap
MOV-00594,2024-03-20 19:30:00,WH-HN01,PROD-002,TRANSFER_OUT,OUT,5,122.58,TRF-8265,Dieu chuyen xuat sang WH-DN01
MOV-00596,2024-03-20 22:30:00,WH-DN01,PROD-008,TRANSFER_OUT,OUT,7,83.24,TRF-1829,Dieu chuyen xuat sang WH-HN01
MOV-00598,2024-03-21 04:30:00,WH-DN01,PROD-032,INBOUND_PO,IN,21,94.58,PO-2024-050,Nhap hang theo don mua nha cung cap
MOV-00599,2024-03-21 10:30:00,WH-HN01,PROD-012,OUTBOUND_SALE,OUT,7,41.1,SO-46681,Xuat ban hang khach le & doanh nghiep
MOV-00600,2024-03-21 16:30:00,WH-HN01,PROD-040,TRANSFER_OUT,OUT,9,140.66,TRF-5835,Dieu chuyen xuat sang WH-DN01
MOV-00595,2024-03-21 19:30:00,WH-DN01,PROD-002,TRANSFER_IN,IN,5,122.58,TRF-8265,Dieu chuyen nhap tu WH-HN01
MOV-00597,2024-03-21 22:30:00,WH-HN01,PROD-008,TRANSFER_IN,IN,7,83.24,TRF-1829,Dieu chuyen nhap tu WH-DN01
MOV-00602,2024-03-21 22:30:00,WH-DN01,PROD-004,TRANSFER_OUT,OUT,6,110.28,TRF-7275,Dieu chuyen xuat sang WH-HN01
MOV-00604,2024-03-22 04:30:00,WH-HCM01,PROD-016,OUTBOUND_SALE,OUT,13,56.02,SO-81258,Xuat ban hang khach le & doanh nghiep
MOV-00605,2024-03-22 07:30:00,WH-HCM01,PROD-023,SCRAP_DAMAGED,OUT,2,114.8,SCRAP-9921,Xuat huy hang can date/hong vo trong kho
MOV-00606,2024-03-22 13:30:00,WH-HCM01,PROD-033,OUTBOUND_SALE,OUT,8,159.31,SO-60905,Xuat ban hang khach le & doanh nghiep
MOV-00607,2024-03-22 18:30:00,WH-DN01,PROD-039,OUTBOUND_SALE,OUT,6,31.39,SO-13840,Xuat ban hang khach le & doanh nghiep
MOV-00603,2024-03-22 22:30:00,WH-HN01,PROD-004,TRANSFER_IN,IN,6,110.28,TRF-7275,Dieu chuyen nhap tu WH-DN01
MOV-00608,2024-03-22 23:30:00,WH-DN01,PROD-034,OUTBOUND_SALE,OUT,8,35.18,SO-86544,Xuat ban hang khach le & doanh nghiep
MOV-00601,2024-03-23 04:30:00,WH-DN01,PROD-040,TRANSFER_IN,IN,9,140.66,TRF-5835,Dieu chuyen nhap tu WH-HN01
MOV-00609,2024-03-23 07:30:00,WH-HCM01,PROD-004,OUTBOUND_SALE,OUT,6,110.28,SO-85457,Xuat ban hang khach le & doanh nghiep
MOV-00610,2024-03-23 13:30:00,WH-HN01,PROD-012,OUTBOUND_SALE,OUT,6,41.1,SO-87662,Xuat ban hang khach le & doanh nghiep
MOV-00611,2024-03-23 18:30:00,WH-HCM01,PROD-023,INBOUND_PO,IN,57,114.8,PO-2024-004,Nhap hang theo don mua nha cung cap
MOV-00612,2024-03-23 23:30:00,WH-HCM01,PROD-010,RETURN_CUSTOMER,IN,3,27.88,RMA-4084,Khach tra hang da kiem tra dat tieu chuan
MOV-00613,2024-03-24 08:30:00,WH-HN01,PROD-039,OUTBOUND_SALE,OUT,6,31.39,SO-12612,Xuat ban hang khach le & doanh nghiep
MOV-00614,2024-03-24 14:30:00,WH-HCM01,PROD-013,OUTBOUND_SALE,OUT,5,110.02,SO-54663,Xuat ban hang khach le & doanh nghiep
MOV-00615,2024-03-24 22:30:00,WH-HN01,PROD-050,OUTBOUND_SALE,OUT,4,25.12,SO-78982,Xuat ban hang khach le & doanh nghiep
MOV-00616,2024-03-25 03:30:00,WH-DN01,PROD-046,RETURN_VENDOR,OUT,3,146.15,RTV-7481,Tra hang loi cho nha cung cap
MOV-00617,2024-03-25 06:30:00,WH-DN01,PROD-009,OUTBOUND_SALE,OUT,5,135.78,SO-67261,Xuat ban hang khach le & doanh nghiep
MOV-00618,2024-03-25 12:30:00,WH-HN01,PROD-046,OUTBOUND_SALE,OUT,11,146.15,SO-90440,Xuat ban hang khach le & doanh nghiep
MOV-00619,2024-03-25 17:30:00,WH-HCM01,PROD-012,OUTBOUND_SALE,OUT,9,41.1,SO-50215,Xuat ban hang khach le & doanh nghiep
MOV-00620,2024-03-25 22:30:00,WH-HCM01,PROD-001,OUTBOUND_SALE,OUT,9,108.8,SO-85082,Xuat ban hang khach le & doanh nghiep
MOV-00621,2024-03-26 04:30:00,WH-HCM01,PROD-003,TRANSFER_OUT,OUT,8,22.23,TRF-6213,Dieu chuyen xuat sang WH-HN01
MOV-00623,2024-03-26 07:30:00,WH-HN01,PROD-022,RETURN_CUSTOMER,IN,3,159.45,RMA-2274,Khach tra hang da kiem tra dat tieu chuan
MOV-00624,2024-03-26 11:30:00,WH-DN01,PROD-011,OUTBOUND_SALE,OUT,13,141.04,SO-21629,Xuat ban hang khach le & doanh nghiep
MOV-00625,2024-03-26 16:30:00,WH-DN01,PROD-014,OUTBOUND_SALE,OUT,6,41.2,SO-18885,Xuat ban hang khach le & doanh nghiep
MOV-00626,2024-03-26 21:30:00,WH-HN01,PROD-047,OUTBOUND_SALE,OUT,3,129.34,SO-16310,Xuat ban hang khach le & doanh nghiep
MOV-00627,2024-03-27 03:30:00,WH-DN01,PROD-011,OUTBOUND_SALE,OUT,9,141.04,SO-74629,Xuat ban hang khach le & doanh nghiep
MOV-00622,2024-03-27 04:30:00,WH-HN01,PROD-003,TRANSFER_IN,IN,8,22.23,TRF-6213,Dieu chuyen nhap tu WH-HCM01
MOV-00628,2024-03-27 09:30:00,WH-DN01,PROD-007,OUTBOUND_SALE,OUT,10,31.73,SO-85766,Xuat ban hang khach le & doanh nghiep
MOV-00629,2024-03-27 13:30:00,WH-HN01,PROD-003,OUTBOUND_SALE,OUT,7,22.23,SO-12631,Xuat ban hang khach le & doanh nghiep
MOV-00630,2024-03-27 18:30:00,WH-HN01,PROD-005,OUTBOUND_SALE,OUT,8,132.94,SO-32296,Xuat ban hang khach le & doanh nghiep
MOV-00631,2024-03-28 00:30:00,WH-HN01,PROD-036,OUTBOUND_SALE,OUT,4,50.51,SO-54295,Xuat ban hang khach le & doanh nghiep
MOV-00632,2024-03-28 06:30:00,WH-DN01,PROD-042,INBOUND_PO,IN,30,81.7,PO-2024-082,Nhap hang theo don mua nha cung cap
MOV-00633,2024-03-28 12:30:00,WH-HN01,PROD-022,OUTBOUND_SALE,OUT,6,159.45,SO-34901,Xuat ban hang khach le & doanh nghiep
MOV-00634,2024-03-28 18:30:00,WH-HCM01,PROD-047,INBOUND_PO,IN,54,129.34,PO-2024-034,Nhap hang theo don mua nha cung cap
MOV-00635,2024-03-28 23:30:00,WH-HN01,PROD-004,OUTBOUND_SALE,OUT,9,110.28,SO-84943,Xuat ban hang khach le & doanh nghiep
MOV-00636,2024-03-29 05:30:00,WH-DN01,PROD-001,OUTBOUND_SALE,OUT,9,108.8,SO-21485,Xuat ban hang khach le & doanh nghiep
MOV-00637,2024-03-29 10:30:00,WH-HCM01,PROD-039,INBOUND_PO,IN,50,31.39,PO-2024-026,Nhap hang theo don mua nha cung cap
MOV-00638,2024-03-29 13:30:00,WH-HN01,PROD-041,OUTBOUND_SALE,OUT,7,66.18,SO-20739,Xuat ban hang khach le & doanh nghiep
MOV-00639,2024-03-29 19:30:00,WH-DN01,PROD-026,INBOUND_PO,IN,50,141.61,PO-2024-065,Nhap hang theo don mua nha cung cap
MOV-00640,2024-03-30 00:30:00,WH-HCM01,PROD-025,OUTBOUND_SALE,OUT,5,142.37,SO-58630,Xuat ban hang khach le & doanh nghiep
MOV-00641,2024-03-30 06:30:00,WH-DN01,PROD-003,OUTBOUND_SALE,OUT,7,22.23,SO-67637,Xuat ban hang khach le & doanh nghiep
MOV-00642,2024-03-30 12:30:00,WH-DN01,PROD-037,OUTBOUND_SALE,OUT,3,57.54,SO-29808,Xuat ban hang khach le & doanh nghiep
MOV-00643,2024-03-30 15:30:00,WH-DN01,PROD-035,OUTBOUND_SALE,OUT,9,50.68,SO-87296,Xuat ban hang khach le & doanh nghiep
MOV-00644,2024-03-30 19:30:00,WH-DN01,PROD-034,OUTBOUND_SALE,OUT,9,35.18,SO-80190,Xuat ban hang khach le & doanh nghiep
MOV-00645,2024-03-31 01:30:00,WH-HN01,PROD-031,OUTBOUND_SALE,OUT,7,152.45,SO-20348,Xuat ban hang khach le & doanh nghiep
MOV-00646,2024-03-31 07:30:00,WH-HCM01,PROD-003,TRANSFER_OUT,OUT,4,22.23,TRF-8357,Dieu chuyen xuat sang WH-HN01
MOV-00648,2024-03-31 11:30:00,WH-HN01,PROD-009,RETURN_VENDOR,OUT,1,135.78,RTV-7936,Tra hang loi cho nha cung cap
MOV-00649,2024-03-31 14:30:00,WH-DN01,PROD-013,SCRAP_DAMAGED,OUT,1,110.02,SCRAP-5225,Xuat huy hang can date/hong vo trong kho
MOV-00650,2024-03-31 19:30:00,WH-HN01,PROD-006,TRANSFER_OUT,OUT,8,57.46,TRF-7510,Dieu chuyen xuat sang WH-HCM01
MOV-02010,2024-03-31 23:00:00,WH-DN01,PROD-004,AUDIT_ADJUSTMENT,OUT,2,110.28,AUD-0008,Dieu chinh kiem ke: Ghi giam
MOV-02011,2024-03-31 23:00:00,WH-HN01,PROD-039,AUDIT_ADJUSTMENT,OUT,2,31.39,AUD-0009,Dieu chinh kiem ke: Ghi giam
MOV-02012,2024-03-31 23:00:00,WH-HCM01,PROD-022,AUDIT_ADJUSTMENT,OUT,1,159.45,AUD-0011,Dieu chinh kiem ke: Ghi giam
MOV-02013,2024-03-31 23:00:00,WH-DN01,PROD-002,AUDIT_ADJUSTMENT,IN,1,122.58,AUD-0012,Dieu chinh kiem ke: Ghi tang
MOV-02014,2024-03-31 23:00:00,WH-DN01,PROD-019,AUDIT_ADJUSTMENT,OUT,1,145.49,AUD-0014,Dieu chinh kiem ke: Ghi giam
MOV-00652,2024-04-01 00:30:00,WH-HN01,PROD-045,OUTBOUND_SALE,OUT,12,51.57,SO-87014,Xuat ban hang khach le & doanh nghiep
MOV-00653,2024-04-01 06:30:00,WH-HN01,PROD-010,OUTBOUND_SALE,OUT,12,27.88,SO-87061,Xuat ban hang khach le & doanh nghiep
MOV-00647,2024-04-01 07:30:00,WH-HN01,PROD-003,TRANSFER_IN,IN,4,22.23,TRF-8357,Dieu chuyen nhap tu WH-HCM01
MOV-00654,2024-04-01 14:30:00,WH-DN01,PROD-027,TRANSFER_OUT,OUT,7,40.94,TRF-8955,Dieu chuyen xuat sang WH-HCM01
MOV-00656,2024-04-01 17:30:00,WH-DN01,PROD-010,OUTBOUND_SALE,OUT,12,27.88,SO-89777,Xuat ban hang khach le & doanh nghiep
MOV-00657,2024-04-01 23:30:00,WH-DN01,PROD-045,OUTBOUND_SALE,OUT,6,51.57,SO-16460,Xuat ban hang khach le & doanh nghiep
MOV-00658,2024-04-02 05:30:00,WH-DN01,PROD-002,TRANSFER_OUT,OUT,10,122.58,TRF-5965,Dieu chuyen xuat sang WH-HCM01
MOV-00651,2024-04-02 07:30:00,WH-HCM01,PROD-006,TRANSFER_IN,IN,8,57.46,TRF-7510,Dieu chuyen nhap tu WH-HN01
MOV-00660,2024-04-02 10:30:00,WH-HCM01,PROD-044,INBOUND_PO,IN,26,94.76,PO-2024-030,Nhap hang theo don mua nha cung cap
MOV-00661,2024-04-02 14:30:00,WH-HCM01,PROD-029,OUTBOUND_SALE,OUT,8,142.68,SO-45313,Xuat ban hang khach le & doanh nghiep
MOV-00662,2024-04-02 20:30:00,WH-HN01,PROD-013,OUTBOUND_SALE,OUT,10,110.02,SO-37707,Xuat ban hang khach le & doanh nghiep
MOV-00655,2024-04-03 02:30:00,WH-HCM01,PROD-027,TRANSFER_IN,IN,7,40.94,TRF-8955,Dieu chuyen nhap tu WH-DN01
MOV-00663,2024-04-03 02:30:00,WH-HCM01,PROD-024,INBOUND_PO,IN,23,33.84,PO-2024-068,Nhap hang theo don mua nha cung cap
MOV-00664,2024-04-03 06:30:00,WH-HCM01,PROD-033,OUTBOUND_SALE,OUT,9,159.31,SO-27779,Xuat ban hang khach le & doanh nghiep
MOV-00665,2024-04-03 09:30:00,WH-HN01,PROD-004,OUTBOUND_SALE,OUT,6,110.28,SO-14334,Xuat ban hang khach le & doanh nghiep
MOV-00666,2024-04-03 15:30:00,WH-DN01,PROD-046,OUTBOUND_SALE,OUT,6,146.15,SO-45910,Xuat ban hang khach le & doanh nghiep
MOV-00659,2024-04-03 17:30:00,WH-HCM01,PROD-002,TRANSFER_IN,IN,10,122.58,TRF-5965,Dieu chuyen nhap tu WH-DN01
MOV-00667,2024-04-03 20:30:00,WH-HCM01,PROD-026,INBOUND_PO,IN,60,141.61,PO-2024-016,Nhap hang theo don mua nha cung cap
MOV-00668,2024-04-03 23:30:00,WH-DN01,PROD-039,OUTBOUND_SALE,OUT,10,31.39,SO-33276,Xuat ban hang khach le & doanh nghiep
MOV-00669,2024-04-04 05:30:00,WH-DN01,PROD-023,OUTBOUND_SALE,OUT,5,114.8,SO-43903,Xuat ban hang khach le & doanh nghiep
MOV-00670,2024-04-04 08:30:00,WH-DN01,PROD-004,OUTBOUND_SALE,OUT,5,110.28,SO-85007,Xuat ban hang khach le & doanh nghiep
MOV-00671,2024-04-04 17:30:00,WH-HCM01,PROD-002,OUTBOUND_SALE,OUT,13,122.58,SO-11166,Xuat ban hang khach le & doanh nghiep
MOV-00672,2024-04-04 23:30:00,WH-HCM01,PROD-012,TRANSFER_OUT,OUT,5,41.1,TRF-5135,Dieu chuyen xuat sang WH-HN01
MOV-00674,2024-04-05 04:30:00,WH-DN01,PROD-023,OUTBOUND_SALE,OUT,10,114.8,SO-43029,Xuat ban hang khach le & doanh nghiep
MOV-00675,2024-04-05 08:30:00,WH-HCM01,PROD-034,OUTBOUND_SALE,OUT,12,35.18,SO-62055,Xuat ban hang khach le & doanh nghiep
MOV-00676,2024-04-05 11:30:00,WH-HCM01,PROD-024,OUTBOUND_SALE,OUT,11,33.84,SO-94848,Xuat ban hang khach le & doanh nghiep
MOV-00677,2024-04-05 16:30:00,WH-HN01,PROD-031,OUTBOUND_SALE,OUT,4,152.45,SO-54077,Xuat ban hang khach le & doanh nghiep
MOV-00678,2024-04-05 21:30:00,WH-DN01,PROD-017,OUTBOUND_SALE,OUT,13,74.18,SO-95389,Xuat ban hang khach le & doanh nghiep
MOV-00679,2024-04-06 02:30:00,WH-HCM01,PROD-049,OUTBOUND_SALE,OUT,6,48.91,SO-17441,Xuat ban hang khach le & doanh nghiep
MOV-00680,2024-04-06 08:30:00,WH-HCM01,PROD-009,OUTBOUND_SALE,OUT,14,135.78,SO-13336,Xuat ban hang khach le & doanh nghiep
MOV-00673,2024-04-06 11:30:00,WH-HN01,PROD-012,TRANSFER_IN,IN,5,41.1,TRF-5135,Dieu chuyen nhap tu WH-HCM01
MOV-00681,2024-04-06 14:30:00,WH-DN01,PROD-027,SCRAP_DAMAGED,OUT,2,40.94,SCRAP-7361,Xuat huy hang can date/hong vo trong kho
MOV-00682,2024-04-06 17:30:00,WH-HCM01,PROD-013,OUTBOUND_SALE,OUT,8,110.02,SO-39145,Xuat ban hang khach le & doanh nghiep
MOV-00683,2024-04-06 23:30:00,WH-HCM01,PROD-023,TRANSFER_OUT,OUT,10,114.8,TRF-3785,Dieu chuyen xuat sang WH-DN01
MOV-00685,2024-04-07 04:30:00,WH-HN01,PROD-048,OUTBOUND_SALE,OUT,7,159.35,SO-83273,Xuat ban hang khach le & doanh nghiep
MOV-00686,2024-04-07 08:30:00,WH-DN01,PROD-042,RETURN_CUSTOMER,IN,1,81.7,RMA-4641,Khach tra hang da kiem tra dat tieu chuan
MOV-00687,2024-04-07 13:30:00,WH-DN01,PROD-027,OUTBOUND_SALE,OUT,8,40.94,SO-58717,Xuat ban hang khach le & doanh nghiep
MOV-00688,2024-04-07 18:30:00,WH-DN01,PROD-008,OUTBOUND_SALE,OUT,10,83.24,SO-17035,Xuat ban hang khach le & doanh nghiep
MOV-00689,2024-04-07 21:30:00,WH-HN01,PROD-033,OUTBOUND_SALE,OUT,1,159.31,SO-99220,Xuat ban hang khach le & doanh nghiep
MOV-00684,2024-04-07 23:30:00,WH-DN01,PROD-023,TRANSFER_IN,IN,10,114.8,TRF-3785,Dieu chuyen nhap tu WH-HCM01
MOV-00690,2024-04-08 07:30:00,WH-HN01,PROD-022,OUTBOUND_SALE,OUT,9,159.45,SO-84632,Xuat ban hang khach le & doanh nghiep
MOV-00691,2024-04-08 13:30:00,WH-HCM01,PROD-012,OUTBOUND_SALE,OUT,4,41.1,SO-73908,Xuat ban hang khach le & doanh nghiep
MOV-00692,2024-04-08 18:30:00,WH-HN01,PROD-021,OUTBOUND_SALE,OUT,13,130.48,SO-17603,Xuat ban hang khach le & doanh nghiep
MOV-00693,2024-04-09 04:30:00,WH-DN01,PROD-041,OUTBOUND_SALE,OUT,9,66.18,SO-62873,Xuat ban hang khach le & doanh nghiep
MOV-00694,2024-04-09 10:30:00,WH-DN01,PROD-001,RETURN_VENDOR,OUT,1,108.8,RTV-9745,Tra hang loi cho nha cung cap
MOV-00695,2024-04-09 14:30:00,WH-HN01,PROD-021,INBOUND_PO,IN,53,130.48,PO-2024-025,Nhap hang theo don mua nha cung cap
MOV-00696,2024-04-09 17:30:00,WH-HCM01,PROD-047,OUTBOUND_SALE,OUT,6,129.34,SO-39657,Xuat ban hang khach le & doanh nghiep
MOV-00697,2024-04-09 22:30:00,WH-HN01,PROD-025,OUTBOUND_SALE,OUT,11,142.37,SO-87158,Xuat ban hang khach le & doanh nghiep
MOV-00698,2024-04-10 03:30:00,WH-HN01,PROD-020,OUTBOUND_SALE,OUT,7,30.91,SO-69759,Xuat ban hang khach le & doanh nghiep
MOV-00699,2024-04-10 08:30:00,WH-HCM01,PROD-009,OUTBOUND_SALE,OUT,8,135.78,SO-74248,Xuat ban hang khach le & doanh nghiep
MOV-00700,2024-04-10 13:30:00,WH-HN01,PROD-026,INBOUND_PO,IN,21,141.61,PO-2024-030,Nhap hang theo don mua nha cung cap
MOV-00701,2024-04-10 17:30:00,WH-HN01,PROD-014,INBOUND_PO,IN,21,41.2,PO-2024-080,Nhap hang theo don mua nha cung cap
MOV-00702,2024-04-10 21:30:00,WH-HCM01,PROD-042,OUTBOUND_SALE,OUT,3,81.7,SO-59177,Xuat ban hang khach le & doanh nghiep
MOV-00703,2024-04-11 02:30:00,WH-HCM01,PROD-004,INBOUND_PO,IN,58,110.28,PO-2024-007,Nhap hang theo don mua nha cung cap
MOV-00704,2024-04-11 05:30:00,WH-HN01,PROD-004,OUTBOUND_SALE,OUT,14,110.28,SO-25176,Xuat ban hang khach le & doanh nghiep
MOV-00705,2024-04-11 11:30:00,WH-HN01,PROD-036,OUTBOUND_SALE,OUT,7,50.51,SO-72180,Xuat ban hang khach le & doanh nghiep
MOV-00706,2024-04-11 15:30:00,WH-HCM01,PROD-041,OUTBOUND_SALE,OUT,3,66.18,SO-49467,Xuat ban hang khach le & doanh nghiep
MOV-00707,2024-04-11 21:30:00,WH-HCM01,PROD-034,OUTBOUND_SALE,OUT,7,35.18,SO-91631,Xuat ban hang khach le & doanh nghiep
MOV-00708,2024-04-12 08:30:00,WH-DN01,PROD-034,OUTBOUND_SALE,OUT,6,35.18,SO-56913,Xuat ban hang khach le & doanh nghiep
MOV-00709,2024-04-12 14:30:00,WH-HN01,PROD-036,OUTBOUND_SALE,OUT,7,50.51,SO-37222,Xuat ban hang khach le & doanh nghiep
MOV-00710,2024-04-12 20:30:00,WH-HN01,PROD-001,OUTBOUND_SALE,OUT,13,108.8,SO-21665,Xuat ban hang khach le & doanh nghiep
MOV-00711,2024-04-12 23:30:00,WH-HCM01,PROD-032,INBOUND_PO,IN,29,94.58,PO-2024-012,Nhap hang theo don mua nha cung cap
MOV-00712,2024-04-13 02:30:00,WH-HN01,PROD-017,INBOUND_PO,IN,34,74.18,PO-2024-061,Nhap hang theo don mua nha cung cap
MOV-00713,2024-04-13 07:30:00,WH-HN01,PROD-007,OUTBOUND_SALE,OUT,5,31.73,SO-15170,Xuat ban hang khach le & doanh nghiep
MOV-00714,2024-04-13 12:30:00,WH-HCM01,PROD-021,OUTBOUND_SALE,OUT,9,130.48,SO-25191,Xuat ban hang khach le & doanh nghiep
MOV-00715,2024-04-13 19:30:00,WH-DN01,PROD-040,OUTBOUND_SALE,OUT,7,140.66,SO-22183,Xuat ban hang khach le & doanh nghiep
MOV-00716,2024-04-14 00:30:00,WH-HN01,PROD-008,INBOUND_PO,IN,45,83.24,PO-2024-053,Nhap hang theo don mua nha cung cap
MOV-00717,2024-04-14 06:30:00,WH-DN01,PROD-045,OUTBOUND_SALE,OUT,10,51.57,SO-65278,Xuat ban hang khach le & doanh nghiep
MOV-00718,2024-04-14 10:30:00,WH-HCM01,PROD-047,OUTBOUND_SALE,OUT,3,129.34,SO-30892,Xuat ban hang khach le & doanh nghiep
MOV-00719,2024-04-14 13:30:00,WH-HCM01,PROD-031,OUTBOUND_SALE,OUT,12,152.45,SO-98918,Xuat ban hang khach le & doanh nghiep
MOV-00720,2024-04-14 19:30:00,WH-DN01,PROD-050,OUTBOUND_SALE,OUT,8,25.12,SO-90131,Xuat ban hang khach le & doanh nghiep
MOV-00721,2024-04-14 22:30:00,WH-HCM01,PROD-009,TRANSFER_OUT,OUT,7,135.78,TRF-2850,Dieu chuyen xuat sang WH-DN01
MOV-00723,2024-04-15 04:30:00,WH-DN01,PROD-042,OUTBOUND_SALE,OUT,8,81.7,SO-11620,Xuat ban hang khach le & doanh nghiep
MOV-00724,2024-04-15 08:30:00,WH-HCM01,PROD-022,RETURN_VENDOR,OUT,3,159.45,RTV-9570,Tra hang loi cho nha cung cap
MOV-00725,2024-04-15 11:30:00,WH-HCM01,PROD-016,OUTBOUND_SALE,OUT,10,56.02,SO-55318,Xuat ban hang khach le & doanh nghiep
MOV-00726,2024-04-15 17:30:00,WH-HCM01,PROD-040,OUTBOUND_SALE,OUT,3,140.66,SO-11526,Xuat ban hang khach le & doanh nghiep
MOV-00727,2024-04-15 21:30:00,WH-DN01,PROD-032,OUTBOUND_SALE,OUT,5,94.58,SO-19812,Xuat ban hang khach le & doanh nghiep
MOV-00728,2024-04-16 03:30:00,WH-DN01,PROD-018,OUTBOUND_SALE,OUT,3,53.02,SO-76444,Xuat ban hang khach le & doanh nghiep
MOV-00729,2024-04-16 07:30:00,WH-DN01,PROD-026,OUTBOUND_SALE,OUT,6,141.61,SO-20332,Xuat ban hang khach le & doanh nghiep
MOV-00722,2024-04-16 10:30:00,WH-DN01,PROD-009,TRANSFER_IN,IN,7,135.78,TRF-2850,Dieu chuyen nhap tu WH-HCM01
MOV-00730,2024-04-16 13:30:00,WH-HCM01,PROD-029,OUTBOUND_SALE,OUT,4,142.68,SO-75333,Xuat ban hang khach le & doanh nghiep
MOV-00731,2024-04-16 19:30:00,WH-DN01,PROD-048,OUTBOUND_SALE,OUT,13,159.35,SO-12329,Xuat ban hang khach le & doanh nghiep
MOV-00732,2024-04-17 01:30:00,WH-HCM01,PROD-040,INBOUND_PO,IN,60,140.66,PO-2024-039,Nhap hang theo don mua nha cung cap
MOV-00733,2024-04-17 05:30:00,WH-DN01,PROD-022,OUTBOUND_SALE,OUT,8,159.45,SO-17113,Xuat ban hang khach le & doanh nghiep
MOV-00734,2024-04-17 09:30:00,WH-DN01,PROD-036,INBOUND_PO,IN,59,50.51,PO-2024-081,Nhap hang theo don mua nha cung cap
MOV-00735,2024-04-17 15:30:00,WH-DN01,PROD-046,INBOUND_PO,IN,48,146.15,PO-2024-015,Nhap hang theo don mua nha cung cap
MOV-00736,2024-04-17 18:30:00,WH-HN01,PROD-001,INBOUND_PO,IN,41,108.8,PO-2024-047,Nhap hang theo don mua nha cung cap
MOV-00737,2024-04-17 23:30:00,WH-DN01,PROD-045,OUTBOUND_SALE,OUT,4,51.57,SO-16000,Xuat ban hang khach le & doanh nghiep
MOV-00738,2024-04-18 09:30:00,WH-HCM01,PROD-013,OUTBOUND_SALE,OUT,6,110.02,SO-25826,Xuat ban hang khach le & doanh nghiep
MOV-00739,2024-04-18 20:30:00,WH-DN01,PROD-003,OUTBOUND_SALE,OUT,13,22.23,SO-98098,Xuat ban hang khach le & doanh nghiep
MOV-00740,2024-04-18 23:30:00,WH-DN01,PROD-030,INBOUND_PO,IN,57,27.83,PO-2024-067,Nhap hang theo don mua nha cung cap
MOV-00741,2024-04-19 03:30:00,WH-HN01,PROD-034,RETURN_VENDOR,OUT,3,35.18,RTV-1795,Tra hang loi cho nha cung cap
MOV-00742,2024-04-19 09:30:00,WH-DN01,PROD-033,INBOUND_PO,IN,31,159.31,PO-2024-078,Nhap hang theo don mua nha cung cap
MOV-00743,2024-04-19 13:30:00,WH-HN01,PROD-007,INBOUND_PO,IN,44,31.73,PO-2024-089,Nhap hang theo don mua nha cung cap
MOV-00744,2024-04-19 18:30:00,WH-DN01,PROD-027,OUTBOUND_SALE,OUT,12,40.94,SO-42537,Xuat ban hang khach le & doanh nghiep
MOV-00745,2024-04-19 23:30:00,WH-DN01,PROD-019,OUTBOUND_SALE,OUT,10,145.49,SO-27481,Xuat ban hang khach le & doanh nghiep
MOV-00746,2024-04-20 08:30:00,WH-HCM01,PROD-021,INBOUND_PO,IN,55,130.48,PO-2024-085,Nhap hang theo don mua nha cung cap
MOV-00747,2024-04-20 12:30:00,WH-HCM01,PROD-046,OUTBOUND_SALE,OUT,7,146.15,SO-99995,Xuat ban hang khach le & doanh nghiep
MOV-00748,2024-04-20 22:30:00,WH-DN01,PROD-036,INBOUND_PO,IN,50,50.51,PO-2024-078,Nhap hang theo don mua nha cung cap
MOV-00749,2024-04-21 04:30:00,WH-HCM01,PROD-019,OUTBOUND_SALE,OUT,9,145.49,SO-11673,Xuat ban hang khach le & doanh nghiep
MOV-00750,2024-04-21 10:30:00,WH-HN01,PROD-019,OUTBOUND_SALE,OUT,13,145.49,SO-42841,Xuat ban hang khach le & doanh nghiep
MOV-00751,2024-04-21 14:30:00,WH-HCM01,PROD-019,INBOUND_PO,IN,33,145.49,PO-2024-072,Nhap hang theo don mua nha cung cap
MOV-00752,2024-04-21 17:30:00,WH-DN01,PROD-007,OUTBOUND_SALE,OUT,12,31.73,SO-98542,Xuat ban hang khach le & doanh nghiep
MOV-00753,2024-04-21 21:30:00,WH-HCM01,PROD-025,INBOUND_PO,IN,35,142.37,PO-2024-068,Nhap hang theo don mua nha cung cap
MOV-00754,2024-04-22 02:30:00,WH-HN01,PROD-025,INBOUND_PO,IN,44,142.37,PO-2024-055,Nhap hang theo don mua nha cung cap
MOV-00755,2024-04-22 07:30:00,WH-HN01,PROD-001,RETURN_VENDOR,OUT,3,108.8,RTV-5117,Tra hang loi cho nha cung cap
MOV-00756,2024-04-22 11:30:00,WH-DN01,PROD-015,OUTBOUND_SALE,OUT,13,127.1,SO-94886,Xuat ban hang khach le & doanh nghiep
MOV-00757,2024-04-22 16:30:00,WH-HCM01,PROD-048,INBOUND_PO,IN,58,159.35,PO-2024-026,Nhap hang theo don mua nha cung cap
MOV-00758,2024-04-22 20:30:00,WH-HN01,PROD-044,OUTBOUND_SALE,OUT,4,94.76,SO-34507,Xuat ban hang khach le & doanh nghiep
MOV-00759,2024-04-23 00:30:00,WH-HN01,PROD-025,INBOUND_PO,IN,22,142.37,PO-2024-056,Nhap hang theo don mua nha cung cap
MOV-00760,2024-04-23 05:30:00,WH-HN01,PROD-011,OUTBOUND_SALE,OUT,1,141.04,SO-43425,Xuat ban hang khach le & doanh nghiep
MOV-00761,2024-04-23 08:30:00,WH-HCM01,PROD-010,OUTBOUND_SALE,OUT,3,27.88,SO-30146,Xuat ban hang khach le & doanh nghiep
MOV-00762,2024-04-23 13:30:00,WH-HCM01,PROD-040,OUTBOUND_SALE,OUT,13,140.66,SO-49472,Xuat ban hang khach le & doanh nghiep
MOV-00763,2024-04-23 19:30:00,WH-HCM01,PROD-023,INBOUND_PO,IN,24,114.8,PO-2024-042,Nhap hang theo don mua nha cung cap
MOV-00764,2024-04-23 23:30:00,WH-HCM01,PROD-005,RETURN_CUSTOMER,IN,3,132.94,RMA-3611,Khach tra hang da kiem tra dat tieu chuan
MOV-00765,2024-04-24 05:30:00,WH-DN01,PROD-006,OUTBOUND_SALE,OUT,8,57.46,SO-38992,Xuat ban hang khach le & doanh nghiep
MOV-00766,2024-04-24 09:30:00,WH-DN01,PROD-024,OUTBOUND_SALE,OUT,7,33.84,SO-38632,Xuat ban hang khach le & doanh nghiep
MOV-00767,2024-04-24 18:30:00,WH-DN01,PROD-016,OUTBOUND_SALE,OUT,12,56.02,SO-90439,Xuat ban hang khach le & doanh nghiep
MOV-00768,2024-04-24 22:30:00,WH-HCM01,PROD-021,RETURN_CUSTOMER,IN,2,130.48,RMA-2857,Khach tra hang da kiem tra dat tieu chuan
MOV-00769,2024-04-25 04:30:00,WH-HCM01,PROD-019,OUTBOUND_SALE,OUT,3,145.49,SO-77746,Xuat ban hang khach le & doanh nghiep
MOV-00770,2024-04-25 09:30:00,WH-HCM01,PROD-029,OUTBOUND_SALE,OUT,10,142.68,SO-15747,Xuat ban hang khach le & doanh nghiep
MOV-00771,2024-04-25 14:30:00,WH-HN01,PROD-021,TRANSFER_OUT,OUT,4,130.48,TRF-3742,Dieu chuyen xuat sang WH-DN01
MOV-00773,2024-04-25 21:30:00,WH-DN01,PROD-007,TRANSFER_OUT,OUT,8,31.73,TRF-8130,Dieu chuyen xuat sang WH-HN01
MOV-00775,2024-04-26 01:30:00,WH-HCM01,PROD-022,OUTBOUND_SALE,OUT,3,159.45,SO-21471,Xuat ban hang khach le & doanh nghiep
MOV-00776,2024-04-26 04:30:00,WH-DN01,PROD-036,OUTBOUND_SALE,OUT,4,50.51,SO-85361,Xuat ban hang khach le & doanh nghiep
MOV-00777,2024-04-26 08:30:00,WH-DN01,PROD-025,TRANSFER_OUT,OUT,9,142.37,TRF-7626,Dieu chuyen xuat sang WH-HCM01
MOV-00779,2024-04-26 13:30:00,WH-HCM01,PROD-008,OUTBOUND_SALE,OUT,3,83.24,SO-10773,Xuat ban hang khach le & doanh nghiep
MOV-00772,2024-04-26 14:30:00,WH-DN01,PROD-021,TRANSFER_IN,IN,4,130.48,TRF-3742,Dieu chuyen nhap tu WH-HN01
MOV-00780,2024-04-26 16:30:00,WH-HCM01,PROD-003,INBOUND_PO,IN,24,22.23,PO-2024-047,Nhap hang theo don mua nha cung cap
MOV-00781,2024-04-26 19:30:00,WH-HCM01,PROD-020,OUTBOUND_SALE,OUT,12,30.91,SO-21338,Xuat ban hang khach le & doanh nghiep
MOV-00774,2024-04-26 21:30:00,WH-HN01,PROD-007,TRANSFER_IN,IN,8,31.73,TRF-8130,Dieu chuyen nhap tu WH-DN01
MOV-00782,2024-04-27 00:30:00,WH-DN01,PROD-025,INBOUND_PO,IN,45,142.37,PO-2024-089,Nhap hang theo don mua nha cung cap
MOV-00783,2024-04-27 03:30:00,WH-HCM01,PROD-015,OUTBOUND_SALE,OUT,5,127.1,SO-61248,Xuat ban hang khach le & doanh nghiep
MOV-00784,2024-04-27 08:30:00,WH-HN01,PROD-020,RETURN_VENDOR,OUT,3,30.91,RTV-7113,Tra hang loi cho nha cung cap
MOV-00785,2024-04-27 14:30:00,WH-HCM01,PROD-039,OUTBOUND_SALE,OUT,9,31.39,SO-80405,Xuat ban hang khach le & doanh nghiep
MOV-00786,2024-04-27 17:30:00,WH-HCM01,PROD-048,OUTBOUND_SALE,OUT,14,159.35,SO-55069,Xuat ban hang khach le & doanh nghiep
MOV-00778,2024-04-27 20:30:00,WH-HCM01,PROD-025,TRANSFER_IN,IN,9,142.37,TRF-7626,Dieu chuyen nhap tu WH-DN01
MOV-00787,2024-04-28 01:30:00,WH-HN01,PROD-040,OUTBOUND_SALE,OUT,7,140.66,SO-35470,Xuat ban hang khach le & doanh nghiep
MOV-00788,2024-04-28 04:30:00,WH-HCM01,PROD-004,OUTBOUND_SALE,OUT,11,110.28,SO-70458,Xuat ban hang khach le & doanh nghiep
MOV-00789,2024-04-28 07:30:00,WH-HN01,PROD-017,OUTBOUND_SALE,OUT,4,74.18,SO-35875,Xuat ban hang khach le & doanh nghiep
MOV-00790,2024-04-28 13:30:00,WH-DN01,PROD-009,RETURN_CUSTOMER,IN,3,135.78,RMA-4842,Khach tra hang da kiem tra dat tieu chuan
MOV-00791,2024-04-28 16:30:00,WH-HN01,PROD-013,OUTBOUND_SALE,OUT,8,110.02,SO-73682,Xuat ban hang khach le & doanh nghiep
MOV-00792,2024-04-28 22:30:00,WH-HCM01,PROD-020,OUTBOUND_SALE,OUT,14,30.91,SO-86568,Xuat ban hang khach le & doanh nghiep
MOV-00793,2024-04-29 02:30:00,WH-DN01,PROD-021,OUTBOUND_SALE,OUT,9,130.48,SO-32103,Xuat ban hang khach le & doanh nghiep
MOV-00794,2024-04-29 11:30:00,WH-DN01,PROD-009,OUTBOUND_SALE,OUT,13,135.78,SO-53458,Xuat ban hang khach le & doanh nghiep
MOV-00795,2024-04-29 17:30:00,WH-DN01,PROD-050,OUTBOUND_SALE,OUT,6,25.12,SO-73828,Xuat ban hang khach le & doanh nghiep
MOV-00796,2024-04-29 20:30:00,WH-HCM01,PROD-006,OUTBOUND_SALE,OUT,7,57.46,SO-28350,Xuat ban hang khach le & doanh nghiep
MOV-00797,2024-04-30 00:30:00,WH-HCM01,PROD-005,OUTBOUND_SALE,OUT,14,132.94,SO-19882,Xuat ban hang khach le & doanh nghiep
MOV-00798,2024-04-30 03:30:00,WH-HCM01,PROD-002,INBOUND_PO,IN,57,122.58,PO-2024-078,Nhap hang theo don mua nha cung cap
MOV-00799,2024-04-30 09:30:00,WH-HN01,PROD-003,INBOUND_PO,IN,55,22.23,PO-2024-034,Nhap hang theo don mua nha cung cap
MOV-00800,2024-04-30 15:30:00,WH-HN01,PROD-024,OUTBOUND_SALE,OUT,5,33.84,SO-39269,Xuat ban hang khach le & doanh nghiep
MOV-00801,2024-05-01 03:30:00,WH-HCM01,PROD-044,INBOUND_PO,IN,30,94.76,PO-2024-068,Nhap hang theo don mua nha cung cap
MOV-00802,2024-05-01 07:30:00,WH-HN01,PROD-037,OUTBOUND_SALE,OUT,9,57.54,SO-96430,Xuat ban hang khach le & doanh nghiep
MOV-00803,2024-05-01 11:30:00,WH-DN01,PROD-023,INBOUND_PO,IN,22,114.8,PO-2024-029,Nhap hang theo don mua nha cung cap
MOV-00804,2024-05-01 17:30:00,WH-DN01,PROD-024,OUTBOUND_SALE,OUT,2,33.84,SO-15610,Xuat ban hang khach le & doanh nghiep
MOV-00805,2024-05-01 21:30:00,WH-DN01,PROD-025,OUTBOUND_SALE,OUT,10,142.37,SO-69591,Xuat ban hang khach le & doanh nghiep
MOV-00806,2024-05-02 00:30:00,WH-HCM01,PROD-021,OUTBOUND_SALE,OUT,4,130.48,SO-78337,Xuat ban hang khach le & doanh nghiep
MOV-00807,2024-05-02 05:30:00,WH-DN01,PROD-038,INBOUND_PO,IN,54,99.09,PO-2024-075,Nhap hang theo don mua nha cung cap
MOV-00808,2024-05-02 12:30:00,WH-DN01,PROD-015,OUTBOUND_SALE,OUT,4,127.1,SO-63194,Xuat ban hang khach le & doanh nghiep
MOV-00809,2024-05-02 17:30:00,WH-DN01,PROD-032,INBOUND_PO,IN,50,94.58,PO-2024-082,Nhap hang theo don mua nha cung cap
MOV-00810,2024-05-02 20:30:00,WH-HN01,PROD-029,OUTBOUND_SALE,OUT,5,142.68,SO-40145,Xuat ban hang khach le & doanh nghiep
MOV-00811,2024-05-02 23:30:00,WH-DN01,PROD-014,OUTBOUND_SALE,OUT,5,41.2,SO-34498,Xuat ban hang khach le & doanh nghiep
MOV-00812,2024-05-03 07:30:00,WH-DN01,PROD-047,OUTBOUND_SALE,OUT,4,129.34,SO-73113,Xuat ban hang khach le & doanh nghiep
MOV-00813,2024-05-03 13:30:00,WH-HCM01,PROD-011,OUTBOUND_SALE,OUT,12,141.04,SO-63857,Xuat ban hang khach le & doanh nghiep
MOV-00814,2024-05-03 20:30:00,WH-HCM01,PROD-003,OUTBOUND_SALE,OUT,12,22.23,SO-29249,Xuat ban hang khach le & doanh nghiep
MOV-00815,2024-05-03 23:30:00,WH-HN01,PROD-034,OUTBOUND_SALE,OUT,9,35.18,SO-88558,Xuat ban hang khach le & doanh nghiep
MOV-00816,2024-05-04 05:30:00,WH-HCM01,PROD-031,OUTBOUND_SALE,OUT,10,152.45,SO-32356,Xuat ban hang khach le & doanh nghiep
MOV-00817,2024-05-04 09:30:00,WH-HCM01,PROD-010,INBOUND_PO,IN,57,27.88,PO-2024-024,Nhap hang theo don mua nha cung cap
MOV-00818,2024-05-04 14:30:00,WH-HCM01,PROD-022,OUTBOUND_SALE,OUT,10,159.45,SO-88188,Xuat ban hang khach le & doanh nghiep
MOV-00819,2024-05-04 17:30:00,WH-DN01,PROD-009,OUTBOUND_SALE,OUT,4,135.78,SO-12170,Xuat ban hang khach le & doanh nghiep
MOV-00820,2024-05-04 21:30:00,WH-HCM01,PROD-044,OUTBOUND_SALE,OUT,9,94.76,SO-29603,Xuat ban hang khach le & doanh nghiep
MOV-00821,2024-05-05 00:30:00,WH-HCM01,PROD-039,OUTBOUND_SALE,OUT,3,31.39,SO-79655,Xuat ban hang khach le & doanh nghiep
MOV-00822,2024-05-05 03:30:00,WH-HCM01,PROD-009,OUTBOUND_SALE,OUT,12,135.78,SO-80685,Xuat ban hang khach le & doanh nghiep
MOV-00823,2024-05-05 06:30:00,WH-HCM01,PROD-042,TRANSFER_OUT,OUT,8,81.7,TRF-7892,Dieu chuyen xuat sang WH-DN01
MOV-00825,2024-05-05 09:30:00,WH-DN01,PROD-015,INBOUND_PO,IN,50,127.1,PO-2024-050,Nhap hang theo don mua nha cung cap
MOV-00826,2024-05-05 14:30:00,WH-HCM01,PROD-049,OUTBOUND_SALE,OUT,14,48.91,SO-85513,Xuat ban hang khach le & doanh nghiep
MOV-00827,2024-05-05 17:30:00,WH-DN01,PROD-031,OUTBOUND_SALE,OUT,6,152.45,SO-20986,Xuat ban hang khach le & doanh nghiep
MOV-00828,2024-05-05 22:30:00,WH-HCM01,PROD-027,OUTBOUND_SALE,OUT,7,40.94,SO-34775,Xuat ban hang khach le & doanh nghiep
MOV-00829,2024-05-06 01:30:00,WH-HN01,PROD-037,INBOUND_PO,IN,53,57.54,PO-2024-016,Nhap hang theo don mua nha cung cap
MOV-00830,2024-05-06 04:30:00,WH-HN01,PROD-045,OUTBOUND_SALE,OUT,8,51.57,SO-63588,Xuat ban hang khach le & doanh nghiep
MOV-00831,2024-05-06 09:30:00,WH-DN01,PROD-042,OUTBOUND_SALE,OUT,12,81.7,SO-43244,Xuat ban hang khach le & doanh nghiep
MOV-00824,2024-05-06 18:30:00,WH-DN01,PROD-042,TRANSFER_IN,IN,8,81.7,TRF-7892,Dieu chuyen nhap tu WH-HCM01
MOV-00832,2024-05-06 19:30:00,WH-DN01,PROD-049,SCRAP_DAMAGED,OUT,1,48.91,SCRAP-7770,Xuat huy hang can date/hong vo trong kho
MOV-00833,2024-05-07 01:30:00,WH-HCM01,PROD-036,OUTBOUND_SALE,OUT,10,50.51,SO-43263,Xuat ban hang khach le & doanh nghiep
MOV-00834,2024-05-07 06:30:00,WH-HCM01,PROD-026,OUTBOUND_SALE,OUT,14,141.61,SO-28096,Xuat ban hang khach le & doanh nghiep
MOV-00835,2024-05-07 09:30:00,WH-DN01,PROD-045,INBOUND_PO,IN,30,51.57,PO-2024-013,Nhap hang theo don mua nha cung cap
MOV-00836,2024-05-07 13:30:00,WH-DN01,PROD-036,OUTBOUND_SALE,OUT,12,50.51,SO-99727,Xuat ban hang khach le & doanh nghiep
MOV-00837,2024-05-07 19:30:00,WH-DN01,PROD-039,INBOUND_PO,IN,47,31.39,PO-2024-012,Nhap hang theo don mua nha cung cap
MOV-00838,2024-05-07 22:30:00,WH-DN01,PROD-006,OUTBOUND_SALE,OUT,12,57.46,SO-14948,Xuat ban hang khach le & doanh nghiep
MOV-00839,2024-05-08 04:30:00,WH-DN01,PROD-040,RETURN_CUSTOMER,IN,3,140.66,RMA-9536,Khach tra hang da kiem tra dat tieu chuan
MOV-00840,2024-05-08 09:30:00,WH-HCM01,PROD-004,INBOUND_PO,IN,31,110.28,PO-2024-086,Nhap hang theo don mua nha cung cap
MOV-00841,2024-05-08 15:30:00,WH-HN01,PROD-043,OUTBOUND_SALE,OUT,11,149.1,SO-47487,Xuat ban hang khach le & doanh nghiep
MOV-00842,2024-05-08 23:30:00,WH-HCM01,PROD-003,OUTBOUND_SALE,OUT,8,22.23,SO-41359,Xuat ban hang khach le & doanh nghiep
MOV-00843,2024-05-09 02:30:00,WH-HN01,PROD-018,RETURN_VENDOR,OUT,2,53.02,RTV-6785,Tra hang loi cho nha cung cap
MOV-00844,2024-05-09 08:30:00,WH-HN01,PROD-034,OUTBOUND_SALE,OUT,3,35.18,SO-18993,Xuat ban hang khach le & doanh nghiep
MOV-00845,2024-05-09 11:30:00,WH-HCM01,PROD-036,OUTBOUND_SALE,OUT,8,50.51,SO-55625,Xuat ban hang khach le & doanh nghiep
MOV-00846,2024-05-09 16:30:00,WH-DN01,PROD-015,RETURN_VENDOR,OUT,3,127.1,RTV-4187,Tra hang loi cho nha cung cap
MOV-00847,2024-05-10 05:30:00,WH-DN01,PROD-008,OUTBOUND_SALE,OUT,11,83.24,SO-43776,Xuat ban hang khach le & doanh nghiep
MOV-00848,2024-05-10 10:30:00,WH-DN01,PROD-037,INBOUND_PO,IN,50,57.54,PO-2024-032,Nhap hang theo don mua nha cung cap
MOV-00849,2024-05-10 15:30:00,WH-DN01,PROD-044,RETURN_VENDOR,OUT,2,94.76,RTV-1448,Tra hang loi cho nha cung cap
MOV-00850,2024-05-10 21:30:00,WH-HN01,PROD-025,OUTBOUND_SALE,OUT,13,142.37,SO-38885,Xuat ban hang khach le & doanh nghiep
MOV-00851,2024-05-11 01:30:00,WH-DN01,PROD-023,INBOUND_PO,IN,53,114.8,PO-2024-071,Nhap hang theo don mua nha cung cap
MOV-00852,2024-05-11 04:30:00,WH-DN01,PROD-016,INBOUND_PO,IN,38,56.02,PO-2024-012,Nhap hang theo don mua nha cung cap
MOV-00853,2024-05-11 14:30:00,WH-DN01,PROD-014,OUTBOUND_SALE,OUT,10,41.2,SO-45268,Xuat ban hang khach le & doanh nghiep
MOV-00854,2024-05-11 18:30:00,WH-HCM01,PROD-013,RETURN_CUSTOMER,IN,2,110.02,RMA-4271,Khach tra hang da kiem tra dat tieu chuan
MOV-00855,2024-05-11 22:30:00,WH-DN01,PROD-014,INBOUND_PO,IN,34,41.2,PO-2024-026,Nhap hang theo don mua nha cung cap
MOV-00856,2024-05-12 02:30:00,WH-DN01,PROD-010,INBOUND_PO,IN,26,27.88,PO-2024-016,Nhap hang theo don mua nha cung cap
MOV-00857,2024-05-12 05:30:00,WH-HCM01,PROD-032,OUTBOUND_SALE,OUT,12,94.58,SO-10868,Xuat ban hang khach le & doanh nghiep
MOV-00858,2024-05-12 08:30:00,WH-DN01,PROD-040,INBOUND_PO,IN,40,140.66,PO-2024-066,Nhap hang theo don mua nha cung cap
MOV-00859,2024-05-12 13:30:00,WH-HCM01,PROD-018,OUTBOUND_SALE,OUT,7,53.02,SO-39110,Xuat ban hang khach le & doanh nghiep
MOV-00860,2024-05-12 17:30:00,WH-DN01,PROD-031,OUTBOUND_SALE,OUT,11,152.45,SO-14268,Xuat ban hang khach le & doanh nghiep
MOV-00861,2024-05-13 02:30:00,WH-HN01,PROD-045,OUTBOUND_SALE,OUT,3,51.57,SO-70302,Xuat ban hang khach le & doanh nghiep
MOV-00862,2024-05-13 07:30:00,WH-HN01,PROD-044,INBOUND_PO,IN,33,94.76,PO-2024-050,Nhap hang theo don mua nha cung cap
MOV-00863,2024-05-13 10:30:00,WH-HCM01,PROD-017,OUTBOUND_SALE,OUT,5,74.18,SO-81901,Xuat ban hang khach le & doanh nghiep
MOV-00864,2024-05-13 15:30:00,WH-DN01,PROD-040,OUTBOUND_SALE,OUT,8,140.66,SO-57962,Xuat ban hang khach le & doanh nghiep
MOV-00865,2024-05-13 19:30:00,WH-HN01,PROD-027,OUTBOUND_SALE,OUT,14,40.94,SO-58799,Xuat ban hang khach le & doanh nghiep
MOV-00866,2024-05-14 00:30:00,WH-DN01,PROD-029,TRANSFER_OUT,OUT,8,142.68,TRF-3148,Dieu chuyen xuat sang WH-HN01
MOV-00868,2024-05-14 03:30:00,WH-HN01,PROD-036,INBOUND_PO,IN,47,50.51,PO-2024-050,Nhap hang theo don mua nha cung cap
MOV-00869,2024-05-14 07:30:00,WH-HCM01,PROD-010,OUTBOUND_SALE,OUT,10,27.88,SO-11276,Xuat ban hang khach le & doanh nghiep
MOV-00870,2024-05-14 11:30:00,WH-HN01,PROD-041,OUTBOUND_SALE,OUT,11,66.18,SO-79990,Xuat ban hang khach le & doanh nghiep
MOV-00871,2024-05-14 16:30:00,WH-DN01,PROD-017,INBOUND_PO,IN,55,74.18,PO-2024-075,Nhap hang theo don mua nha cung cap
MOV-00872,2024-05-14 22:30:00,WH-DN01,PROD-031,OUTBOUND_SALE,OUT,13,152.45,SO-22622,Xuat ban hang khach le & doanh nghiep
MOV-00867,2024-05-15 00:30:00,WH-HN01,PROD-029,TRANSFER_IN,IN,8,142.68,TRF-3148,Dieu chuyen nhap tu WH-DN01
MOV-00873,2024-05-15 04:30:00,WH-DN01,PROD-024,INBOUND_PO,IN,43,33.84,PO-2024-074,Nhap hang theo don mua nha cung cap
MOV-00874,2024-05-15 09:30:00,WH-DN01,PROD-008,OUTBOUND_SALE,OUT,8,83.24,SO-99074,Xuat ban hang khach le & doanh nghiep
MOV-00875,2024-05-15 13:30:00,WH-HCM01,PROD-042,OUTBOUND_SALE,OUT,11,81.7,SO-32877,Xuat ban hang khach le & doanh nghiep
MOV-00876,2024-05-16 00:30:00,WH-DN01,PROD-006,INBOUND_PO,IN,44,57.46,PO-2024-083,Nhap hang theo don mua nha cung cap
MOV-00877,2024-05-16 10:30:00,WH-HCM01,PROD-037,OUTBOUND_SALE,OUT,9,57.54,SO-19351,Xuat ban hang khach le & doanh nghiep
MOV-00878,2024-05-16 13:30:00,WH-HN01,PROD-021,OUTBOUND_SALE,OUT,8,130.48,SO-95591,Xuat ban hang khach le & doanh nghiep
MOV-00879,2024-05-16 18:30:00,WH-HCM01,PROD-042,INBOUND_PO,IN,45,81.7,PO-2024-035,Nhap hang theo don mua nha cung cap
MOV-00880,2024-05-17 00:30:00,WH-DN01,PROD-048,INBOUND_PO,IN,57,159.35,PO-2024-069,Nhap hang theo don mua nha cung cap
MOV-00881,2024-05-17 06:30:00,WH-HN01,PROD-002,OUTBOUND_SALE,OUT,5,122.58,SO-40753,Xuat ban hang khach le & doanh nghiep
MOV-00882,2024-05-17 11:30:00,WH-HCM01,PROD-048,RETURN_CUSTOMER,IN,1,159.35,RMA-4450,Khach tra hang da kiem tra dat tieu chuan
MOV-00883,2024-05-17 15:30:00,WH-HN01,PROD-005,OUTBOUND_SALE,OUT,7,132.94,SO-81884,Xuat ban hang khach le & doanh nghiep
MOV-00884,2024-05-17 18:30:00,WH-DN01,PROD-034,OUTBOUND_SALE,OUT,4,35.18,SO-23622,Xuat ban hang khach le & doanh nghiep
MOV-00885,2024-05-17 23:30:00,WH-HN01,PROD-042,OUTBOUND_SALE,OUT,9,81.7,SO-50549,Xuat ban hang khach le & doanh nghiep
MOV-00886,2024-05-18 03:30:00,WH-DN01,PROD-029,OUTBOUND_SALE,OUT,13,142.68,SO-26569,Xuat ban hang khach le & doanh nghiep
MOV-00887,2024-05-18 07:30:00,WH-HN01,PROD-002,OUTBOUND_SALE,OUT,3,122.58,SO-96972,Xuat ban hang khach le & doanh nghiep
MOV-00888,2024-05-18 21:30:00,WH-DN01,PROD-041,OUTBOUND_SALE,OUT,14,66.18,SO-93342,Xuat ban hang khach le & doanh nghiep
MOV-00889,2024-05-19 03:30:00,WH-HCM01,PROD-035,OUTBOUND_SALE,OUT,7,50.68,SO-55504,Xuat ban hang khach le & doanh nghiep
MOV-00890,2024-05-19 09:30:00,WH-HN01,PROD-029,OUTBOUND_SALE,OUT,7,142.68,SO-57943,Xuat ban hang khach le & doanh nghiep
MOV-00891,2024-05-19 15:30:00,WH-DN01,PROD-001,OUTBOUND_SALE,OUT,3,108.8,SO-78592,Xuat ban hang khach le & doanh nghiep
MOV-00892,2024-05-19 19:30:00,WH-DN01,PROD-035,OUTBOUND_SALE,OUT,3,50.68,SO-74478,Xuat ban hang khach le & doanh nghiep
MOV-00893,2024-05-20 01:30:00,WH-DN01,PROD-019,OUTBOUND_SALE,OUT,5,145.49,SO-40305,Xuat ban hang khach le & doanh nghiep
MOV-00894,2024-05-20 04:30:00,WH-HN01,PROD-027,OUTBOUND_SALE,OUT,11,40.94,SO-67292,Xuat ban hang khach le & doanh nghiep
MOV-00895,2024-05-20 10:30:00,WH-HCM01,PROD-048,OUTBOUND_SALE,OUT,13,159.35,SO-61081,Xuat ban hang khach le & doanh nghiep
MOV-00896,2024-05-20 16:30:00,WH-HN01,PROD-028,OUTBOUND_SALE,OUT,13,20.77,SO-41399,Xuat ban hang khach le & doanh nghiep
MOV-00897,2024-05-20 21:30:00,WH-HCM01,PROD-035,OUTBOUND_SALE,OUT,7,50.68,SO-64120,Xuat ban hang khach le & doanh nghiep
MOV-00898,2024-05-21 01:30:00,WH-HN01,PROD-009,TRANSFER_OUT,OUT,4,135.78,TRF-8460,Dieu chuyen xuat sang WH-HCM01
MOV-00900,2024-05-21 06:30:00,WH-DN01,PROD-013,INBOUND_PO,IN,40,110.02,PO-2024-003,Nhap hang theo don mua nha cung cap
MOV-00901,2024-05-21 10:30:00,WH-HCM01,PROD-002,OUTBOUND_SALE,OUT,5,122.58,SO-23405,Xuat ban hang khach le & doanh nghiep
MOV-00902,2024-05-21 15:30:00,WH-HCM01,PROD-029,OUTBOUND_SALE,OUT,7,142.68,SO-11075,Xuat ban hang khach le & doanh nghiep
MOV-00903,2024-05-21 23:30:00,WH-DN01,PROD-032,OUTBOUND_SALE,OUT,8,94.58,SO-70776,Xuat ban hang khach le & doanh nghiep
MOV-00904,2024-05-22 07:30:00,WH-HN01,PROD-035,INBOUND_PO,IN,50,50.68,PO-2024-024,Nhap hang theo don mua nha cung cap
MOV-00905,2024-05-22 11:30:00,WH-DN01,PROD-025,TRANSFER_OUT,OUT,4,142.37,TRF-5078,Dieu chuyen xuat sang WH-HN01
MOV-00899,2024-05-22 13:30:00,WH-HCM01,PROD-009,TRANSFER_IN,IN,4,135.78,TRF-8460,Dieu chuyen nhap tu WH-HN01
MOV-00907,2024-05-22 17:30:00,WH-HN01,PROD-013,OUTBOUND_SALE,OUT,10,110.02,SO-22315,Xuat ban hang khach le & doanh nghiep
MOV-00908,2024-05-22 21:30:00,WH-HCM01,PROD-020,OUTBOUND_SALE,OUT,8,30.91,SO-30789,Xuat ban hang khach le & doanh nghiep
MOV-00909,2024-05-23 00:30:00,WH-HCM01,PROD-034,INBOUND_PO,IN,27,35.18,PO-2024-033,Nhap hang theo don mua nha cung cap
MOV-00910,2024-05-23 09:30:00,WH-HN01,PROD-008,TRANSFER_OUT,OUT,9,83.24,TRF-8113,Dieu chuyen xuat sang WH-DN01
MOV-00912,2024-05-23 12:30:00,WH-DN01,PROD-038,OUTBOUND_SALE,OUT,4,99.09,SO-61879,Xuat ban hang khach le & doanh nghiep
MOV-00913,2024-05-23 16:30:00,WH-HN01,PROD-038,OUTBOUND_SALE,OUT,14,99.09,SO-72294,Xuat ban hang khach le & doanh nghiep
MOV-00906,2024-05-23 23:30:00,WH-HN01,PROD-025,TRANSFER_IN,IN,4,142.37,TRF-5078,Dieu chuyen nhap tu WH-DN01
MOV-00914,2024-05-24 00:30:00,WH-HCM01,PROD-040,OUTBOUND_SALE,OUT,8,140.66,SO-91937,Xuat ban hang khach le & doanh nghiep
MOV-00915,2024-05-24 03:30:00,WH-HCM01,PROD-010,OUTBOUND_SALE,OUT,14,27.88,SO-80300,Xuat ban hang khach le & doanh nghiep
MOV-00916,2024-05-24 06:30:00,WH-HN01,PROD-021,OUTBOUND_SALE,OUT,11,130.48,SO-94495,Xuat ban hang khach le & doanh nghiep
MOV-00917,2024-05-24 11:30:00,WH-DN01,PROD-047,INBOUND_PO,IN,32,129.34,PO-2024-003,Nhap hang theo don mua nha cung cap
MOV-00918,2024-05-24 17:30:00,WH-HN01,PROD-017,OUTBOUND_SALE,OUT,3,74.18,SO-73609,Xuat ban hang khach le & doanh nghiep
MOV-00911,2024-05-24 21:30:00,WH-DN01,PROD-008,TRANSFER_IN,IN,9,83.24,TRF-8113,Dieu chuyen nhap tu WH-HN01
MOV-00919,2024-05-24 23:30:00,WH-HCM01,PROD-045,OUTBOUND_SALE,OUT,6,51.57,SO-34874,Xuat ban hang khach le & doanh nghiep
MOV-00920,2024-05-25 03:30:00,WH-DN01,PROD-047,OUTBOUND_SALE,OUT,10,129.34,SO-46087,Xuat ban hang khach le & doanh nghiep
MOV-00921,2024-05-25 07:30:00,WH-HN01,PROD-029,OUTBOUND_SALE,OUT,7,142.68,SO-44517,Xuat ban hang khach le & doanh nghiep
MOV-00922,2024-05-25 18:30:00,WH-HN01,PROD-040,INBOUND_PO,IN,43,140.66,PO-2024-084,Nhap hang theo don mua nha cung cap
MOV-00923,2024-05-25 22:30:00,WH-HN01,PROD-043,OUTBOUND_SALE,OUT,11,149.1,SO-60789,Xuat ban hang khach le & doanh nghiep
MOV-00924,2024-05-26 06:30:00,WH-DN01,PROD-027,OUTBOUND_SALE,OUT,13,40.94,SO-52208,Xuat ban hang khach le & doanh nghiep
MOV-00925,2024-05-26 09:30:00,WH-HCM01,PROD-005,OUTBOUND_SALE,OUT,3,132.94,SO-27009,Xuat ban hang khach le & doanh nghiep
MOV-00926,2024-05-26 13:30:00,WH-HN01,PROD-007,TRANSFER_OUT,OUT,5,31.73,TRF-2617,Dieu chuyen xuat sang WH-HCM01
MOV-00928,2024-05-26 19:30:00,WH-HCM01,PROD-040,OUTBOUND_SALE,OUT,14,140.66,SO-87371,Xuat ban hang khach le & doanh nghiep
MOV-00929,2024-05-27 00:30:00,WH-HN01,PROD-039,OUTBOUND_SALE,OUT,14,31.39,SO-19289,Xuat ban hang khach le & doanh nghiep
MOV-00930,2024-05-27 03:30:00,WH-HN01,PROD-042,RETURN_CUSTOMER,IN,2,81.7,RMA-2310,Khach tra hang da kiem tra dat tieu chuan
MOV-00931,2024-05-27 09:30:00,WH-HN01,PROD-024,INBOUND_PO,IN,55,33.84,PO-2024-055,Nhap hang theo don mua nha cung cap
MOV-00927,2024-05-27 13:30:00,WH-HCM01,PROD-007,TRANSFER_IN,IN,5,31.73,TRF-2617,Dieu chuyen nhap tu WH-HN01
MOV-00932,2024-05-27 14:30:00,WH-HN01,PROD-040,INBOUND_PO,IN,37,140.66,PO-2024-070,Nhap hang theo don mua nha cung cap
MOV-00933,2024-05-27 17:30:00,WH-DN01,PROD-005,INBOUND_PO,IN,33,132.94,PO-2024-069,Nhap hang theo don mua nha cung cap
MOV-00934,2024-05-27 20:30:00,WH-HN01,PROD-035,OUTBOUND_SALE,OUT,9,50.68,SO-34832,Xuat ban hang khach le & doanh nghiep
MOV-00935,2024-05-28 00:30:00,WH-HN01,PROD-037,OUTBOUND_SALE,OUT,13,57.54,SO-33448,Xuat ban hang khach le & doanh nghiep
MOV-00936,2024-05-28 06:30:00,WH-HCM01,PROD-037,INBOUND_PO,IN,42,57.54,PO-2024-061,Nhap hang theo don mua nha cung cap
MOV-00937,2024-05-28 12:30:00,WH-HN01,PROD-012,TRANSFER_OUT,OUT,8,41.1,TRF-6529,Dieu chuyen xuat sang WH-HCM01
MOV-00939,2024-05-28 18:30:00,WH-DN01,PROD-036,RETURN_CUSTOMER,IN,2,50.51,RMA-7090,Khach tra hang da kiem tra dat tieu chuan
MOV-00940,2024-05-29 00:30:00,WH-DN01,PROD-047,INBOUND_PO,IN,40,129.34,PO-2024-082,Nhap hang theo don mua nha cung cap
MOV-00941,2024-05-29 04:30:00,WH-HN01,PROD-025,OUTBOUND_SALE,OUT,11,142.37,SO-43303,Xuat ban hang khach le & doanh nghiep
MOV-00942,2024-05-29 09:30:00,WH-DN01,PROD-026,RETURN_VENDOR,OUT,1,141.61,RTV-1567,Tra hang loi cho nha cung cap
MOV-00938,2024-05-29 12:30:00,WH-HCM01,PROD-012,TRANSFER_IN,IN,8,41.1,TRF-6529,Dieu chuyen nhap tu WH-HN01
MOV-00943,2024-05-29 14:30:00,WH-HCM01,PROD-009,OUTBOUND_SALE,OUT,7,135.78,SO-10860,Xuat ban hang khach le & doanh nghiep
MOV-00944,2024-05-29 19:30:00,WH-HN01,PROD-021,SCRAP_DAMAGED,OUT,1,130.48,SCRAP-5521,Xuat huy hang can date/hong vo trong kho
MOV-00945,2024-05-29 23:30:00,WH-DN01,PROD-023,OUTBOUND_SALE,OUT,5,114.8,SO-28141,Xuat ban hang khach le & doanh nghiep
MOV-00946,2024-05-30 04:30:00,WH-HCM01,PROD-016,OUTBOUND_SALE,OUT,2,56.02,SO-43586,Xuat ban hang khach le & doanh nghiep
MOV-00947,2024-05-30 09:30:00,WH-DN01,PROD-037,OUTBOUND_SALE,OUT,6,57.54,SO-20118,Xuat ban hang khach le & doanh nghiep
MOV-00948,2024-05-30 14:30:00,WH-HN01,PROD-032,INBOUND_PO,IN,56,94.58,PO-2024-013,Nhap hang theo don mua nha cung cap
MOV-00949,2024-05-30 19:30:00,WH-HCM01,PROD-025,OUTBOUND_SALE,OUT,4,142.37,SO-17329,Xuat ban hang khach le & doanh nghiep
MOV-00950,2024-05-31 00:30:00,WH-DN01,PROD-027,OUTBOUND_SALE,OUT,4,40.94,SO-39716,Xuat ban hang khach le & doanh nghiep
MOV-00951,2024-05-31 03:30:00,WH-HCM01,PROD-025,OUTBOUND_SALE,OUT,3,142.37,SO-49948,Xuat ban hang khach le & doanh nghiep
MOV-00952,2024-05-31 06:30:00,WH-HCM01,PROD-010,OUTBOUND_SALE,OUT,8,27.88,SO-75850,Xuat ban hang khach le & doanh nghiep
MOV-00953,2024-05-31 10:30:00,WH-HCM01,PROD-047,OUTBOUND_SALE,OUT,9,129.34,SO-68407,Xuat ban hang khach le & doanh nghiep
MOV-00954,2024-05-31 13:30:00,WH-DN01,PROD-026,OUTBOUND_SALE,OUT,5,141.61,SO-27326,Xuat ban hang khach le & doanh nghiep
MOV-00955,2024-05-31 18:30:00,WH-HCM01,PROD-048,OUTBOUND_SALE,OUT,3,159.35,SO-81847,Xuat ban hang khach le & doanh nghiep
MOV-00956,2024-06-01 00:30:00,WH-DN01,PROD-033,OUTBOUND_SALE,OUT,9,159.31,SO-27088,Xuat ban hang khach le & doanh nghiep
MOV-00957,2024-06-01 04:30:00,WH-HN01,PROD-032,OUTBOUND_SALE,OUT,9,94.58,SO-95491,Xuat ban hang khach le & doanh nghiep
MOV-00958,2024-06-01 08:30:00,WH-HCM01,PROD-034,OUTBOUND_SALE,OUT,6,35.18,SO-41760,Xuat ban hang khach le & doanh nghiep
MOV-00959,2024-06-01 11:30:00,WH-DN01,PROD-021,OUTBOUND_SALE,OUT,8,130.48,SO-85499,Xuat ban hang khach le & doanh nghiep
MOV-00960,2024-06-01 14:30:00,WH-DN01,PROD-028,OUTBOUND_SALE,OUT,8,20.77,SO-55653,Xuat ban hang khach le & doanh nghiep
MOV-00961,2024-06-01 18:30:00,WH-HCM01,PROD-042,OUTBOUND_SALE,OUT,3,81.7,SO-49953,Xuat ban hang khach le & doanh nghiep
MOV-00962,2024-06-02 02:30:00,WH-HN01,PROD-013,OUTBOUND_SALE,OUT,1,110.02,SO-58997,Xuat ban hang khach le & doanh nghiep
MOV-00963,2024-06-02 06:30:00,WH-HN01,PROD-008,INBOUND_PO,IN,23,83.24,PO-2024-032,Nhap hang theo don mua nha cung cap
MOV-00964,2024-06-02 13:30:00,WH-DN01,PROD-002,OUTBOUND_SALE,OUT,8,122.58,SO-37395,Xuat ban hang khach le & doanh nghiep
MOV-00965,2024-06-02 17:30:00,WH-HCM01,PROD-049,OUTBOUND_SALE,OUT,3,48.91,SO-81932,Xuat ban hang khach le & doanh nghiep
MOV-00966,2024-06-03 02:30:00,WH-HCM01,PROD-034,OUTBOUND_SALE,OUT,3,35.18,SO-43483,Xuat ban hang khach le & doanh nghiep
MOV-00967,2024-06-03 14:30:00,WH-DN01,PROD-043,OUTBOUND_SALE,OUT,13,149.1,SO-57214,Xuat ban hang khach le & doanh nghiep
MOV-00968,2024-06-03 17:30:00,WH-HCM01,PROD-025,OUTBOUND_SALE,OUT,6,142.37,SO-59899,Xuat ban hang khach le & doanh nghiep
MOV-00969,2024-06-03 20:30:00,WH-DN01,PROD-039,TRANSFER_OUT,OUT,5,31.39,TRF-4258,Dieu chuyen xuat sang WH-HN01
MOV-00971,2024-06-03 23:30:00,WH-HCM01,PROD-020,OUTBOUND_SALE,OUT,8,30.91,SO-74216,Xuat ban hang khach le & doanh nghiep
MOV-00972,2024-06-04 05:30:00,WH-HN01,PROD-023,INBOUND_PO,IN,42,114.8,PO-2024-047,Nhap hang theo don mua nha cung cap
MOV-00973,2024-06-04 13:30:00,WH-DN01,PROD-002,OUTBOUND_SALE,OUT,11,122.58,SO-46725,Xuat ban hang khach le & doanh nghiep
MOV-00974,2024-06-04 17:30:00,WH-DN01,PROD-043,OUTBOUND_SALE,OUT,5,149.1,SO-21507,Xuat ban hang khach le & doanh nghiep
MOV-00975,2024-06-04 23:30:00,WH-HCM01,PROD-040,OUTBOUND_SALE,OUT,13,140.66,SO-99983,Xuat ban hang khach le & doanh nghiep
MOV-00976,2024-06-05 03:30:00,WH-HCM01,PROD-010,OUTBOUND_SALE,OUT,9,27.88,SO-50944,Xuat ban hang khach le & doanh nghiep
MOV-00970,2024-06-05 08:30:00,WH-HN01,PROD-039,TRANSFER_IN,IN,5,31.39,TRF-4258,Dieu chuyen nhap tu WH-DN01
MOV-00977,2024-06-05 08:30:00,WH-HN01,PROD-014,OUTBOUND_SALE,OUT,13,41.2,SO-28163,Xuat ban hang khach le & doanh nghiep
MOV-00978,2024-06-05 12:30:00,WH-DN01,PROD-045,TRANSFER_OUT,OUT,7,51.57,TRF-3378,Dieu chuyen xuat sang WH-HN01
MOV-00980,2024-06-05 17:30:00,WH-HCM01,PROD-047,OUTBOUND_SALE,OUT,4,129.34,SO-34134,Xuat ban hang khach le & doanh nghiep
MOV-00981,2024-06-05 22:30:00,WH-HN01,PROD-047,INBOUND_PO,IN,21,129.34,PO-2024-042,Nhap hang theo don mua nha cung cap
MOV-00982,2024-06-06 04:30:00,WH-DN01,PROD-029,RETURN_VENDOR,OUT,3,142.68,RTV-5485,Tra hang loi cho nha cung cap
MOV-00983,2024-06-06 08:30:00,WH-HN01,PROD-009,INBOUND_PO,IN,31,135.78,PO-2024-004,Nhap hang theo don mua nha cung cap
MOV-00979,2024-06-06 12:30:00,WH-HN01,PROD-045,TRANSFER_IN,IN,7,51.57,TRF-3378,Dieu chuyen nhap tu WH-DN01
MOV-00984,2024-06-06 13:30:00,WH-HCM01,PROD-015,OUTBOUND_SALE,OUT,3,127.1,SO-40432,Xuat ban hang khach le & doanh nghiep
MOV-00985,2024-06-06 17:30:00,WH-DN01,PROD-006,INBOUND_PO,IN,50,57.46,PO-2024-018,Nhap hang theo don mua nha cung cap
MOV-00986,2024-06-06 23:30:00,WH-DN01,PROD-012,INBOUND_PO,IN,44,41.1,PO-2024-065,Nhap hang theo don mua nha cung cap
MOV-00987,2024-06-07 05:30:00,WH-HN01,PROD-015,OUTBOUND_SALE,OUT,3,127.1,SO-63554,Xuat ban hang khach le & doanh nghiep
MOV-00988,2024-06-07 08:30:00,WH-DN01,PROD-015,TRANSFER_OUT,OUT,10,127.1,TRF-4351,Dieu chuyen xuat sang WH-HN01
MOV-00990,2024-06-07 12:30:00,WH-DN01,PROD-040,TRANSFER_OUT,OUT,9,140.66,TRF-6323,Dieu chuyen xuat sang WH-HCM01
MOV-00992,2024-06-07 16:30:00,WH-HN01,PROD-039,OUTBOUND_SALE,OUT,11,31.39,SO-59856,Xuat ban hang khach le & doanh nghiep
MOV-00993,2024-06-07 21:30:00,WH-HCM01,PROD-037,OUTBOUND_SALE,OUT,12,57.54,SO-80275,Xuat ban hang khach le & doanh nghiep
MOV-00994,2024-06-08 00:30:00,WH-DN01,PROD-030,OUTBOUND_SALE,OUT,3,27.83,SO-42207,Xuat ban hang khach le & doanh nghiep
MOV-00995,2024-06-08 06:30:00,WH-HN01,PROD-036,SCRAP_DAMAGED,OUT,2,50.51,SCRAP-9456,Xuat huy hang can date/hong vo trong kho
MOV-00989,2024-06-08 08:30:00,WH-HN01,PROD-015,TRANSFER_IN,IN,10,127.1,TRF-4351,Dieu chuyen nhap tu WH-DN01
MOV-00996,2024-06-08 09:30:00,WH-DN01,PROD-026,OUTBOUND_SALE,OUT,7,141.61,SO-47475,Xuat ban hang khach le & doanh nghiep
MOV-00997,2024-06-08 15:30:00,WH-DN01,PROD-040,OUTBOUND_SALE,OUT,3,140.66,SO-77760,Xuat ban hang khach le & doanh nghiep
MOV-00998,2024-06-08 22:30:00,WH-HN01,PROD-012,INBOUND_PO,IN,57,41.1,PO-2024-072,Nhap hang theo don mua nha cung cap
MOV-00991,2024-06-09 00:30:00,WH-HCM01,PROD-040,TRANSFER_IN,IN,9,140.66,TRF-6323,Dieu chuyen nhap tu WH-DN01
MOV-00999,2024-06-09 02:30:00,WH-DN01,PROD-029,OUTBOUND_SALE,OUT,3,142.68,SO-33445,Xuat ban hang khach le & doanh nghiep
MOV-01000,2024-06-09 08:30:00,WH-HCM01,PROD-013,OUTBOUND_SALE,OUT,10,110.02,SO-21820,Xuat ban hang khach le & doanh nghiep
MOV-01001,2024-06-09 13:30:00,WH-HCM01,PROD-046,OUTBOUND_SALE,OUT,5,146.15,SO-26193,Xuat ban hang khach le & doanh nghiep
MOV-01002,2024-06-09 16:30:00,WH-DN01,PROD-041,OUTBOUND_SALE,OUT,8,66.18,SO-21181,Xuat ban hang khach le & doanh nghiep
MOV-01003,2024-06-09 22:30:00,WH-HCM01,PROD-040,INBOUND_PO,IN,30,140.66,PO-2024-050,Nhap hang theo don mua nha cung cap
MOV-01004,2024-06-10 04:30:00,WH-HN01,PROD-022,OUTBOUND_SALE,OUT,12,159.45,SO-96445,Xuat ban hang khach le & doanh nghiep
MOV-01005,2024-06-10 08:30:00,WH-HN01,PROD-012,OUTBOUND_SALE,OUT,14,41.1,SO-16725,Xuat ban hang khach le & doanh nghiep
MOV-01006,2024-06-10 20:30:00,WH-HN01,PROD-008,OUTBOUND_SALE,OUT,5,83.24,SO-36588,Xuat ban hang khach le & doanh nghiep
MOV-01007,2024-06-10 23:30:00,WH-DN01,PROD-001,OUTBOUND_SALE,OUT,7,108.8,SO-75225,Xuat ban hang khach le & doanh nghiep
MOV-01008,2024-06-11 17:30:00,WH-DN01,PROD-006,OUTBOUND_SALE,OUT,12,57.46,SO-88656,Xuat ban hang khach le & doanh nghiep
MOV-01009,2024-06-12 05:30:00,WH-HN01,PROD-043,OUTBOUND_SALE,OUT,12,149.1,SO-89073,Xuat ban hang khach le & doanh nghiep
MOV-01010,2024-06-13 03:30:00,WH-HN01,PROD-050,RETURN_CUSTOMER,IN,2,25.12,RMA-6289,Khach tra hang da kiem tra dat tieu chuan
MOV-01011,2024-06-13 11:30:00,WH-HN01,PROD-008,OUTBOUND_SALE,OUT,14,83.24,SO-45968,Xuat ban hang khach le & doanh nghiep
MOV-01012,2024-06-13 16:30:00,WH-HCM01,PROD-014,OUTBOUND_SALE,OUT,14,41.2,SO-37400,Xuat ban hang khach le & doanh nghiep
MOV-01013,2024-06-13 19:30:00,WH-HCM01,PROD-041,OUTBOUND_SALE,OUT,11,66.18,SO-21491,Xuat ban hang khach le & doanh nghiep
MOV-01014,2024-06-14 01:30:00,WH-HCM01,PROD-046,INBOUND_PO,IN,38,146.15,PO-2024-056,Nhap hang theo don mua nha cung cap
MOV-01015,2024-06-14 06:30:00,WH-HCM01,PROD-040,OUTBOUND_SALE,OUT,8,140.66,SO-27001,Xuat ban hang khach le & doanh nghiep
MOV-01016,2024-06-14 12:30:00,WH-HCM01,PROD-032,OUTBOUND_SALE,OUT,10,94.58,SO-33580,Xuat ban hang khach le & doanh nghiep
MOV-01017,2024-06-14 16:30:00,WH-HN01,PROD-001,INBOUND_PO,IN,27,108.8,PO-2024-004,Nhap hang theo don mua nha cung cap
MOV-01018,2024-06-14 22:30:00,WH-HN01,PROD-048,OUTBOUND_SALE,OUT,4,159.35,SO-90649,Xuat ban hang khach le & doanh nghiep
MOV-01019,2024-06-15 04:30:00,WH-DN01,PROD-023,OUTBOUND_SALE,OUT,11,114.8,SO-93558,Xuat ban hang khach le & doanh nghiep
MOV-01020,2024-06-15 08:30:00,WH-HN01,PROD-045,OUTBOUND_SALE,OUT,7,51.57,SO-43347,Xuat ban hang khach le & doanh nghiep
MOV-01021,2024-06-15 16:30:00,WH-HN01,PROD-044,INBOUND_PO,IN,41,94.76,PO-2024-045,Nhap hang theo don mua nha cung cap
MOV-01022,2024-06-15 22:30:00,WH-HCM01,PROD-002,INBOUND_PO,IN,31,122.58,PO-2024-025,Nhap hang theo don mua nha cung cap
MOV-01023,2024-06-16 03:30:00,WH-HCM01,PROD-031,INBOUND_PO,IN,50,152.45,PO-2024-005,Nhap hang theo don mua nha cung cap
MOV-01024,2024-06-16 07:30:00,WH-HCM01,PROD-030,OUTBOUND_SALE,OUT,11,27.83,SO-53923,Xuat ban hang khach le & doanh nghiep
MOV-01025,2024-06-16 13:30:00,WH-DN01,PROD-048,INBOUND_PO,IN,23,159.35,PO-2024-069,Nhap hang theo don mua nha cung cap
MOV-01026,2024-06-16 18:30:00,WH-HCM01,PROD-021,OUTBOUND_SALE,OUT,11,130.48,SO-80239,Xuat ban hang khach le & doanh nghiep
MOV-01027,2024-06-16 21:30:00,WH-HCM01,PROD-022,OUTBOUND_SALE,OUT,8,159.45,SO-18678,Xuat ban hang khach le & doanh nghiep
MOV-01028,2024-06-17 01:30:00,WH-HN01,PROD-022,OUTBOUND_SALE,OUT,9,159.45,SO-92118,Xuat ban hang khach le & doanh nghiep
MOV-01029,2024-06-17 05:30:00,WH-DN01,PROD-012,OUTBOUND_SALE,OUT,12,41.1,SO-25315,Xuat ban hang khach le & doanh nghiep
MOV-01030,2024-06-17 10:30:00,WH-DN01,PROD-046,INBOUND_PO,IN,22,146.15,PO-2024-035,Nhap hang theo don mua nha cung cap
MOV-01031,2024-06-17 16:30:00,WH-HN01,PROD-024,OUTBOUND_SALE,OUT,10,33.84,SO-49666,Xuat ban hang khach le & doanh nghiep
MOV-01032,2024-06-17 20:30:00,WH-HN01,PROD-008,OUTBOUND_SALE,OUT,8,83.24,SO-14901,Xuat ban hang khach le & doanh nghiep
MOV-01033,2024-06-18 00:30:00,WH-DN01,PROD-033,TRANSFER_OUT,OUT,10,159.31,TRF-8907,Dieu chuyen xuat sang WH-HN01
MOV-01035,2024-06-18 04:30:00,WH-DN01,PROD-047,OUTBOUND_SALE,OUT,11,129.34,SO-50679,Xuat ban hang khach le & doanh nghiep
MOV-01036,2024-06-18 09:30:00,WH-HN01,PROD-034,OUTBOUND_SALE,OUT,13,35.18,SO-27395,Xuat ban hang khach le & doanh nghiep
MOV-01037,2024-06-18 13:30:00,WH-DN01,PROD-025,INBOUND_PO,IN,53,142.37,PO-2024-015,Nhap hang theo don mua nha cung cap
MOV-01038,2024-06-18 16:30:00,WH-HN01,PROD-044,OUTBOUND_SALE,OUT,12,94.76,SO-21413,Xuat ban hang khach le & doanh nghiep
MOV-01039,2024-06-18 21:30:00,WH-HN01,PROD-007,OUTBOUND_SALE,OUT,11,31.73,SO-96374,Xuat ban hang khach le & doanh nghiep
MOV-01034,2024-06-19 00:30:00,WH-HN01,PROD-033,TRANSFER_IN,IN,10,159.31,TRF-8907,Dieu chuyen nhap tu WH-DN01
MOV-01040,2024-06-19 02:30:00,WH-DN01,PROD-041,OUTBOUND_SALE,OUT,6,66.18,SO-52058,Xuat ban hang khach le & doanh nghiep
MOV-01041,2024-06-19 06:30:00,WH-DN01,PROD-035,OUTBOUND_SALE,OUT,8,50.68,SO-67817,Xuat ban hang khach le & doanh nghiep
MOV-01042,2024-06-19 09:30:00,WH-HN01,PROD-018,OUTBOUND_SALE,OUT,4,53.02,SO-11999,Xuat ban hang khach le & doanh nghiep
MOV-01043,2024-06-19 12:30:00,WH-DN01,PROD-036,OUTBOUND_SALE,OUT,8,50.51,SO-45527,Xuat ban hang khach le & doanh nghiep
MOV-01044,2024-06-19 16:30:00,WH-DN01,PROD-037,RETURN_CUSTOMER,IN,1,57.54,RMA-3806,Khach tra hang da kiem tra dat tieu chuan
MOV-01045,2024-06-19 19:30:00,WH-DN01,PROD-035,OUTBOUND_SALE,OUT,10,50.68,SO-16648,Xuat ban hang khach le & doanh nghiep
MOV-01046,2024-06-19 23:30:00,WH-HCM01,PROD-004,OUTBOUND_SALE,OUT,4,110.28,SO-60279,Xuat ban hang khach le & doanh nghiep
MOV-01047,2024-06-20 02:30:00,WH-DN01,PROD-012,OUTBOUND_SALE,OUT,14,41.1,SO-88134,Xuat ban hang khach le & doanh nghiep
MOV-01048,2024-06-20 08:30:00,WH-DN01,PROD-022,OUTBOUND_SALE,OUT,6,159.45,SO-97932,Xuat ban hang khach le & doanh nghiep
MOV-01049,2024-06-20 11:30:00,WH-DN01,PROD-037,RETURN_VENDOR,OUT,1,57.54,RTV-2522,Tra hang loi cho nha cung cap
MOV-01050,2024-06-20 17:30:00,WH-DN01,PROD-044,OUTBOUND_SALE,OUT,12,94.76,SO-71000,Xuat ban hang khach le & doanh nghiep
MOV-01051,2024-06-20 23:30:00,WH-HN01,PROD-010,OUTBOUND_SALE,OUT,12,27.88,SO-43823,Xuat ban hang khach le & doanh nghiep
MOV-01052,2024-06-21 09:30:00,WH-DN01,PROD-030,INBOUND_PO,IN,51,27.83,PO-2024-004,Nhap hang theo don mua nha cung cap
MOV-01053,2024-06-21 12:30:00,WH-DN01,PROD-031,OUTBOUND_SALE,OUT,3,152.45,SO-32387,Xuat ban hang khach le & doanh nghiep
MOV-01054,2024-06-21 17:30:00,WH-HCM01,PROD-037,INBOUND_PO,IN,28,57.54,PO-2024-068,Nhap hang theo don mua nha cung cap
MOV-01055,2024-06-21 20:30:00,WH-HCM01,PROD-007,OUTBOUND_SALE,OUT,8,31.73,SO-82895,Xuat ban hang khach le & doanh nghiep
MOV-01056,2024-06-21 23:30:00,WH-HCM01,PROD-030,INBOUND_PO,IN,45,27.83,PO-2024-080,Nhap hang theo don mua nha cung cap
MOV-01057,2024-06-22 05:30:00,WH-HN01,PROD-036,OUTBOUND_SALE,OUT,5,50.51,SO-73225,Xuat ban hang khach le & doanh nghiep
MOV-01058,2024-06-22 17:30:00,WH-DN01,PROD-037,INBOUND_PO,IN,41,57.54,PO-2024-072,Nhap hang theo don mua nha cung cap
MOV-01059,2024-06-22 21:30:00,WH-HCM01,PROD-005,OUTBOUND_SALE,OUT,14,132.94,SO-85260,Xuat ban hang khach le & doanh nghiep
MOV-01060,2024-06-23 03:30:00,WH-HCM01,PROD-030,OUTBOUND_SALE,OUT,8,27.83,SO-82756,Xuat ban hang khach le & doanh nghiep
MOV-01061,2024-06-23 06:30:00,WH-HN01,PROD-020,INBOUND_PO,IN,45,30.91,PO-2024-009,Nhap hang theo don mua nha cung cap
MOV-01062,2024-06-23 09:30:00,WH-HCM01,PROD-050,INBOUND_PO,IN,44,25.12,PO-2024-043,Nhap hang theo don mua nha cung cap
MOV-01063,2024-06-23 15:30:00,WH-HN01,PROD-006,OUTBOUND_SALE,OUT,6,57.46,SO-28208,Xuat ban hang khach le & doanh nghiep
MOV-01064,2024-06-23 18:30:00,WH-HCM01,PROD-010,INBOUND_PO,IN,48,27.88,PO-2024-071,Nhap hang theo don mua nha cung cap
MOV-01065,2024-06-24 03:30:00,WH-DN01,PROD-020,OUTBOUND_SALE,OUT,12,30.91,SO-99071,Xuat ban hang khach le & doanh nghiep
MOV-01066,2024-06-24 08:30:00,WH-DN01,PROD-046,TRANSFER_OUT,OUT,4,146.15,TRF-1133,Dieu chuyen xuat sang WH-HCM01
MOV-01068,2024-06-24 12:30:00,WH-HN01,PROD-024,TRANSFER_OUT,OUT,4,33.84,TRF-6885,Dieu chuyen xuat sang WH-DN01
MOV-01070,2024-06-24 17:30:00,WH-HN01,PROD-028,TRANSFER_OUT,OUT,9,20.77,TRF-6212,Dieu chuyen xuat sang WH-HCM01
MOV-01072,2024-06-24 23:30:00,WH-HCM01,PROD-014,OUTBOUND_SALE,OUT,13,41.2,SO-32729,Xuat ban hang khach le & doanh nghiep
MOV-01073,2024-06-25 05:30:00,WH-HCM01,PROD-025,OUTBOUND_SALE,OUT,8,142.37,SO-64687,Xuat ban hang khach le & doanh nghiep
MOV-01069,2024-06-25 12:30:00,WH-DN01,PROD-024,TRANSFER_IN,IN,4,33.84,TRF-6885,Dieu chuyen nhap tu WH-HN01
MOV-01074,2024-06-25 13:30:00,WH-HCM01,PROD-002,OUTBOUND_SALE,OUT,5,122.58,SO-73792,Xuat ban hang khach le & doanh nghiep
MOV-01075,2024-06-25 19:30:00,WH-HN01,PROD-006,RETURN_VENDOR,OUT,1,57.46,RTV-7813,Tra hang loi cho nha cung cap
MOV-01067,2024-06-25 20:30:00,WH-HCM01,PROD-046,TRANSFER_IN,IN,4,146.15,TRF-1133,Dieu chuyen nhap tu WH-DN01
MOV-01076,2024-06-26 01:30:00,WH-HCM01,PROD-039,TRANSFER_OUT,OUT,8,31.39,TRF-3945,Dieu chuyen xuat sang WH-DN01
MOV-01071,2024-06-26 05:30:00,WH-HCM01,PROD-028,TRANSFER_IN,IN,9,20.77,TRF-6212,Dieu chuyen nhap tu WH-HN01
MOV-01078,2024-06-26 07:30:00,WH-DN01,PROD-025,OUTBOUND_SALE,OUT,8,142.37,SO-39588,Xuat ban hang khach le & doanh nghiep
MOV-01079,2024-06-26 11:30:00,WH-HN01,PROD-037,OUTBOUND_SALE,OUT,10,57.54,SO-41031,Xuat ban hang khach le & doanh nghiep
MOV-01080,2024-06-26 16:30:00,WH-HCM01,PROD-037,OUTBOUND_SALE,OUT,8,57.54,SO-14385,Xuat ban hang khach le & doanh nghiep
MOV-01081,2024-06-26 19:30:00,WH-HCM01,PROD-024,OUTBOUND_SALE,OUT,4,33.84,SO-86056,Xuat ban hang khach le & doanh nghiep
MOV-01082,2024-06-27 01:30:00,WH-HN01,PROD-010,RETURN_VENDOR,OUT,3,27.88,RTV-9624,Tra hang loi cho nha cung cap
MOV-01083,2024-06-27 06:30:00,WH-HN01,PROD-034,OUTBOUND_SALE,OUT,7,35.18,SO-21592,Xuat ban hang khach le & doanh nghiep
MOV-01077,2024-06-27 13:30:00,WH-DN01,PROD-039,TRANSFER_IN,IN,8,31.39,TRF-3945,Dieu chuyen nhap tu WH-HCM01
MOV-01084,2024-06-27 13:30:00,WH-HCM01,PROD-038,INBOUND_PO,IN,39,99.09,PO-2024-083,Nhap hang theo don mua nha cung cap
MOV-01085,2024-06-27 16:30:00,WH-HCM01,PROD-050,TRANSFER_OUT,OUT,7,25.12,TRF-8438,Dieu chuyen xuat sang WH-HN01
MOV-01087,2024-06-28 01:30:00,WH-HCM01,PROD-048,OUTBOUND_SALE,OUT,7,159.35,SO-83886,Xuat ban hang khach le & doanh nghiep
MOV-01088,2024-06-28 06:30:00,WH-DN01,PROD-038,OUTBOUND_SALE,OUT,5,99.09,SO-85085,Xuat ban hang khach le & doanh nghiep
MOV-01089,2024-06-28 09:30:00,WH-DN01,PROD-048,OUTBOUND_SALE,OUT,12,159.35,SO-13578,Xuat ban hang khach le & doanh nghiep
MOV-01090,2024-06-28 14:30:00,WH-HN01,PROD-033,OUTBOUND_SALE,OUT,4,159.31,SO-46418,Xuat ban hang khach le & doanh nghiep
MOV-01091,2024-06-28 19:30:00,WH-DN01,PROD-018,OUTBOUND_SALE,OUT,7,53.02,SO-11861,Xuat ban hang khach le & doanh nghiep
MOV-01092,2024-06-28 22:30:00,WH-HCM01,PROD-048,OUTBOUND_SALE,OUT,5,159.35,SO-96396,Xuat ban hang khach le & doanh nghiep
MOV-01086,2024-06-29 04:30:00,WH-HN01,PROD-050,TRANSFER_IN,IN,7,25.12,TRF-8438,Dieu chuyen nhap tu WH-HCM01
MOV-01093,2024-06-29 04:30:00,WH-HN01,PROD-017,OUTBOUND_SALE,OUT,14,74.18,SO-40958,Xuat ban hang khach le & doanh nghiep
MOV-01094,2024-06-29 10:30:00,WH-HCM01,PROD-003,OUTBOUND_SALE,OUT,8,22.23,SO-21062,Xuat ban hang khach le & doanh nghiep
MOV-01095,2024-06-29 14:30:00,WH-HN01,PROD-032,OUTBOUND_SALE,OUT,9,94.58,SO-60222,Xuat ban hang khach le & doanh nghiep
MOV-01096,2024-06-29 18:30:00,WH-HCM01,PROD-041,OUTBOUND_SALE,OUT,5,66.18,SO-37637,Xuat ban hang khach le & doanh nghiep
MOV-01097,2024-06-29 23:30:00,WH-DN01,PROD-049,OUTBOUND_SALE,OUT,4,48.91,SO-16884,Xuat ban hang khach le & doanh nghiep
MOV-01098,2024-06-30 03:30:00,WH-DN01,PROD-020,OUTBOUND_SALE,OUT,10,30.91,SO-79798,Xuat ban hang khach le & doanh nghiep
MOV-01099,2024-06-30 07:30:00,WH-HCM01,PROD-025,OUTBOUND_SALE,OUT,10,142.37,SO-44422,Xuat ban hang khach le & doanh nghiep
MOV-01100,2024-06-30 16:30:00,WH-DN01,PROD-025,TRANSFER_OUT,OUT,8,142.37,TRF-1672,Dieu chuyen xuat sang WH-HCM01
MOV-01102,2024-06-30 21:30:00,WH-DN01,PROD-040,RETURN_CUSTOMER,IN,3,140.66,RMA-5466,Khach tra hang da kiem tra dat tieu chuan
MOV-02015,2024-06-30 23:00:00,WH-HN01,PROD-022,AUDIT_ADJUSTMENT,OUT,1,159.45,AUD-0016,Dieu chinh kiem ke: Ghi giam
MOV-02016,2024-06-30 23:00:00,WH-HCM01,PROD-049,AUDIT_ADJUSTMENT,IN,1,48.91,AUD-0017,Dieu chinh kiem ke: Ghi tang
MOV-02017,2024-06-30 23:00:00,WH-HCM01,PROD-009,AUDIT_ADJUSTMENT,OUT,1,135.78,AUD-0019,Dieu chinh kiem ke: Ghi giam
MOV-02018,2024-06-30 23:00:00,WH-DN01,PROD-043,AUDIT_ADJUSTMENT,OUT,2,149.1,AUD-0023,Dieu chinh kiem ke: Ghi giam
MOV-02019,2024-06-30 23:00:00,WH-HN01,PROD-048,AUDIT_ADJUSTMENT,IN,1,159.35,AUD-0024,Dieu chinh kiem ke: Ghi tang
MOV-02020,2024-06-30 23:00:00,WH-DN01,PROD-016,AUDIT_ADJUSTMENT,OUT,1,56.02,AUD-0025,Dieu chinh kiem ke: Ghi giam
MOV-02021,2024-06-30 23:00:00,WH-HN01,PROD-003,AUDIT_ADJUSTMENT,OUT,2,22.23,AUD-0029,Dieu chinh kiem ke: Ghi giam
MOV-02022,2024-06-30 23:00:00,WH-HCM01,PROD-023,AUDIT_ADJUSTMENT,OUT,1,114.8,AUD-0030,Dieu chinh kiem ke: Ghi giam
MOV-01103,2024-07-01 02:30:00,WH-HN01,PROD-017,OUTBOUND_SALE,OUT,13,74.18,SO-86569,Xuat ban hang khach le & doanh nghiep
MOV-01104,2024-07-01 08:30:00,WH-HCM01,PROD-048,OUTBOUND_SALE,OUT,6,159.35,SO-98065,Xuat ban hang khach le & doanh nghiep
MOV-01101,2024-07-01 16:30:00,WH-HCM01,PROD-025,TRANSFER_IN,IN,8,142.37,TRF-1672,Dieu chuyen nhap tu WH-DN01
MOV-01105,2024-07-01 16:30:00,WH-HN01,PROD-044,OUTBOUND_SALE,OUT,3,94.76,SO-18906,Xuat ban hang khach le & doanh nghiep
MOV-01106,2024-07-01 19:30:00,WH-HCM01,PROD-007,OUTBOUND_SALE,OUT,13,31.73,SO-68450,Xuat ban hang khach le & doanh nghiep
MOV-01107,2024-07-02 00:30:00,WH-DN01,PROD-017,OUTBOUND_SALE,OUT,6,74.18,SO-14461,Xuat ban hang khach le & doanh nghiep
MOV-01108,2024-07-02 07:30:00,WH-HCM01,PROD-008,RETURN_CUSTOMER,IN,3,83.24,RMA-2965,Khach tra hang da kiem tra dat tieu chuan
MOV-01109,2024-07-02 10:30:00,WH-HN01,PROD-025,TRANSFER_OUT,OUT,4,142.37,TRF-4018,Dieu chuyen xuat sang WH-DN01
MOV-01111,2024-07-02 15:30:00,WH-HN01,PROD-041,OUTBOUND_SALE,OUT,10,66.18,SO-46226,Xuat ban hang khach le & doanh nghiep
MOV-01112,2024-07-02 21:30:00,WH-HCM01,PROD-050,INBOUND_PO,IN,40,25.12,PO-2024-033,Nhap hang theo don mua nha cung cap
MOV-01113,2024-07-03 01:30:00,WH-DN01,PROD-050,INBOUND_PO,IN,23,25.12,PO-2024-050,Nhap hang theo don mua nha cung cap
MOV-01114,2024-07-03 07:30:00,WH-HN01,PROD-017,OUTBOUND_SALE,OUT,7,74.18,SO-33321,Xuat ban hang khach le & doanh nghiep
MOV-01115,2024-07-03 13:30:00,WH-HN01,PROD-040,OUTBOUND_SALE,OUT,9,140.66,SO-33388,Xuat ban hang khach le & doanh nghiep
MOV-01116,2024-07-03 19:30:00,WH-HCM01,PROD-050,OUTBOUND_SALE,OUT,9,25.12,SO-38624,Xuat ban hang khach le & doanh nghiep
MOV-01110,2024-07-03 22:30:00,WH-DN01,PROD-025,TRANSFER_IN,IN,4,142.37,TRF-4018,Dieu chuyen nhap tu WH-HN01
MOV-01117,2024-07-03 22:30:00,WH-HCM01,PROD-017,TRANSFER_OUT,OUT,4,74.18,TRF-2194,Dieu chuyen xuat sang WH-HN01
MOV-01119,2024-07-04 03:30:00,WH-HN01,PROD-032,INBOUND_PO,IN,29,94.58,PO-2024-088,Nhap hang theo don mua nha cung cap
MOV-01120,2024-07-04 06:30:00,WH-HCM01,PROD-025,RETURN_CUSTOMER,IN,2,142.37,RMA-3483,Khach tra hang da kiem tra dat tieu chuan
MOV-01121,2024-07-04 17:30:00,WH-HCM01,PROD-050,OUTBOUND_SALE,OUT,4,25.12,SO-80795,Xuat ban hang khach le & doanh nghiep
MOV-01122,2024-07-04 21:30:00,WH-HCM01,PROD-050,OUTBOUND_SALE,OUT,10,25.12,SO-25886,Xuat ban hang khach le & doanh nghiep
MOV-01118,2024-07-04 22:30:00,WH-HN01,PROD-017,TRANSFER_IN,IN,4,74.18,TRF-2194,Dieu chuyen nhap tu WH-HCM01
MOV-01123,2024-07-05 02:30:00,WH-DN01,PROD-026,OUTBOUND_SALE,OUT,3,141.61,SO-92873,Xuat ban hang khach le & doanh nghiep
MOV-01124,2024-07-05 05:30:00,WH-DN01,PROD-006,OUTBOUND_SALE,OUT,10,57.46,SO-48005,Xuat ban hang khach le & doanh nghiep
MOV-01125,2024-07-05 09:30:00,WH-HN01,PROD-025,OUTBOUND_SALE,OUT,13,142.37,SO-35035,Xuat ban hang khach le & doanh nghiep
MOV-01126,2024-07-05 14:30:00,WH-HN01,PROD-041,INBOUND_PO,IN,42,66.18,PO-2024-065,Nhap hang theo don mua nha cung cap
MOV-01127,2024-07-05 17:30:00,WH-DN01,PROD-048,TRANSFER_OUT,OUT,5,159.35,TRF-1584,Dieu chuyen xuat sang WH-HN01
MOV-01129,2024-07-05 20:30:00,WH-HCM01,PROD-016,INBOUND_PO,IN,51,56.02,PO-2024-051,Nhap hang theo don mua nha cung cap
MOV-01130,2024-07-05 23:30:00,WH-HCM01,PROD-020,INBOUND_PO,IN,51,30.91,PO-2024-071,Nhap hang theo don mua nha cung cap
MOV-01131,2024-07-06 05:30:00,WH-HN01,PROD-003,RETURN_VENDOR,OUT,2,22.23,RTV-1918,Tra hang loi cho nha cung cap
MOV-01132,2024-07-06 10:30:00,WH-HN01,PROD-026,INBOUND_PO,IN,27,141.61,PO-2024-028,Nhap hang theo don mua nha cung cap
MOV-01133,2024-07-06 16:30:00,WH-HCM01,PROD-010,RETURN_CUSTOMER,IN,3,27.88,RMA-4817,Khach tra hang da kiem tra dat tieu chuan
MOV-01128,2024-07-06 17:30:00,WH-HN01,PROD-048,TRANSFER_IN,IN,5,159.35,TRF-1584,Dieu chuyen nhap tu WH-DN01
MOV-01134,2024-07-06 19:30:00,WH-HN01,PROD-032,OUTBOUND_SALE,OUT,13,94.58,SO-12498,Xuat ban hang khach le & doanh nghiep
MOV-01135,2024-07-07 05:30:00,WH-HCM01,PROD-004,OUTBOUND_SALE,OUT,7,110.28,SO-22752,Xuat ban hang khach le & doanh nghiep
MOV-01136,2024-07-07 11:30:00,WH-HCM01,PROD-005,OUTBOUND_SALE,OUT,4,132.94,SO-24965,Xuat ban hang khach le & doanh nghiep
MOV-01137,2024-07-07 20:30:00,WH-DN01,PROD-022,INBOUND_PO,IN,45,159.45,PO-2024-043,Nhap hang theo don mua nha cung cap
MOV-01138,2024-07-07 23:30:00,WH-HCM01,PROD-035,RETURN_VENDOR,OUT,1,50.68,RTV-6268,Tra hang loi cho nha cung cap
MOV-01139,2024-07-08 03:30:00,WH-HCM01,PROD-012,INBOUND_PO,IN,41,41.1,PO-2024-009,Nhap hang theo don mua nha cung cap
MOV-01140,2024-07-08 06:30:00,WH-DN01,PROD-011,OUTBOUND_SALE,OUT,14,141.04,SO-58487,Xuat ban hang khach le & doanh nghiep
MOV-01141,2024-07-08 10:30:00,WH-HCM01,PROD-003,OUTBOUND_SALE,OUT,3,22.23,SO-23102,Xuat ban hang khach le & doanh nghiep
MOV-01142,2024-07-08 16:30:00,WH-HN01,PROD-032,INBOUND_PO,IN,25,94.58,PO-2024-001,Nhap hang theo don mua nha cung cap
MOV-01143,2024-07-09 00:30:00,WH-DN01,PROD-045,OUTBOUND_SALE,OUT,5,51.57,SO-37021,Xuat ban hang khach le & doanh nghiep
MOV-01144,2024-07-09 10:30:00,WH-HN01,PROD-040,OUTBOUND_SALE,OUT,14,140.66,SO-14931,Xuat ban hang khach le & doanh nghiep
MOV-01145,2024-07-09 14:30:00,WH-HCM01,PROD-006,INBOUND_PO,IN,60,57.46,PO-2024-039,Nhap hang theo don mua nha cung cap
MOV-01146,2024-07-09 19:30:00,WH-HCM01,PROD-016,OUTBOUND_SALE,OUT,6,56.02,SO-25401,Xuat ban hang khach le & doanh nghiep
MOV-01147,2024-07-10 06:30:00,WH-HN01,PROD-008,OUTBOUND_SALE,OUT,5,83.24,SO-99816,Xuat ban hang khach le & doanh nghiep
MOV-01148,2024-07-10 12:30:00,WH-HN01,PROD-043,OUTBOUND_SALE,OUT,3,149.1,SO-17081,Xuat ban hang khach le & doanh nghiep
MOV-01149,2024-07-10 17:30:00,WH-DN01,PROD-017,OUTBOUND_SALE,OUT,8,74.18,SO-90847,Xuat ban hang khach le & doanh nghiep
MOV-01150,2024-07-10 23:30:00,WH-HCM01,PROD-004,OUTBOUND_SALE,OUT,11,110.28,SO-33053,Xuat ban hang khach le & doanh nghiep
MOV-01151,2024-07-11 03:30:00,WH-DN01,PROD-033,INBOUND_PO,IN,27,159.31,PO-2024-010,Nhap hang theo don mua nha cung cap
MOV-01152,2024-07-11 07:30:00,WH-HCM01,PROD-038,INBOUND_PO,IN,40,99.09,PO-2024-055,Nhap hang theo don mua nha cung cap
MOV-01153,2024-07-11 11:30:00,WH-DN01,PROD-015,INBOUND_PO,IN,27,127.1,PO-2024-043,Nhap hang theo don mua nha cung cap
MOV-01154,2024-07-11 15:30:00,WH-HCM01,PROD-027,OUTBOUND_SALE,OUT,6,40.94,SO-59221,Xuat ban hang khach le & doanh nghiep
MOV-01155,2024-07-11 19:30:00,WH-HCM01,PROD-032,OUTBOUND_SALE,OUT,3,94.58,SO-67129,Xuat ban hang khach le & doanh nghiep
MOV-01156,2024-07-11 23:30:00,WH-HCM01,PROD-030,OUTBOUND_SALE,OUT,5,27.83,SO-60768,Xuat ban hang khach le & doanh nghiep
MOV-01157,2024-07-12 04:30:00,WH-HCM01,PROD-013,OUTBOUND_SALE,OUT,1,110.02,SO-57001,Xuat ban hang khach le & doanh nghiep
MOV-01158,2024-07-12 09:30:00,WH-HN01,PROD-003,OUTBOUND_SALE,OUT,14,22.23,SO-84536,Xuat ban hang khach le & doanh nghiep
MOV-01159,2024-07-12 12:30:00,WH-HN01,PROD-030,OUTBOUND_SALE,OUT,10,27.83,SO-64817,Xuat ban hang khach le & doanh nghiep
MOV-01160,2024-07-12 16:30:00,WH-HN01,PROD-019,INBOUND_PO,IN,58,145.49,PO-2024-021,Nhap hang theo don mua nha cung cap
MOV-01161,2024-07-12 23:30:00,WH-HCM01,PROD-032,OUTBOUND_SALE,OUT,6,94.58,SO-87539,Xuat ban hang khach le & doanh nghiep
MOV-01162,2024-07-13 05:30:00,WH-DN01,PROD-001,INBOUND_PO,IN,47,108.8,PO-2024-032,Nhap hang theo don mua nha cung cap
MOV-01163,2024-07-13 13:30:00,WH-HN01,PROD-027,TRANSFER_OUT,OUT,4,40.94,TRF-8711,Dieu chuyen xuat sang WH-DN01
MOV-01165,2024-07-13 19:30:00,WH-DN01,PROD-045,OUTBOUND_SALE,OUT,4,51.57,SO-69302,Xuat ban hang khach le & doanh nghiep
MOV-01166,2024-07-14 04:30:00,WH-DN01,PROD-014,INBOUND_PO,IN,28,41.2,PO-2024-047,Nhap hang theo don mua nha cung cap
MOV-01167,2024-07-14 09:30:00,WH-HN01,PROD-002,OUTBOUND_SALE,OUT,7,122.58,SO-97691,Xuat ban hang khach le & doanh nghiep
MOV-01164,2024-07-14 13:30:00,WH-DN01,PROD-027,TRANSFER_IN,IN,4,40.94,TRF-8711,Dieu chuyen nhap tu WH-HN01
MOV-01168,2024-07-14 14:30:00,WH-DN01,PROD-037,OUTBOUND_SALE,OUT,14,57.54,SO-86501,Xuat ban hang khach le & doanh nghiep
MOV-01169,2024-07-14 17:30:00,WH-DN01,PROD-050,RETURN_VENDOR,OUT,1,25.12,RTV-7641,Tra hang loi cho nha cung cap
MOV-01170,2024-07-14 21:30:00,WH-DN01,PROD-041,INBOUND_PO,IN,49,66.18,PO-2024-086,Nhap hang theo don mua nha cung cap
MOV-01171,2024-07-15 00:30:00,WH-HN01,PROD-025,TRANSFER_OUT,OUT,8,142.37,TRF-1535,Dieu chuyen xuat sang WH-HCM01
MOV-01173,2024-07-15 06:30:00,WH-HCM01,PROD-040,INBOUND_PO,IN,54,140.66,PO-2024-076,Nhap hang theo don mua nha cung cap
MOV-01174,2024-07-15 10:30:00,WH-HN01,PROD-040,INBOUND_PO,IN,41,140.66,PO-2024-008,Nhap hang theo don mua nha cung cap
MOV-01175,2024-07-15 15:30:00,WH-HN01,PROD-025,TRANSFER_OUT,OUT,7,142.37,TRF-1669,Dieu chuyen xuat sang WH-HCM01
MOV-01177,2024-07-15 20:30:00,WH-HCM01,PROD-046,OUTBOUND_SALE,OUT,4,146.15,SO-83499,Xuat ban hang khach le & doanh nghiep
MOV-01178,2024-07-16 00:30:00,WH-DN01,PROD-016,OUTBOUND_SALE,OUT,11,56.02,SO-24884,Xuat ban hang khach le & doanh nghiep
MOV-01179,2024-07-16 06:30:00,WH-HCM01,PROD-045,INBOUND_PO,IN,33,51.57,PO-2024-029,Nhap hang theo don mua nha cung cap
MOV-01180,2024-07-16 11:30:00,WH-DN01,PROD-033,OUTBOUND_SALE,OUT,13,159.31,SO-65434,Xuat ban hang khach le & doanh nghiep
MOV-01172,2024-07-16 12:30:00,WH-HCM01,PROD-025,TRANSFER_IN,IN,8,142.37,TRF-1535,Dieu chuyen nhap tu WH-HN01
MOV-01181,2024-07-16 16:30:00,WH-DN01,PROD-023,OUTBOUND_SALE,OUT,10,114.8,SO-73730,Xuat ban hang khach le & doanh nghiep
MOV-01182,2024-07-16 19:30:00,WH-HCM01,PROD-044,OUTBOUND_SALE,OUT,11,94.76,SO-48307,Xuat ban hang khach le & doanh nghiep
MOV-01183,2024-07-17 01:30:00,WH-HCM01,PROD-045,OUTBOUND_SALE,OUT,4,51.57,SO-34687,Xuat ban hang khach le & doanh nghiep
MOV-01176,2024-07-17 03:30:00,WH-HCM01,PROD-025,TRANSFER_IN,IN,7,142.37,TRF-1669,Dieu chuyen nhap tu WH-HN01
MOV-01184,2024-07-17 07:30:00,WH-DN01,PROD-012,OUTBOUND_SALE,OUT,7,41.1,SO-20085,Xuat ban hang khach le & doanh nghiep
MOV-01185,2024-07-17 17:30:00,WH-HCM01,PROD-035,OUTBOUND_SALE,OUT,5,50.68,SO-72115,Xuat ban hang khach le & doanh nghiep
MOV-01186,2024-07-17 22:30:00,WH-HCM01,PROD-042,OUTBOUND_SALE,OUT,3,81.7,SO-48209,Xuat ban hang khach le & doanh nghiep
MOV-01187,2024-07-18 07:30:00,WH-DN01,PROD-042,OUTBOUND_SALE,OUT,13,81.7,SO-52769,Xuat ban hang khach le & doanh nghiep
MOV-01188,2024-07-18 13:30:00,WH-HCM01,PROD-034,OUTBOUND_SALE,OUT,11,35.18,SO-68360,Xuat ban hang khach le & doanh nghiep
MOV-01189,2024-07-18 19:30:00,WH-HN01,PROD-020,OUTBOUND_SALE,OUT,5,30.91,SO-44079,Xuat ban hang khach le & doanh nghiep
MOV-01190,2024-07-18 23:30:00,WH-DN01,PROD-050,OUTBOUND_SALE,OUT,3,25.12,SO-29443,Xuat ban hang khach le & doanh nghiep
MOV-01191,2024-07-19 04:30:00,WH-HN01,PROD-040,OUTBOUND_SALE,OUT,5,140.66,SO-80165,Xuat ban hang khach le & doanh nghiep
MOV-01192,2024-07-19 13:30:00,WH-HN01,PROD-003,OUTBOUND_SALE,OUT,8,22.23,SO-85304,Xuat ban hang khach le & doanh nghiep
MOV-01193,2024-07-19 17:30:00,WH-DN01,PROD-012,OUTBOUND_SALE,OUT,6,41.1,SO-83726,Xuat ban hang khach le & doanh nghiep
MOV-01194,2024-07-19 20:30:00,WH-DN01,PROD-010,OUTBOUND_SALE,OUT,8,27.88,SO-68776,Xuat ban hang khach le & doanh nghiep
MOV-01195,2024-07-20 06:30:00,WH-HN01,PROD-030,RETURN_CUSTOMER,IN,2,27.83,RMA-3556,Khach tra hang da kiem tra dat tieu chuan
MOV-01196,2024-07-20 23:30:00,WH-HCM01,PROD-029,INBOUND_PO,IN,41,142.68,PO-2024-015,Nhap hang theo don mua nha cung cap
MOV-01197,2024-07-21 05:30:00,WH-HN01,PROD-044,TRANSFER_OUT,OUT,6,94.76,TRF-1406,Dieu chuyen xuat sang WH-DN01
MOV-01199,2024-07-21 09:30:00,WH-HN01,PROD-021,OUTBOUND_SALE,OUT,3,130.48,SO-89711,Xuat ban hang khach le & doanh nghiep
MOV-01200,2024-07-21 13:30:00,WH-HN01,PROD-050,OUTBOUND_SALE,OUT,7,25.12,SO-35652,Xuat ban hang khach le & doanh nghiep
MOV-01201,2024-07-21 16:30:00,WH-DN01,PROD-044,OUTBOUND_SALE,OUT,6,94.76,SO-21452,Xuat ban hang khach le & doanh nghiep
MOV-01202,2024-07-21 22:30:00,WH-DN01,PROD-039,OUTBOUND_SALE,OUT,12,31.39,SO-77050,Xuat ban hang khach le & doanh nghiep
MOV-01203,2024-07-22 01:30:00,WH-DN01,PROD-026,TRANSFER_OUT,OUT,9,141.61,TRF-8006,Dieu chuyen xuat sang WH-HN01
MOV-01205,2024-07-22 07:30:00,WH-DN01,PROD-023,OUTBOUND_SALE,OUT,8,114.8,SO-50381,Xuat ban hang khach le & doanh nghiep
MOV-01206,2024-07-22 13:30:00,WH-HN01,PROD-014,TRANSFER_OUT,OUT,9,41.2,TRF-7809,Dieu chuyen xuat sang WH-HCM01
MOV-01198,2024-07-22 17:30:00,WH-DN01,PROD-044,TRANSFER_IN,IN,6,94.76,TRF-1406,Dieu chuyen nhap tu WH-HN01
MOV-01208,2024-07-22 18:30:00,WH-HCM01,PROD-028,OUTBOUND_SALE,OUT,14,20.77,SO-64289,Xuat ban hang khach le & doanh nghiep
MOV-01209,2024-07-22 22:30:00,WH-HCM01,PROD-006,INBOUND_PO,IN,29,57.46,PO-2024-027,Nhap hang theo don mua nha cung cap
MOV-01210,2024-07-23 03:30:00,WH-HCM01,PROD-022,OUTBOUND_SALE,OUT,4,159.45,SO-87421,Xuat ban hang khach le & doanh nghiep
MOV-01211,2024-07-23 09:30:00,WH-DN01,PROD-041,OUTBOUND_SALE,OUT,7,66.18,SO-64331,Xuat ban hang khach le & doanh nghiep
MOV-01204,2024-07-23 13:30:00,WH-HN01,PROD-026,TRANSFER_IN,IN,9,141.61,TRF-8006,Dieu chuyen nhap tu WH-DN01
MOV-01212,2024-07-23 13:30:00,WH-HCM01,PROD-037,OUTBOUND_SALE,OUT,5,57.54,SO-36117,Xuat ban hang khach le & doanh nghiep
MOV-01213,2024-07-23 17:30:00,WH-DN01,PROD-036,INBOUND_PO,IN,51,50.51,PO-2024-006,Nhap hang theo don mua nha cung cap
MOV-01214,2024-07-23 22:30:00,WH-DN01,PROD-032,INBOUND_PO,IN,55,94.58,PO-2024-062,Nhap hang theo don mua nha cung cap
MOV-01207,2024-07-24 01:30:00,WH-HCM01,PROD-014,TRANSFER_IN,IN,9,41.2,TRF-7809,Dieu chuyen nhap tu WH-HN01
MOV-01215,2024-07-24 02:30:00,WH-HN01,PROD-010,OUTBOUND_SALE,OUT,6,27.88,SO-49343,Xuat ban hang khach le & doanh nghiep
MOV-01216,2024-07-24 08:30:00,WH-HCM01,PROD-019,OUTBOUND_SALE,OUT,9,145.49,SO-33510,Xuat ban hang khach le & doanh nghiep
MOV-01217,2024-07-24 14:30:00,WH-HCM01,PROD-016,TRANSFER_OUT,OUT,4,56.02,TRF-5541,Dieu chuyen xuat sang WH-HN01
MOV-01219,2024-07-24 17:30:00,WH-DN01,PROD-038,OUTBOUND_SALE,OUT,10,99.09,SO-84130,Xuat ban hang khach le & doanh nghiep
MOV-01220,2024-07-24 23:30:00,WH-HCM01,PROD-044,TRANSFER_OUT,OUT,9,94.76,TRF-2959,Dieu chuyen xuat sang WH-DN01
MOV-01222,2024-07-25 02:30:00,WH-HN01,PROD-038,INBOUND_PO,IN,23,99.09,PO-2024-019,Nhap hang theo don mua nha cung cap
MOV-01223,2024-07-25 12:30:00,WH-DN01,PROD-024,OUTBOUND_SALE,OUT,9,33.84,SO-93394,Xuat ban hang khach le & doanh nghiep
MOV-01224,2024-07-25 17:30:00,WH-DN01,PROD-034,OUTBOUND_SALE,OUT,11,35.18,SO-20069,Xuat ban hang khach le & doanh nghiep
MOV-01225,2024-07-25 21:30:00,WH-HN01,PROD-049,INBOUND_PO,IN,26,48.91,PO-2024-081,Nhap hang theo don mua nha cung cap
MOV-01226,2024-07-26 01:30:00,WH-DN01,PROD-044,OUTBOUND_SALE,OUT,7,94.76,SO-45580,Xuat ban hang khach le & doanh nghiep
MOV-01218,2024-07-26 02:30:00,WH-HN01,PROD-016,TRANSFER_IN,IN,4,56.02,TRF-5541,Dieu chuyen nhap tu WH-HCM01
MOV-01227,2024-07-26 06:30:00,WH-HCM01,PROD-023,OUTBOUND_SALE,OUT,5,114.8,SO-11690,Xuat ban hang khach le & doanh nghiep
MOV-01228,2024-07-26 10:30:00,WH-DN01,PROD-050,OUTBOUND_SALE,OUT,10,25.12,SO-64000,Xuat ban hang khach le & doanh nghiep
MOV-01221,2024-07-26 11:30:00,WH-DN01,PROD-044,TRANSFER_IN,IN,9,94.76,TRF-2959,Dieu chuyen nhap tu WH-HCM01
MOV-01229,2024-07-26 15:30:00,WH-HN01,PROD-007,TRANSFER_OUT,OUT,5,31.73,TRF-9247,Dieu chuyen xuat sang WH-DN01
MOV-01231,2024-07-26 19:30:00,WH-HCM01,PROD-040,INBOUND_PO,IN,53,140.66,PO-2024-071,Nhap hang theo don mua nha cung cap
MOV-01232,2024-07-26 22:30:00,WH-HN01,PROD-008,OUTBOUND_SALE,OUT,5,83.24,SO-12277,Xuat ban hang khach le & doanh nghiep
MOV-01233,2024-07-27 04:30:00,WH-HCM01,PROD-024,OUTBOUND_SALE,OUT,5,33.84,SO-67925,Xuat ban hang khach le & doanh nghiep
MOV-01234,2024-07-27 09:30:00,WH-DN01,PROD-002,OUTBOUND_SALE,OUT,8,122.58,SO-25544,Xuat ban hang khach le & doanh nghiep
MOV-01235,2024-07-27 13:30:00,WH-HCM01,PROD-010,OUTBOUND_SALE,OUT,14,27.88,SO-39697,Xuat ban hang khach le & doanh nghiep
MOV-01230,2024-07-27 15:30:00,WH-DN01,PROD-007,TRANSFER_IN,IN,5,31.73,TRF-9247,Dieu chuyen nhap tu WH-HN01
MOV-01236,2024-07-27 18:30:00,WH-HN01,PROD-006,OUTBOUND_SALE,OUT,9,57.46,SO-24643,Xuat ban hang khach le & doanh nghiep
MOV-01237,2024-07-27 21:30:00,WH-DN01,PROD-049,OUTBOUND_SALE,OUT,9,48.91,SO-15572,Xuat ban hang khach le & doanh nghiep
MOV-01238,2024-07-28 04:30:00,WH-DN01,PROD-003,OUTBOUND_SALE,OUT,4,22.23,SO-49537,Xuat ban hang khach le & doanh nghiep
MOV-01239,2024-07-28 07:30:00,WH-HN01,PROD-039,INBOUND_PO,IN,33,31.39,PO-2024-080,Nhap hang theo don mua nha cung cap
MOV-01240,2024-07-28 19:30:00,WH-HCM01,PROD-050,OUTBOUND_SALE,OUT,14,25.12,SO-90341,Xuat ban hang khach le & doanh nghiep
MOV-01241,2024-07-28 23:30:00,WH-HN01,PROD-007,OUTBOUND_SALE,OUT,12,31.73,SO-11832,Xuat ban hang khach le & doanh nghiep
MOV-01242,2024-07-29 03:30:00,WH-DN01,PROD-011,INBOUND_PO,IN,54,141.04,PO-2024-001,Nhap hang theo don mua nha cung cap
MOV-01243,2024-07-29 06:30:00,WH-HCM01,PROD-046,TRANSFER_OUT,OUT,6,146.15,TRF-4033,Dieu chuyen xuat sang WH-DN01
MOV-01245,2024-07-29 09:30:00,WH-DN01,PROD-025,OUTBOUND_SALE,OUT,9,142.37,SO-38085,Xuat ban hang khach le & doanh nghiep
MOV-01246,2024-07-29 13:30:00,WH-DN01,PROD-008,OUTBOUND_SALE,OUT,10,83.24,SO-24459,Xuat ban hang khach le & doanh nghiep
MOV-01247,2024-07-29 17:30:00,WH-DN01,PROD-046,OUTBOUND_SALE,OUT,7,146.15,SO-83024,Xuat ban hang khach le & doanh nghiep
MOV-01248,2024-07-29 20:30:00,WH-DN01,PROD-008,OUTBOUND_SALE,OUT,9,83.24,SO-47173,Xuat ban hang khach le & doanh nghiep
MOV-01249,2024-07-30 02:30:00,WH-DN01,PROD-044,OUTBOUND_SALE,OUT,2,94.76,SO-39605,Xuat ban hang khach le & doanh nghiep
MOV-01250,2024-07-30 08:30:00,WH-DN01,PROD-013,OUTBOUND_SALE,OUT,4,110.02,SO-72347,Xuat ban hang khach le & doanh nghiep
MOV-01251,2024-07-30 13:30:00,WH-HCM01,PROD-032,OUTBOUND_SALE,OUT,13,94.58,SO-23785,Xuat ban hang khach le & doanh nghiep
MOV-01244,2024-07-30 18:30:00,WH-DN01,PROD-046,TRANSFER_IN,IN,6,146.15,TRF-4033,Dieu chuyen nhap tu WH-HCM01
MOV-01252,2024-07-30 19:30:00,WH-HCM01,PROD-044,OUTBOUND_SALE,OUT,4,94.76,SO-25626,Xuat ban hang khach le & doanh nghiep
MOV-01253,2024-07-30 23:30:00,WH-HCM01,PROD-038,OUTBOUND_SALE,OUT,4,99.09,SO-32114,Xuat ban hang khach le & doanh nghiep
MOV-01254,2024-07-31 02:30:00,WH-HN01,PROD-022,OUTBOUND_SALE,OUT,6,159.45,SO-87982,Xuat ban hang khach le & doanh nghiep
MOV-01255,2024-07-31 08:30:00,WH-DN01,PROD-047,OUTBOUND_SALE,OUT,10,129.34,SO-46505,Xuat ban hang khach le & doanh nghiep
MOV-01256,2024-07-31 13:30:00,WH-HCM01,PROD-026,INBOUND_PO,IN,42,141.61,PO-2024-063,Nhap hang theo don mua nha cung cap
MOV-01257,2024-07-31 23:30:00,WH-HN01,PROD-008,INBOUND_PO,IN,36,83.24,PO-2024-065,Nhap hang theo don mua nha cung cap
MOV-01258,2024-08-01 08:30:00,WH-HN01,PROD-032,INBOUND_PO,IN,21,94.58,PO-2024-023,Nhap hang theo don mua nha cung cap
MOV-01259,2024-08-01 14:30:00,WH-DN01,PROD-010,OUTBOUND_SALE,OUT,7,27.88,SO-91522,Xuat ban hang khach le & doanh nghiep
MOV-01260,2024-08-01 17:30:00,WH-HCM01,PROD-049,INBOUND_PO,IN,53,48.91,PO-2024-066,Nhap hang theo don mua nha cung cap
MOV-01261,2024-08-01 23:30:00,WH-HCM01,PROD-032,OUTBOUND_SALE,OUT,6,94.58,SO-76164,Xuat ban hang khach le & doanh nghiep
MOV-01262,2024-08-02 04:30:00,WH-HCM01,PROD-035,OUTBOUND_SALE,OUT,3,50.68,SO-14141,Xuat ban hang khach le & doanh nghiep
MOV-01263,2024-08-02 10:30:00,WH-HN01,PROD-025,TRANSFER_OUT,OUT,6,142.37,TRF-7165,Dieu chuyen xuat sang WH-HCM01
MOV-01265,2024-08-02 16:30:00,WH-HN01,PROD-036,OUTBOUND_SALE,OUT,13,50.51,SO-49720,Xuat ban hang khach le & doanh nghiep
MOV-01266,2024-08-02 20:30:00,WH-HN01,PROD-020,OUTBOUND_SALE,OUT,14,30.91,SO-60997,Xuat ban hang khach le & doanh nghiep
MOV-01267,2024-08-03 02:30:00,WH-HCM01,PROD-044,INBOUND_PO,IN,51,94.76,PO-2024-089,Nhap hang theo don mua nha cung cap
MOV-01268,2024-08-03 08:30:00,WH-HN01,PROD-033,OUTBOUND_SALE,OUT,3,159.31,SO-61299,Xuat ban hang khach le & doanh nghiep
MOV-01269,2024-08-03 13:30:00,WH-DN01,PROD-040,OUTBOUND_SALE,OUT,13,140.66,SO-56237,Xuat ban hang khach le & doanh nghiep
MOV-01270,2024-08-03 18:30:00,WH-HN01,PROD-038,OUTBOUND_SALE,OUT,3,99.09,SO-26803,Xuat ban hang khach le & doanh nghiep
MOV-01264,2024-08-03 22:30:00,WH-HCM01,PROD-025,TRANSFER_IN,IN,6,142.37,TRF-7165,Dieu chuyen nhap tu WH-HN01
MOV-01271,2024-08-03 23:30:00,WH-HCM01,PROD-038,OUTBOUND_SALE,OUT,3,99.09,SO-91940,Xuat ban hang khach le & doanh nghiep
MOV-01272,2024-08-04 04:30:00,WH-DN01,PROD-023,OUTBOUND_SALE,OUT,8,114.8,SO-63992,Xuat ban hang khach le & doanh nghiep
MOV-01273,2024-08-04 09:30:00,WH-HN01,PROD-016,OUTBOUND_SALE,OUT,4,56.02,SO-94945,Xuat ban hang khach le & doanh nghiep
MOV-01274,2024-08-04 14:30:00,WH-HCM01,PROD-005,OUTBOUND_SALE,OUT,7,132.94,SO-25003,Xuat ban hang khach le & doanh nghiep
MOV-01275,2024-08-04 19:30:00,WH-HCM01,PROD-021,OUTBOUND_SALE,OUT,3,130.48,SO-70412,Xuat ban hang khach le & doanh nghiep
MOV-01276,2024-08-05 01:30:00,WH-DN01,PROD-018,OUTBOUND_SALE,OUT,3,53.02,SO-71564,Xuat ban hang khach le & doanh nghiep
MOV-01277,2024-08-05 04:30:00,WH-DN01,PROD-037,SCRAP_DAMAGED,OUT,2,57.54,SCRAP-6282,Xuat huy hang can date/hong vo trong kho
MOV-01278,2024-08-05 07:30:00,WH-HN01,PROD-045,INBOUND_PO,IN,33,51.57,PO-2024-045,Nhap hang theo don mua nha cung cap
MOV-01279,2024-08-05 13:30:00,WH-HCM01,PROD-022,OUTBOUND_SALE,OUT,5,159.45,SO-90586,Xuat ban hang khach le & doanh nghiep
MOV-01280,2024-08-05 18:30:00,WH-DN01,PROD-013,OUTBOUND_SALE,OUT,10,110.02,SO-93288,Xuat ban hang khach le & doanh nghiep
MOV-01281,2024-08-05 21:30:00,WH-HCM01,PROD-014,INBOUND_PO,IN,38,41.2,PO-2024-034,Nhap hang theo don mua nha cung cap
MOV-01282,2024-08-06 00:30:00,WH-HCM01,PROD-026,OUTBOUND_SALE,OUT,6,141.61,SO-91863,Xuat ban hang khach le & doanh nghiep
MOV-01283,2024-08-06 03:30:00,WH-HCM01,PROD-007,INBOUND_PO,IN,57,31.73,PO-2024-045,Nhap hang theo don mua nha cung cap
MOV-01284,2024-08-06 08:30:00,WH-HCM01,PROD-031,OUTBOUND_SALE,OUT,9,152.45,SO-37490,Xuat ban hang khach le & doanh nghiep
MOV-01285,2024-08-06 13:30:00,WH-HCM01,PROD-020,INBOUND_PO,IN,52,30.91,PO-2024-039,Nhap hang theo don mua nha cung cap
MOV-01286,2024-08-06 19:30:00,WH-DN01,PROD-013,OUTBOUND_SALE,OUT,9,110.02,SO-62730,Xuat ban hang khach le & doanh nghiep
MOV-01287,2024-08-07 00:30:00,WH-DN01,PROD-043,OUTBOUND_SALE,OUT,11,149.1,SO-33671,Xuat ban hang khach le & doanh nghiep
MOV-01288,2024-08-07 03:30:00,WH-HCM01,PROD-012,OUTBOUND_SALE,OUT,12,41.1,SO-75431,Xuat ban hang khach le & doanh nghiep
MOV-01289,2024-08-07 07:30:00,WH-HCM01,PROD-030,OUTBOUND_SALE,OUT,7,27.83,SO-93614,Xuat ban hang khach le & doanh nghiep
MOV-01290,2024-08-07 13:30:00,WH-HCM01,PROD-041,RETURN_CUSTOMER,IN,1,66.18,RMA-9556,Khach tra hang da kiem tra dat tieu chuan
MOV-01291,2024-08-07 21:30:00,WH-DN01,PROD-028,INBOUND_PO,IN,46,20.77,PO-2024-042,Nhap hang theo don mua nha cung cap
MOV-01292,2024-08-08 00:30:00,WH-DN01,PROD-018,OUTBOUND_SALE,OUT,1,53.02,SO-94678,Xuat ban hang khach le & doanh nghiep
MOV-01293,2024-08-08 04:30:00,WH-HCM01,PROD-016,OUTBOUND_SALE,OUT,9,56.02,SO-41258,Xuat ban hang khach le & doanh nghiep
MOV-01294,2024-08-08 12:30:00,WH-HCM01,PROD-028,OUTBOUND_SALE,OUT,9,20.77,SO-94793,Xuat ban hang khach le & doanh nghiep
MOV-01295,2024-08-08 15:30:00,WH-DN01,PROD-009,OUTBOUND_SALE,OUT,3,135.78,SO-43868,Xuat ban hang khach le & doanh nghiep
MOV-01296,2024-08-08 20:30:00,WH-HN01,PROD-042,OUTBOUND_SALE,OUT,3,81.7,SO-73680,Xuat ban hang khach le & doanh nghiep
MOV-01297,2024-08-08 23:30:00,WH-HN01,PROD-021,OUTBOUND_SALE,OUT,12,130.48,SO-49056,Xuat ban hang khach le & doanh nghiep
MOV-01298,2024-08-09 02:30:00,WH-DN01,PROD-024,TRANSFER_OUT,OUT,7,33.84,TRF-3302,Dieu chuyen xuat sang WH-HN01
MOV-01300,2024-08-09 05:30:00,WH-HCM01,PROD-008,OUTBOUND_SALE,OUT,3,83.24,SO-97060,Xuat ban hang khach le & doanh nghiep
MOV-01301,2024-08-09 13:30:00,WH-DN01,PROD-022,INBOUND_PO,IN,57,159.45,PO-2024-051,Nhap hang theo don mua nha cung cap
MOV-01302,2024-08-09 17:30:00,WH-HN01,PROD-010,RETURN_CUSTOMER,IN,1,27.88,RMA-3869,Khach tra hang da kiem tra dat tieu chuan
MOV-01299,2024-08-10 02:30:00,WH-HN01,PROD-024,TRANSFER_IN,IN,7,33.84,TRF-3302,Dieu chuyen nhap tu WH-DN01
MOV-01303,2024-08-10 02:30:00,WH-HN01,PROD-032,TRANSFER_OUT,OUT,9,94.58,TRF-2850,Dieu chuyen xuat sang WH-HCM01
MOV-01305,2024-08-10 08:30:00,WH-HN01,PROD-018,OUTBOUND_SALE,OUT,5,53.02,SO-57578,Xuat ban hang khach le & doanh nghiep
MOV-01306,2024-08-10 14:30:00,WH-DN01,PROD-002,INBOUND_PO,IN,58,122.58,PO-2024-005,Nhap hang theo don mua nha cung cap
MOV-01307,2024-08-10 17:30:00,WH-HCM01,PROD-016,INBOUND_PO,IN,36,56.02,PO-2024-073,Nhap hang theo don mua nha cung cap
MOV-01308,2024-08-10 23:30:00,WH-HCM01,PROD-024,OUTBOUND_SALE,OUT,13,33.84,SO-25997,Xuat ban hang khach le & doanh nghiep
MOV-01309,2024-08-11 03:30:00,WH-DN01,PROD-001,TRANSFER_OUT,OUT,6,108.8,TRF-5929,Dieu chuyen xuat sang WH-HCM01
MOV-01311,2024-08-11 07:30:00,WH-HN01,PROD-029,OUTBOUND_SALE,OUT,13,142.68,SO-51573,Xuat ban hang khach le & doanh nghiep
MOV-01312,2024-08-11 13:30:00,WH-DN01,PROD-006,INBOUND_PO,IN,51,57.46,PO-2024-063,Nhap hang theo don mua nha cung cap
MOV-01304,2024-08-11 14:30:00,WH-HCM01,PROD-032,TRANSFER_IN,IN,9,94.58,TRF-2850,Dieu chuyen nhap tu WH-HN01
MOV-01313,2024-08-11 19:30:00,WH-DN01,PROD-046,TRANSFER_OUT,OUT,10,146.15,TRF-2644,Dieu chuyen xuat sang WH-HCM01
MOV-01315,2024-08-12 00:30:00,WH-DN01,PROD-027,OUTBOUND_SALE,OUT,5,40.94,SO-81791,Xuat ban hang khach le & doanh nghiep
MOV-01310,2024-08-12 03:30:00,WH-HCM01,PROD-001,TRANSFER_IN,IN,6,108.8,TRF-5929,Dieu chuyen nhap tu WH-DN01
MOV-01316,2024-08-12 05:30:00,WH-HN01,PROD-049,OUTBOUND_SALE,OUT,3,48.91,SO-94066,Xuat ban hang khach le & doanh nghiep
MOV-01317,2024-08-12 12:30:00,WH-HCM01,PROD-020,OUTBOUND_SALE,OUT,8,30.91,SO-85472,Xuat ban hang khach le & doanh nghiep
MOV-01314,2024-08-12 19:30:00,WH-HCM01,PROD-046,TRANSFER_IN,IN,10,146.15,TRF-2644,Dieu chuyen nhap tu WH-DN01
MOV-01318,2024-08-12 19:30:00,WH-HCM01,PROD-027,INBOUND_PO,IN,40,40.94,PO-2024-059,Nhap hang theo don mua nha cung cap
MOV-01319,2024-08-13 01:30:00,WH-HN01,PROD-017,TRANSFER_OUT,OUT,9,74.18,TRF-6367,Dieu chuyen xuat sang WH-DN01
MOV-01321,2024-08-13 05:30:00,WH-DN01,PROD-012,OUTBOUND_SALE,OUT,9,41.1,SO-59456,Xuat ban hang khach le & doanh nghiep
MOV-01322,2024-08-13 09:30:00,WH-HN01,PROD-036,OUTBOUND_SALE,OUT,13,50.51,SO-90216,Xuat ban hang khach le & doanh nghiep
MOV-01323,2024-08-13 13:30:00,WH-DN01,PROD-013,TRANSFER_OUT,OUT,9,110.02,TRF-3764,Dieu chuyen xuat sang WH-HCM01
MOV-01325,2024-08-13 19:30:00,WH-HCM01,PROD-017,OUTBOUND_SALE,OUT,5,74.18,SO-21673,Xuat ban hang khach le & doanh nghiep
MOV-01326,2024-08-14 03:30:00,WH-DN01,PROD-050,INBOUND_PO,IN,49,25.12,PO-2024-066,Nhap hang theo don mua nha cung cap
MOV-01327,2024-08-14 11:30:00,WH-DN01,PROD-025,OUTBOUND_SALE,OUT,5,142.37,SO-66532,Xuat ban hang khach le & doanh nghiep
MOV-01320,2024-08-14 13:30:00,WH-DN01,PROD-017,TRANSFER_IN,IN,9,74.18,TRF-6367,Dieu chuyen nhap tu WH-HN01
MOV-01324,2024-08-14 13:30:00,WH-HCM01,PROD-013,TRANSFER_IN,IN,9,110.02,TRF-3764,Dieu chuyen nhap tu WH-DN01
MOV-01328,2024-08-14 15:30:00,WH-DN01,PROD-047,OUTBOUND_SALE,OUT,13,129.34,SO-34820,Xuat ban hang khach le & doanh nghiep
MOV-01329,2024-08-15 02:30:00,WH-HN01,PROD-040,RETURN_VENDOR,OUT,2,140.66,RTV-5068,Tra hang loi cho nha cung cap
MOV-01330,2024-08-15 07:30:00,WH-HCM01,PROD-030,OUTBOUND_SALE,OUT,4,27.83,SO-11352,Xuat ban hang khach le & doanh nghiep
MOV-01331,2024-08-15 13:30:00,WH-DN01,PROD-045,OUTBOUND_SALE,OUT,9,51.57,SO-37815,Xuat ban hang khach le & doanh nghiep
MOV-01332,2024-08-15 19:30:00,WH-HCM01,PROD-039,INBOUND_PO,IN,36,31.39,PO-2024-010,Nhap hang theo don mua nha cung cap
MOV-01333,2024-08-15 22:30:00,WH-HN01,PROD-022,OUTBOUND_SALE,OUT,2,159.45,SO-71726,Xuat ban hang khach le & doanh nghiep
MOV-01334,2024-08-16 03:30:00,WH-HCM01,PROD-039,SCRAP_DAMAGED,OUT,1,31.39,SCRAP-1087,Xuat huy hang can date/hong vo trong kho
MOV-01335,2024-08-16 08:30:00,WH-DN01,PROD-020,OUTBOUND_SALE,OUT,9,30.91,SO-97983,Xuat ban hang khach le & doanh nghiep
MOV-01336,2024-08-16 17:30:00,WH-HCM01,PROD-032,OUTBOUND_SALE,OUT,8,94.58,SO-71352,Xuat ban hang khach le & doanh nghiep
MOV-01337,2024-08-16 21:30:00,WH-HCM01,PROD-034,OUTBOUND_SALE,OUT,9,35.18,SO-28585,Xuat ban hang khach le & doanh nghiep
MOV-01338,2024-08-17 02:30:00,WH-HN01,PROD-009,OUTBOUND_SALE,OUT,10,135.78,SO-46831,Xuat ban hang khach le & doanh nghiep
MOV-01339,2024-08-17 07:30:00,WH-DN01,PROD-017,TRANSFER_OUT,OUT,8,74.18,TRF-6128,Dieu chuyen xuat sang WH-HCM01
MOV-01341,2024-08-17 11:30:00,WH-DN01,PROD-049,OUTBOUND_SALE,OUT,5,48.91,SO-82833,Xuat ban hang khach le & doanh nghiep
MOV-01342,2024-08-17 21:30:00,WH-DN01,PROD-017,OUTBOUND_SALE,OUT,5,74.18,SO-71228,Xuat ban hang khach le & doanh nghiep
MOV-01343,2024-08-18 03:30:00,WH-DN01,PROD-003,OUTBOUND_SALE,OUT,10,22.23,SO-56729,Xuat ban hang khach le & doanh nghiep
MOV-01344,2024-08-18 09:30:00,WH-HN01,PROD-047,OUTBOUND_SALE,OUT,5,129.34,SO-26207,Xuat ban hang khach le & doanh nghiep
MOV-01345,2024-08-18 14:30:00,WH-DN01,PROD-012,OUTBOUND_SALE,OUT,3,41.1,SO-76681,Xuat ban hang khach le & doanh nghiep
MOV-01340,2024-08-18 19:30:00,WH-HCM01,PROD-017,TRANSFER_IN,IN,8,74.18,TRF-6128,Dieu chuyen nhap tu WH-DN01
MOV-01346,2024-08-18 19:30:00,WH-HCM01,PROD-038,OUTBOUND_SALE,OUT,6,99.09,SO-86486,Xuat ban hang khach le & doanh nghiep
MOV-01347,2024-08-18 22:30:00,WH-HCM01,PROD-012,OUTBOUND_SALE,OUT,9,41.1,SO-20070,Xuat ban hang khach le & doanh nghiep
MOV-01348,2024-08-19 02:30:00,WH-HCM01,PROD-007,INBOUND_PO,IN,41,31.73,PO-2024-004,Nhap hang theo don mua nha cung cap
MOV-01349,2024-08-19 07:30:00,WH-HCM01,PROD-008,INBOUND_PO,IN,45,83.24,PO-2024-049,Nhap hang theo don mua nha cung cap
MOV-01350,2024-08-19 10:30:00,WH-HN01,PROD-002,INBOUND_PO,IN,25,122.58,PO-2024-061,Nhap hang theo don mua nha cung cap
MOV-01351,2024-08-19 16:30:00,WH-DN01,PROD-039,OUTBOUND_SALE,OUT,13,31.39,SO-10760,Xuat ban hang khach le & doanh nghiep
MOV-01352,2024-08-19 21:30:00,WH-HCM01,PROD-040,RETURN_VENDOR,OUT,2,140.66,RTV-6323,Tra hang loi cho nha cung cap
MOV-01353,2024-08-20 01:30:00,WH-HN01,PROD-042,OUTBOUND_SALE,OUT,2,81.7,SO-52358,Xuat ban hang khach le & doanh nghiep
MOV-01354,2024-08-20 04:30:00,WH-HCM01,PROD-039,INBOUND_PO,IN,44,31.39,PO-2024-012,Nhap hang theo don mua nha cung cap
MOV-01355,2024-08-20 10:30:00,WH-HN01,PROD-050,OUTBOUND_SALE,OUT,9,25.12,SO-21690,Xuat ban hang khach le & doanh nghiep
MOV-01356,2024-08-20 13:30:00,WH-HN01,PROD-025,TRANSFER_OUT,OUT,6,142.37,TRF-3525,Dieu chuyen xuat sang WH-HCM01
MOV-01358,2024-08-20 18:30:00,WH-DN01,PROD-048,OUTBOUND_SALE,OUT,7,159.35,SO-99779,Xuat ban hang khach le & doanh nghiep
MOV-01359,2024-08-20 22:30:00,WH-HN01,PROD-024,OUTBOUND_SALE,OUT,11,33.84,SO-36197,Xuat ban hang khach le & doanh nghiep
MOV-01360,2024-08-21 09:30:00,WH-DN01,PROD-006,OUTBOUND_SALE,OUT,9,57.46,SO-58265,Xuat ban hang khach le & doanh nghiep
MOV-01357,2024-08-21 13:30:00,WH-HCM01,PROD-025,TRANSFER_IN,IN,6,142.37,TRF-3525,Dieu chuyen nhap tu WH-HN01
MOV-01361,2024-08-21 13:30:00,WH-DN01,PROD-006,OUTBOUND_SALE,OUT,3,57.46,SO-77284,Xuat ban hang khach le & doanh nghiep
MOV-01362,2024-08-21 22:30:00,WH-HCM01,PROD-041,RETURN_CUSTOMER,IN,3,66.18,RMA-9596,Khach tra hang da kiem tra dat tieu chuan
MOV-01363,2024-08-22 01:30:00,WH-DN01,PROD-006,OUTBOUND_SALE,OUT,10,57.46,SO-49373,Xuat ban hang khach le & doanh nghiep
MOV-01364,2024-08-22 05:30:00,WH-HCM01,PROD-020,SCRAP_DAMAGED,OUT,1,30.91,SCRAP-9570,Xuat huy hang can date/hong vo trong kho
MOV-01365,2024-08-22 11:30:00,WH-HN01,PROD-036,OUTBOUND_SALE,OUT,4,50.51,SO-15910,Xuat ban hang khach le & doanh nghiep
MOV-01366,2024-08-22 14:30:00,WH-DN01,PROD-007,OUTBOUND_SALE,OUT,10,31.73,SO-96619,Xuat ban hang khach le & doanh nghiep
MOV-01367,2024-08-22 19:30:00,WH-HCM01,PROD-006,OUTBOUND_SALE,OUT,11,57.46,SO-12132,Xuat ban hang khach le & doanh nghiep
MOV-01368,2024-08-22 22:30:00,WH-DN01,PROD-012,INBOUND_PO,IN,31,41.1,PO-2024-052,Nhap hang theo don mua nha cung cap
MOV-01369,2024-08-23 01:30:00,WH-HCM01,PROD-020,OUTBOUND_SALE,OUT,8,30.91,SO-86966,Xuat ban hang khach le & doanh nghiep
MOV-01370,2024-08-23 07:30:00,WH-DN01,PROD-040,INBOUND_PO,IN,36,140.66,PO-2024-045,Nhap hang theo don mua nha cung cap
MOV-01371,2024-08-23 11:30:00,WH-HN01,PROD-048,OUTBOUND_SALE,OUT,5,159.35,SO-43989,Xuat ban hang khach le & doanh nghiep
MOV-01372,2024-08-23 14:30:00,WH-HN01,PROD-001,OUTBOUND_SALE,OUT,9,108.8,SO-25293,Xuat ban hang khach le & doanh nghiep
MOV-01373,2024-08-23 17:30:00,WH-DN01,PROD-030,OUTBOUND_SALE,OUT,14,27.83,SO-63096,Xuat ban hang khach le & doanh nghiep
MOV-01374,2024-08-23 23:30:00,WH-HCM01,PROD-024,OUTBOUND_SALE,OUT,4,33.84,SO-98316,Xuat ban hang khach le & doanh nghiep
MOV-01375,2024-08-24 05:30:00,WH-HN01,PROD-009,INBOUND_PO,IN,28,135.78,PO-2024-002,Nhap hang theo don mua nha cung cap
MOV-01376,2024-08-24 09:30:00,WH-HN01,PROD-045,OUTBOUND_SALE,OUT,6,51.57,SO-13514,Xuat ban hang khach le & doanh nghiep
MOV-01377,2024-08-24 17:30:00,WH-HCM01,PROD-035,OUTBOUND_SALE,OUT,6,50.68,SO-21284,Xuat ban hang khach le & doanh nghiep
MOV-01378,2024-08-24 22:30:00,WH-HN01,PROD-031,INBOUND_PO,IN,47,152.45,PO-2024-003,Nhap hang theo don mua nha cung cap
MOV-01379,2024-08-25 07:30:00,WH-DN01,PROD-002,RETURN_VENDOR,OUT,2,122.58,RTV-4975,Tra hang loi cho nha cung cap
MOV-01380,2024-08-25 16:30:00,WH-HCM01,PROD-046,OUTBOUND_SALE,OUT,9,146.15,SO-64484,Xuat ban hang khach le & doanh nghiep
MOV-01381,2024-08-25 22:30:00,WH-HCM01,PROD-047,INBOUND_PO,IN,55,129.34,PO-2024-038,Nhap hang theo don mua nha cung cap
MOV-01382,2024-08-26 01:30:00,WH-DN01,PROD-033,OUTBOUND_SALE,OUT,12,159.31,SO-90149,Xuat ban hang khach le & doanh nghiep
MOV-01383,2024-08-26 10:30:00,WH-DN01,PROD-036,OUTBOUND_SALE,OUT,4,50.51,SO-45107,Xuat ban hang khach le & doanh nghiep
MOV-01384,2024-08-26 16:30:00,WH-HN01,PROD-032,TRANSFER_OUT,OUT,7,94.58,TRF-8147,Dieu chuyen xuat sang WH-HCM01
MOV-01386,2024-08-26 20:30:00,WH-HN01,PROD-031,OUTBOUND_SALE,OUT,8,152.45,SO-67424,Xuat ban hang khach le & doanh nghiep
MOV-01387,2024-08-27 00:30:00,WH-HCM01,PROD-044,OUTBOUND_SALE,OUT,8,94.76,SO-88918,Xuat ban hang khach le & doanh nghiep
MOV-01388,2024-08-27 06:30:00,WH-DN01,PROD-047,OUTBOUND_SALE,OUT,14,129.34,SO-61166,Xuat ban hang khach le & doanh nghiep
MOV-01389,2024-08-27 12:30:00,WH-HCM01,PROD-042,INBOUND_PO,IN,43,81.7,PO-2024-063,Nhap hang theo don mua nha cung cap
MOV-01385,2024-08-27 16:30:00,WH-HCM01,PROD-032,TRANSFER_IN,IN,7,94.58,TRF-8147,Dieu chuyen nhap tu WH-HN01
MOV-01390,2024-08-27 16:30:00,WH-DN01,PROD-045,OUTBOUND_SALE,OUT,14,51.57,SO-21297,Xuat ban hang khach le & doanh nghiep
MOV-01391,2024-08-28 04:30:00,WH-DN01,PROD-032,OUTBOUND_SALE,OUT,7,94.58,SO-40765,Xuat ban hang khach le & doanh nghiep
MOV-01392,2024-08-28 08:30:00,WH-HN01,PROD-023,OUTBOUND_SALE,OUT,7,114.8,SO-56798,Xuat ban hang khach le & doanh nghiep
MOV-01393,2024-08-28 15:30:00,WH-HN01,PROD-040,OUTBOUND_SALE,OUT,6,140.66,SO-25818,Xuat ban hang khach le & doanh nghiep
MOV-01394,2024-08-28 19:30:00,WH-DN01,PROD-023,OUTBOUND_SALE,OUT,3,114.8,SO-83010,Xuat ban hang khach le & doanh nghiep
MOV-01395,2024-08-29 03:30:00,WH-DN01,PROD-030,TRANSFER_OUT,OUT,4,27.83,TRF-2669,Dieu chuyen xuat sang WH-HN01
MOV-01397,2024-08-29 06:30:00,WH-HN01,PROD-014,OUTBOUND_SALE,OUT,8,41.2,SO-30582,Xuat ban hang khach le & doanh nghiep
MOV-01398,2024-08-29 11:30:00,WH-HCM01,PROD-032,INBOUND_PO,IN,26,94.58,PO-2024-020,Nhap hang theo don mua nha cung cap
MOV-01399,2024-08-29 16:30:00,WH-HN01,PROD-008,OUTBOUND_SALE,OUT,6,83.24,SO-67554,Xuat ban hang khach le & doanh nghiep
MOV-01400,2024-08-29 22:30:00,WH-HN01,PROD-016,INBOUND_PO,IN,50,56.02,PO-2024-045,Nhap hang theo don mua nha cung cap
MOV-01396,2024-08-30 03:30:00,WH-HN01,PROD-030,TRANSFER_IN,IN,4,27.83,TRF-2669,Dieu chuyen nhap tu WH-DN01
MOV-01401,2024-08-30 03:30:00,WH-HN01,PROD-018,OUTBOUND_SALE,OUT,8,53.02,SO-64396,Xuat ban hang khach le & doanh nghiep
MOV-01402,2024-08-30 08:30:00,WH-HN01,PROD-010,OUTBOUND_SALE,OUT,1,27.88,SO-65275,Xuat ban hang khach le & doanh nghiep
MOV-01403,2024-08-30 18:30:00,WH-HCM01,PROD-044,TRANSFER_OUT,OUT,4,94.76,TRF-8251,Dieu chuyen xuat sang WH-DN01
MOV-01405,2024-08-30 21:30:00,WH-HCM01,PROD-005,INBOUND_PO,IN,25,132.94,PO-2024-045,Nhap hang theo don mua nha cung cap
MOV-01406,2024-08-31 02:30:00,WH-HN01,PROD-028,OUTBOUND_SALE,OUT,3,20.77,SO-61546,Xuat ban hang khach le & doanh nghiep
MOV-01407,2024-08-31 05:30:00,WH-HCM01,PROD-010,OUTBOUND_SALE,OUT,12,27.88,SO-17577,Xuat ban hang khach le & doanh nghiep
MOV-01408,2024-08-31 10:30:00,WH-HCM01,PROD-045,OUTBOUND_SALE,OUT,11,51.57,SO-49888,Xuat ban hang khach le & doanh nghiep
MOV-01409,2024-08-31 15:30:00,WH-HN01,PROD-018,TRANSFER_OUT,OUT,9,53.02,TRF-7618,Dieu chuyen xuat sang WH-DN01
MOV-01404,2024-08-31 18:30:00,WH-DN01,PROD-044,TRANSFER_IN,IN,4,94.76,TRF-8251,Dieu chuyen nhap tu WH-HCM01
MOV-01411,2024-08-31 19:30:00,WH-HCM01,PROD-040,TRANSFER_OUT,OUT,9,140.66,TRF-6656,Dieu chuyen xuat sang WH-DN01
MOV-01413,2024-08-31 23:30:00,WH-HN01,PROD-003,TRANSFER_OUT,OUT,7,22.23,TRF-3064,Dieu chuyen xuat sang WH-HCM01
MOV-01415,2024-09-01 03:30:00,WH-HCM01,PROD-020,OUTBOUND_SALE,OUT,11,30.91,SO-54657,Xuat ban hang khach le & doanh nghiep
MOV-01416,2024-09-01 07:30:00,WH-HCM01,PROD-038,OUTBOUND_SALE,OUT,7,99.09,SO-41632,Xuat ban hang khach le & doanh nghiep
MOV-01417,2024-09-01 12:30:00,WH-HCM01,PROD-008,INBOUND_PO,IN,23,83.24,PO-2024-049,Nhap hang theo don mua nha cung cap
MOV-01418,2024-09-01 17:30:00,WH-DN01,PROD-008,OUTBOUND_SALE,OUT,3,83.24,SO-95322,Xuat ban hang khach le & doanh nghiep
MOV-01419,2024-09-01 20:30:00,WH-HCM01,PROD-048,OUTBOUND_SALE,OUT,3,159.35,SO-69394,Xuat ban hang khach le & doanh nghiep
MOV-01420,2024-09-02 01:30:00,WH-HCM01,PROD-038,SCRAP_DAMAGED,OUT,1,99.09,SCRAP-6739,Xuat huy hang can date/hong vo trong kho
MOV-01410,2024-09-02 03:30:00,WH-DN01,PROD-018,TRANSFER_IN,IN,9,53.02,TRF-7618,Dieu chuyen nhap tu WH-HN01
MOV-01421,2024-09-02 06:30:00,WH-HCM01,PROD-037,OUTBOUND_SALE,OUT,13,57.54,SO-28346,Xuat ban hang khach le & doanh nghiep
MOV-01412,2024-09-02 07:30:00,WH-DN01,PROD-040,TRANSFER_IN,IN,9,140.66,TRF-6656,Dieu chuyen nhap tu WH-HCM01
MOV-01414,2024-09-02 11:30:00,WH-HCM01,PROD-003,TRANSFER_IN,IN,7,22.23,TRF-3064,Dieu chuyen nhap tu WH-HN01
MOV-01422,2024-09-02 12:30:00,WH-HN01,PROD-007,OUTBOUND_SALE,OUT,8,31.73,SO-77692,Xuat ban hang khach le & doanh nghiep
MOV-01423,2024-09-02 16:30:00,WH-DN01,PROD-030,INBOUND_PO,IN,26,27.83,PO-2024-019,Nhap hang theo don mua nha cung cap
MOV-01424,2024-09-02 22:30:00,WH-HN01,PROD-006,INBOUND_PO,IN,23,57.46,PO-2024-056,Nhap hang theo don mua nha cung cap
MOV-01425,2024-09-03 02:30:00,WH-DN01,PROD-005,OUTBOUND_SALE,OUT,8,132.94,SO-98712,Xuat ban hang khach le & doanh nghiep
MOV-01426,2024-09-03 08:30:00,WH-HCM01,PROD-050,OUTBOUND_SALE,OUT,9,25.12,SO-44562,Xuat ban hang khach le & doanh nghiep
MOV-01427,2024-09-03 14:30:00,WH-DN01,PROD-045,OUTBOUND_SALE,OUT,1,51.57,SO-64646,Xuat ban hang khach le & doanh nghiep
MOV-01428,2024-09-03 18:30:00,WH-HN01,PROD-032,OUTBOUND_SALE,OUT,14,94.58,SO-69993,Xuat ban hang khach le & doanh nghiep
MOV-01429,2024-09-03 22:30:00,WH-HCM01,PROD-034,RETURN_VENDOR,OUT,1,35.18,RTV-4483,Tra hang loi cho nha cung cap
MOV-01430,2024-09-04 09:30:00,WH-HN01,PROD-039,TRANSFER_OUT,OUT,4,31.39,TRF-2980,Dieu chuyen xuat sang WH-HCM01
MOV-01432,2024-09-04 14:30:00,WH-HN01,PROD-008,OUTBOUND_SALE,OUT,8,83.24,SO-49967,Xuat ban hang khach le & doanh nghiep
MOV-01433,2024-09-04 19:30:00,WH-DN01,PROD-002,OUTBOUND_SALE,OUT,5,122.58,SO-28630,Xuat ban hang khach le & doanh nghiep
MOV-01434,2024-09-05 05:30:00,WH-HCM01,PROD-032,OUTBOUND_SALE,OUT,3,94.58,SO-26033,Xuat ban hang khach le & doanh nghiep
MOV-01435,2024-09-05 10:30:00,WH-HN01,PROD-027,OUTBOUND_SALE,OUT,10,40.94,SO-85112,Xuat ban hang khach le & doanh nghiep
MOV-01436,2024-09-05 15:30:00,WH-DN01,PROD-025,OUTBOUND_SALE,OUT,10,142.37,SO-89391,Xuat ban hang khach le & doanh nghiep
MOV-01437,2024-09-05 19:30:00,WH-HCM01,PROD-041,INBOUND_PO,IN,49,66.18,PO-2024-059,Nhap hang theo don mua nha cung cap
MOV-01431,2024-09-05 21:30:00,WH-HCM01,PROD-039,TRANSFER_IN,IN,4,31.39,TRF-2980,Dieu chuyen nhap tu WH-HN01
MOV-01438,2024-09-06 01:30:00,WH-HCM01,PROD-021,OUTBOUND_SALE,OUT,4,130.48,SO-91889,Xuat ban hang khach le & doanh nghiep
MOV-01439,2024-09-06 07:30:00,WH-DN01,PROD-022,OUTBOUND_SALE,OUT,11,159.45,SO-16005,Xuat ban hang khach le & doanh nghiep
MOV-01440,2024-09-06 13:30:00,WH-HCM01,PROD-006,INBOUND_PO,IN,30,57.46,PO-2024-004,Nhap hang theo don mua nha cung cap
MOV-01441,2024-09-06 21:30:00,WH-HCM01,PROD-035,OUTBOUND_SALE,OUT,9,50.68,SO-16930,Xuat ban hang khach le & doanh nghiep
MOV-01442,2024-09-07 01:30:00,WH-HCM01,PROD-002,INBOUND_PO,IN,27,122.58,PO-2024-089,Nhap hang theo don mua nha cung cap
MOV-01443,2024-09-07 05:30:00,WH-DN01,PROD-014,RETURN_VENDOR,OUT,1,41.2,RTV-8278,Tra hang loi cho nha cung cap
MOV-01444,2024-09-07 08:30:00,WH-HCM01,PROD-021,INBOUND_PO,IN,45,130.48,PO-2024-080,Nhap hang theo don mua nha cung cap
MOV-01445,2024-09-07 22:30:00,WH-HN01,PROD-008,OUTBOUND_SALE,OUT,4,83.24,SO-81012,Xuat ban hang khach le & doanh nghiep
MOV-01446,2024-09-08 02:30:00,WH-HN01,PROD-017,OUTBOUND_SALE,OUT,4,74.18,SO-30214,Xuat ban hang khach le & doanh nghiep
MOV-01447,2024-09-08 07:30:00,WH-HCM01,PROD-011,RETURN_CUSTOMER,IN,1,141.04,RMA-6329,Khach tra hang da kiem tra dat tieu chuan
MOV-01448,2024-09-08 11:30:00,WH-HN01,PROD-020,OUTBOUND_SALE,OUT,9,30.91,SO-22942,Xuat ban hang khach le & doanh nghiep
MOV-01449,2024-09-08 16:30:00,WH-DN01,PROD-017,OUTBOUND_SALE,OUT,9,74.18,SO-25855,Xuat ban hang khach le & doanh nghiep
MOV-01450,2024-09-08 19:30:00,WH-HCM01,PROD-038,OUTBOUND_SALE,OUT,6,99.09,SO-74615,Xuat ban hang khach le & doanh nghiep
MOV-01451,2024-09-09 01:30:00,WH-DN01,PROD-004,RETURN_CUSTOMER,IN,2,110.28,RMA-8615,Khach tra hang da kiem tra dat tieu chuan
MOV-01452,2024-09-09 07:30:00,WH-HN01,PROD-027,OUTBOUND_SALE,OUT,13,40.94,SO-40636,Xuat ban hang khach le & doanh nghiep
MOV-01453,2024-09-09 10:30:00,WH-HCM01,PROD-044,OUTBOUND_SALE,OUT,4,94.76,SO-42285,Xuat ban hang khach le & doanh nghiep
MOV-01454,2024-09-09 14:30:00,WH-DN01,PROD-029,OUTBOUND_SALE,OUT,4,142.68,SO-93335,Xuat ban hang khach le & doanh nghiep
MOV-01455,2024-09-09 18:30:00,WH-HN01,PROD-024,INBOUND_PO,IN,54,33.84,PO-2024-022,Nhap hang theo don mua nha cung cap
MOV-01456,2024-09-09 22:30:00,WH-DN01,PROD-036,OUTBOUND_SALE,OUT,10,50.51,SO-15477,Xuat ban hang khach le & doanh nghiep
MOV-01457,2024-09-10 01:30:00,WH-HCM01,PROD-019,INBOUND_PO,IN,30,145.49,PO-2024-001,Nhap hang theo don mua nha cung cap
MOV-01458,2024-09-10 04:30:00,WH-DN01,PROD-018,RETURN_CUSTOMER,IN,3,53.02,RMA-5110,Khach tra hang da kiem tra dat tieu chuan
MOV-01459,2024-09-10 10:30:00,WH-HCM01,PROD-014,SCRAP_DAMAGED,OUT,2,41.2,SCRAP-1745,Xuat huy hang can date/hong vo trong kho
MOV-01460,2024-09-10 14:30:00,WH-HCM01,PROD-005,INBOUND_PO,IN,39,132.94,PO-2024-012,Nhap hang theo don mua nha cung cap
MOV-01461,2024-09-10 20:30:00,WH-HN01,PROD-047,INBOUND_PO,IN,55,129.34,PO-2024-036,Nhap hang theo don mua nha cung cap
MOV-01462,2024-09-11 02:30:00,WH-HCM01,PROD-021,OUTBOUND_SALE,OUT,13,130.48,SO-54909,Xuat ban hang khach le & doanh nghiep
MOV-01463,2024-09-11 07:30:00,WH-HCM01,PROD-029,RETURN_VENDOR,OUT,2,142.68,RTV-5029,Tra hang loi cho nha cung cap
MOV-01464,2024-09-11 12:30:00,WH-DN01,PROD-039,OUTBOUND_SALE,OUT,8,31.39,SO-12080,Xuat ban hang khach le & doanh nghiep
MOV-01465,2024-09-11 16:30:00,WH-HN01,PROD-039,OUTBOUND_SALE,OUT,10,31.39,SO-10560,Xuat ban hang khach le & doanh nghiep
MOV-01466,2024-09-11 19:30:00,WH-DN01,PROD-036,OUTBOUND_SALE,OUT,14,50.51,SO-74091,Xuat ban hang khach le & doanh nghiep
MOV-01467,2024-09-12 01:30:00,WH-HCM01,PROD-042,OUTBOUND_SALE,OUT,4,81.7,SO-80601,Xuat ban hang khach le & doanh nghiep
MOV-01468,2024-09-12 04:30:00,WH-HCM01,PROD-029,TRANSFER_OUT,OUT,6,142.68,TRF-7166,Dieu chuyen xuat sang WH-HN01
MOV-01470,2024-09-12 10:30:00,WH-HCM01,PROD-001,OUTBOUND_SALE,OUT,4,108.8,SO-70646,Xuat ban hang khach le & doanh nghiep
MOV-01471,2024-09-12 15:30:00,WH-DN01,PROD-001,RETURN_CUSTOMER,IN,1,108.8,RMA-1324,Khach tra hang da kiem tra dat tieu chuan
MOV-01472,2024-09-12 20:30:00,WH-HCM01,PROD-023,INBOUND_PO,IN,32,114.8,PO-2024-012,Nhap hang theo don mua nha cung cap
MOV-01473,2024-09-13 01:30:00,WH-HN01,PROD-015,INBOUND_PO,IN,51,127.1,PO-2024-048,Nhap hang theo don mua nha cung cap
MOV-01474,2024-09-13 04:30:00,WH-HCM01,PROD-046,OUTBOUND_SALE,OUT,12,146.15,SO-37405,Xuat ban hang khach le & doanh nghiep
MOV-01475,2024-09-13 07:30:00,WH-HCM01,PROD-026,OUTBOUND_SALE,OUT,4,141.61,SO-46352,Xuat ban hang khach le & doanh nghiep
MOV-01476,2024-09-13 13:30:00,WH-HN01,PROD-043,OUTBOUND_SALE,OUT,14,149.1,SO-84148,Xuat ban hang khach le & doanh nghiep
MOV-01469,2024-09-13 16:30:00,WH-HN01,PROD-029,TRANSFER_IN,IN,6,142.68,TRF-7166,Dieu chuyen nhap tu WH-HCM01
MOV-01477,2024-09-14 01:30:00,WH-HCM01,PROD-002,OUTBOUND_SALE,OUT,14,122.58,SO-98832,Xuat ban hang khach le & doanh nghiep
MOV-01478,2024-09-14 06:30:00,WH-DN01,PROD-001,INBOUND_PO,IN,47,108.8,PO-2024-087,Nhap hang theo don mua nha cung cap
MOV-01479,2024-09-14 09:30:00,WH-DN01,PROD-028,TRANSFER_OUT,OUT,6,20.77,TRF-2994,Dieu chuyen xuat sang WH-HCM01
MOV-01481,2024-09-14 15:30:00,WH-HN01,PROD-047,OUTBOUND_SALE,OUT,6,129.34,SO-16155,Xuat ban hang khach le & doanh nghiep
MOV-01482,2024-09-14 20:30:00,WH-HCM01,PROD-029,TRANSFER_OUT,OUT,4,142.68,TRF-7420,Dieu chuyen xuat sang WH-DN01
MOV-01484,2024-09-15 01:30:00,WH-HCM01,PROD-002,OUTBOUND_SALE,OUT,14,122.58,SO-39573,Xuat ban hang khach le & doanh nghiep
MOV-01485,2024-09-15 07:30:00,WH-HN01,PROD-013,RETURN_CUSTOMER,IN,1,110.02,RMA-6394,Khach tra hang da kiem tra dat tieu chuan
MOV-01486,2024-09-15 12:30:00,WH-HCM01,PROD-007,OUTBOUND_SALE,OUT,3,31.73,SO-72910,Xuat ban hang khach le & doanh nghiep
MOV-01487,2024-09-15 18:30:00,WH-HCM01,PROD-041,INBOUND_PO,IN,41,66.18,PO-2024-033,Nhap hang theo don mua nha cung cap
MOV-01483,2024-09-15 20:30:00,WH-DN01,PROD-029,TRANSFER_IN,IN,4,142.68,TRF-7420,Dieu chuyen nhap tu WH-HCM01
MOV-01480,2024-09-15 21:30:00,WH-HCM01,PROD-028,TRANSFER_IN,IN,6,20.77,TRF-2994,Dieu chuyen nhap tu WH-DN01
MOV-01488,2024-09-16 01:30:00,WH-HCM01,PROD-016,INBOUND_PO,IN,24,56.02,PO-2024-081,Nhap hang theo don mua nha cung cap
MOV-01489,2024-09-16 07:30:00,WH-HCM01,PROD-029,INBOUND_PO,IN,57,142.68,PO-2024-016,Nhap hang theo don mua nha cung cap
MOV-01490,2024-09-16 10:30:00,WH-HN01,PROD-025,RETURN_VENDOR,OUT,2,142.37,RTV-2065,Tra hang loi cho nha cung cap
MOV-01491,2024-09-16 14:30:00,WH-DN01,PROD-004,OUTBOUND_SALE,OUT,2,110.28,SO-90050,Xuat ban hang khach le & doanh nghiep
MOV-01492,2024-09-16 20:30:00,WH-HCM01,PROD-004,OUTBOUND_SALE,OUT,11,110.28,SO-16842,Xuat ban hang khach le & doanh nghiep
MOV-01493,2024-09-17 01:30:00,WH-DN01,PROD-007,INBOUND_PO,IN,59,31.73,PO-2024-054,Nhap hang theo don mua nha cung cap
MOV-01494,2024-09-17 05:30:00,WH-HCM01,PROD-040,TRANSFER_OUT,OUT,7,140.66,TRF-7290,Dieu chuyen xuat sang WH-HN01
MOV-01496,2024-09-17 11:30:00,WH-HCM01,PROD-007,TRANSFER_OUT,OUT,9,31.73,TRF-1425,Dieu chuyen xuat sang WH-DN01
MOV-01498,2024-09-17 16:30:00,WH-HN01,PROD-007,OUTBOUND_SALE,OUT,3,31.73,SO-88010,Xuat ban hang khach le & doanh nghiep
MOV-01499,2024-09-17 19:30:00,WH-HN01,PROD-037,OUTBOUND_SALE,OUT,5,57.54,SO-93540,Xuat ban hang khach le & doanh nghiep
MOV-01500,2024-09-18 00:30:00,WH-DN01,PROD-047,OUTBOUND_SALE,OUT,12,129.34,SO-68277,Xuat ban hang khach le & doanh nghiep
MOV-01501,2024-09-18 08:30:00,WH-DN01,PROD-033,OUTBOUND_SALE,OUT,13,159.31,SO-56890,Xuat ban hang khach le & doanh nghiep
MOV-01502,2024-09-18 13:30:00,WH-HCM01,PROD-050,OUTBOUND_SALE,OUT,5,25.12,SO-29321,Xuat ban hang khach le & doanh nghiep
MOV-01495,2024-09-18 17:30:00,WH-HN01,PROD-040,TRANSFER_IN,IN,7,140.66,TRF-7290,Dieu chuyen nhap tu WH-HCM01
MOV-01497,2024-09-18 23:30:00,WH-DN01,PROD-007,TRANSFER_IN,IN,9,31.73,TRF-1425,Dieu chuyen nhap tu WH-HCM01
MOV-01503,2024-09-19 00:30:00,WH-HCM01,PROD-038,RETURN_VENDOR,OUT,3,99.09,RTV-3369,Tra hang loi cho nha cung cap
MOV-01504,2024-09-19 03:30:00,WH-HCM01,PROD-004,OUTBOUND_SALE,OUT,9,110.28,SO-55064,Xuat ban hang khach le & doanh nghiep
MOV-01505,2024-09-19 07:30:00,WH-HCM01,PROD-013,RETURN_VENDOR,OUT,1,110.02,RTV-6595,Tra hang loi cho nha cung cap
MOV-01506,2024-09-19 11:30:00,WH-HCM01,PROD-045,OUTBOUND_SALE,OUT,10,51.57,SO-88612,Xuat ban hang khach le & doanh nghiep
MOV-01507,2024-09-19 16:30:00,WH-HCM01,PROD-022,TRANSFER_OUT,OUT,7,159.45,TRF-6384,Dieu chuyen xuat sang WH-DN01
MOV-01509,2024-09-19 19:30:00,WH-HN01,PROD-032,OUTBOUND_SALE,OUT,6,94.58,SO-10484,Xuat ban hang khach le & doanh nghiep
MOV-01510,2024-09-19 23:30:00,WH-DN01,PROD-040,INBOUND_PO,IN,33,140.66,PO-2024-031,Nhap hang theo don mua nha cung cap
MOV-01511,2024-09-20 05:30:00,WH-DN01,PROD-048,INBOUND_PO,IN,44,159.35,PO-2024-027,Nhap hang theo don mua nha cung cap
MOV-01512,2024-09-20 11:30:00,WH-HN01,PROD-024,OUTBOUND_SALE,OUT,3,33.84,SO-19664,Xuat ban hang khach le & doanh nghiep
MOV-01508,2024-09-20 16:30:00,WH-DN01,PROD-022,TRANSFER_IN,IN,7,159.45,TRF-6384,Dieu chuyen nhap tu WH-HCM01
MOV-01513,2024-09-20 21:30:00,WH-HCM01,PROD-038,OUTBOUND_SALE,OUT,8,99.09,SO-15754,Xuat ban hang khach le & doanh nghiep
MOV-01514,2024-09-21 00:30:00,WH-DN01,PROD-012,OUTBOUND_SALE,OUT,6,41.1,SO-44340,Xuat ban hang khach le & doanh nghiep
MOV-01515,2024-09-21 04:30:00,WH-HCM01,PROD-016,OUTBOUND_SALE,OUT,5,56.02,SO-35688,Xuat ban hang khach le & doanh nghiep
MOV-01516,2024-09-21 07:30:00,WH-DN01,PROD-007,OUTBOUND_SALE,OUT,3,31.73,SO-98795,Xuat ban hang khach le & doanh nghiep
MOV-01517,2024-09-21 15:30:00,WH-HN01,PROD-024,OUTBOUND_SALE,OUT,8,33.84,SO-96626,Xuat ban hang khach le & doanh nghiep
MOV-01518,2024-09-21 19:30:00,WH-HCM01,PROD-028,RETURN_CUSTOMER,IN,3,20.77,RMA-2071,Khach tra hang da kiem tra dat tieu chuan
MOV-01519,2024-09-21 22:30:00,WH-HN01,PROD-013,OUTBOUND_SALE,OUT,1,110.02,SO-79803,Xuat ban hang khach le & doanh nghiep
MOV-01520,2024-09-22 04:30:00,WH-DN01,PROD-039,INBOUND_PO,IN,47,31.39,PO-2024-086,Nhap hang theo don mua nha cung cap
MOV-01521,2024-09-22 08:30:00,WH-HCM01,PROD-038,TRANSFER_OUT,OUT,10,99.09,TRF-9773,Dieu chuyen xuat sang WH-HN01
MOV-01523,2024-09-22 12:30:00,WH-HN01,PROD-041,OUTBOUND_SALE,OUT,7,66.18,SO-26575,Xuat ban hang khach le & doanh nghiep
MOV-01524,2024-09-22 18:30:00,WH-HN01,PROD-031,OUTBOUND_SALE,OUT,13,152.45,SO-90594,Xuat ban hang khach le & doanh nghiep
MOV-01525,2024-09-22 21:30:00,WH-DN01,PROD-049,OUTBOUND_SALE,OUT,13,48.91,SO-76736,Xuat ban hang khach le & doanh nghiep
MOV-01526,2024-09-23 02:30:00,WH-DN01,PROD-012,OUTBOUND_SALE,OUT,8,41.1,SO-59005,Xuat ban hang khach le & doanh nghiep
MOV-01527,2024-09-23 08:30:00,WH-DN01,PROD-031,INBOUND_PO,IN,37,152.45,PO-2024-078,Nhap hang theo don mua nha cung cap
MOV-01528,2024-09-23 14:30:00,WH-HCM01,PROD-042,OUTBOUND_SALE,OUT,3,81.7,SO-37158,Xuat ban hang khach le & doanh nghiep
MOV-01529,2024-09-23 18:30:00,WH-DN01,PROD-016,TRANSFER_OUT,OUT,5,56.02,TRF-6013,Dieu chuyen xuat sang WH-HCM01
MOV-01522,2024-09-23 20:30:00,WH-HN01,PROD-038,TRANSFER_IN,IN,10,99.09,TRF-9773,Dieu chuyen nhap tu WH-HCM01
MOV-01531,2024-09-24 00:30:00,WH-DN01,PROD-017,OUTBOUND_SALE,OUT,11,74.18,SO-21109,Xuat ban hang khach le & doanh nghiep
MOV-01532,2024-09-24 04:30:00,WH-DN01,PROD-029,INBOUND_PO,IN,53,142.68,PO-2024-047,Nhap hang theo don mua nha cung cap
MOV-01533,2024-09-24 08:30:00,WH-DN01,PROD-033,OUTBOUND_SALE,OUT,12,159.31,SO-54089,Xuat ban hang khach le & doanh nghiep
MOV-01534,2024-09-24 19:30:00,WH-DN01,PROD-018,INBOUND_PO,IN,44,53.02,PO-2024-004,Nhap hang theo don mua nha cung cap
MOV-01535,2024-09-24 23:30:00,WH-DN01,PROD-042,OUTBOUND_SALE,OUT,4,81.7,SO-57067,Xuat ban hang khach le & doanh nghiep
MOV-01536,2024-09-25 05:30:00,WH-HN01,PROD-007,INBOUND_PO,IN,27,31.73,PO-2024-010,Nhap hang theo don mua nha cung cap
MOV-01530,2024-09-25 06:30:00,WH-HCM01,PROD-016,TRANSFER_IN,IN,5,56.02,TRF-6013,Dieu chuyen nhap tu WH-DN01
MOV-01537,2024-09-25 14:30:00,WH-DN01,PROD-020,OUTBOUND_SALE,OUT,6,30.91,SO-99592,Xuat ban hang khach le & doanh nghiep
MOV-01538,2024-09-26 05:30:00,WH-DN01,PROD-026,INBOUND_PO,IN,57,141.61,PO-2024-088,Nhap hang theo don mua nha cung cap
MOV-01539,2024-09-26 08:30:00,WH-HCM01,PROD-049,OUTBOUND_SALE,OUT,5,48.91,SO-62101,Xuat ban hang khach le & doanh nghiep
MOV-01540,2024-09-26 12:30:00,WH-HCM01,PROD-014,OUTBOUND_SALE,OUT,10,41.2,SO-40634,Xuat ban hang khach le & doanh nghiep
MOV-01541,2024-09-26 18:30:00,WH-DN01,PROD-022,INBOUND_PO,IN,25,159.45,PO-2024-042,Nhap hang theo don mua nha cung cap
MOV-01542,2024-09-26 22:30:00,WH-HCM01,PROD-027,OUTBOUND_SALE,OUT,6,40.94,SO-67498,Xuat ban hang khach le & doanh nghiep
MOV-01543,2024-09-27 04:30:00,WH-HN01,PROD-024,TRANSFER_OUT,OUT,8,33.84,TRF-3102,Dieu chuyen xuat sang WH-DN01
MOV-01545,2024-09-27 07:30:00,WH-HCM01,PROD-023,OUTBOUND_SALE,OUT,8,114.8,SO-39555,Xuat ban hang khach le & doanh nghiep
MOV-01546,2024-09-27 13:30:00,WH-DN01,PROD-049,OUTBOUND_SALE,OUT,14,48.91,SO-80464,Xuat ban hang khach le & doanh nghiep
MOV-01547,2024-09-27 18:30:00,WH-HN01,PROD-037,OUTBOUND_SALE,OUT,3,57.54,SO-28236,Xuat ban hang khach le & doanh nghiep
MOV-01548,2024-09-27 22:30:00,WH-DN01,PROD-037,RETURN_VENDOR,OUT,3,57.54,RTV-7404,Tra hang loi cho nha cung cap
MOV-01549,2024-09-28 04:30:00,WH-DN01,PROD-005,OUTBOUND_SALE,OUT,11,132.94,SO-60650,Xuat ban hang khach le & doanh nghiep
MOV-01550,2024-09-28 08:30:00,WH-DN01,PROD-037,OUTBOUND_SALE,OUT,10,57.54,SO-93755,Xuat ban hang khach le & doanh nghiep
MOV-01551,2024-09-28 13:30:00,WH-HN01,PROD-044,OUTBOUND_SALE,OUT,11,94.76,SO-33283,Xuat ban hang khach le & doanh nghiep
MOV-01544,2024-09-28 16:30:00,WH-DN01,PROD-024,TRANSFER_IN,IN,8,33.84,TRF-3102,Dieu chuyen nhap tu WH-HN01
MOV-01552,2024-09-28 16:30:00,WH-HCM01,PROD-032,INBOUND_PO,IN,21,94.58,PO-2024-024,Nhap hang theo don mua nha cung cap
MOV-01553,2024-09-29 00:30:00,WH-HCM01,PROD-034,OUTBOUND_SALE,OUT,4,35.18,SO-69593,Xuat ban hang khach le & doanh nghiep
MOV-01554,2024-09-29 08:30:00,WH-DN01,PROD-026,TRANSFER_OUT,OUT,4,141.61,TRF-3115,Dieu chuyen xuat sang WH-HN01
MOV-01556,2024-09-29 14:30:00,WH-DN01,PROD-014,INBOUND_PO,IN,28,41.2,PO-2024-027,Nhap hang theo don mua nha cung cap
MOV-01557,2024-09-30 01:30:00,WH-HCM01,PROD-020,OUTBOUND_SALE,OUT,12,30.91,SO-36604,Xuat ban hang khach le & doanh nghiep
MOV-01558,2024-09-30 13:30:00,WH-DN01,PROD-039,OUTBOUND_SALE,OUT,6,31.39,SO-78925,Xuat ban hang khach le & doanh nghiep
MOV-01559,2024-09-30 18:30:00,WH-DN01,PROD-030,TRANSFER_OUT,OUT,8,27.83,TRF-1640,Dieu chuyen xuat sang WH-HCM01
MOV-01555,2024-09-30 20:30:00,WH-HN01,PROD-026,TRANSFER_IN,IN,4,141.61,TRF-3115,Dieu chuyen nhap tu WH-DN01
MOV-02023,2024-09-30 23:00:00,WH-DN01,PROD-002,AUDIT_ADJUSTMENT,OUT,1,122.58,AUD-0034,Dieu chinh kiem ke: Ghi giam
MOV-02024,2024-09-30 23:00:00,WH-HN01,PROD-025,AUDIT_ADJUSTMENT,OUT,1,142.37,AUD-0038,Dieu chinh kiem ke: Ghi giam
MOV-02025,2024-09-30 23:00:00,WH-HCM01,PROD-043,AUDIT_ADJUSTMENT,OUT,2,149.1,AUD-0039,Dieu chinh kiem ke: Ghi giam
MOV-02026,2024-09-30 23:00:00,WH-HN01,PROD-028,AUDIT_ADJUSTMENT,IN,1,20.77,AUD-0041,Dieu chinh kiem ke: Ghi tang
MOV-02027,2024-09-30 23:00:00,WH-HN01,PROD-041,AUDIT_ADJUSTMENT,OUT,1,66.18,AUD-0044,Dieu chinh kiem ke: Ghi giam
MOV-01561,2024-09-30 23:30:00,WH-DN01,PROD-023,OUTBOUND_SALE,OUT,14,114.8,SO-48987,Xuat ban hang khach le & doanh nghiep
MOV-01562,2024-10-01 05:30:00,WH-HN01,PROD-027,OUTBOUND_SALE,OUT,6,40.94,SO-33537,Xuat ban hang khach le & doanh nghiep
MOV-01563,2024-10-01 11:30:00,WH-HCM01,PROD-012,OUTBOUND_SALE,OUT,14,41.1,SO-84529,Xuat ban hang khach le & doanh nghiep
MOV-01564,2024-10-01 14:30:00,WH-HN01,PROD-016,OUTBOUND_SALE,OUT,5,56.02,SO-45884,Xuat ban hang khach le & doanh nghiep
MOV-01560,2024-10-01 18:30:00,WH-HCM01,PROD-030,TRANSFER_IN,IN,8,27.83,TRF-1640,Dieu chuyen nhap tu WH-DN01
MOV-01565,2024-10-01 19:30:00,WH-HN01,PROD-045,OUTBOUND_SALE,OUT,14,51.57,SO-38476,Xuat ban hang khach le & doanh nghiep
MOV-01566,2024-10-02 01:30:00,WH-HCM01,PROD-008,OUTBOUND_SALE,OUT,8,83.24,SO-20031,Xuat ban hang khach le & doanh nghiep
MOV-01567,2024-10-02 10:30:00,WH-HN01,PROD-033,OUTBOUND_SALE,OUT,3,159.31,SO-70577,Xuat ban hang khach le & doanh nghiep
MOV-01568,2024-10-02 13:30:00,WH-HCM01,PROD-044,OUTBOUND_SALE,OUT,14,94.76,SO-70542,Xuat ban hang khach le & doanh nghiep
MOV-01569,2024-10-02 19:30:00,WH-DN01,PROD-013,OUTBOUND_SALE,OUT,9,110.02,SO-14951,Xuat ban hang khach le & doanh nghiep
MOV-01570,2024-10-03 03:30:00,WH-DN01,PROD-032,OUTBOUND_SALE,OUT,10,94.58,SO-18943,Xuat ban hang khach le & doanh nghiep
MOV-01571,2024-10-03 12:30:00,WH-DN01,PROD-011,OUTBOUND_SALE,OUT,5,141.04,SO-12367,Xuat ban hang khach le & doanh nghiep
MOV-01572,2024-10-03 15:30:00,WH-HN01,PROD-035,OUTBOUND_SALE,OUT,14,50.68,SO-61229,Xuat ban hang khach le & doanh nghiep
MOV-01573,2024-10-03 19:30:00,WH-HN01,PROD-044,OUTBOUND_SALE,OUT,7,94.76,SO-30119,Xuat ban hang khach le & doanh nghiep
MOV-01574,2024-10-04 04:30:00,WH-HCM01,PROD-014,TRANSFER_OUT,OUT,9,41.2,TRF-1782,Dieu chuyen xuat sang WH-DN01
MOV-01576,2024-10-04 10:30:00,WH-DN01,PROD-004,INBOUND_PO,IN,58,110.28,PO-2024-001,Nhap hang theo don mua nha cung cap
MOV-01577,2024-10-04 13:30:00,WH-HN01,PROD-016,INBOUND_PO,IN,43,56.02,PO-2024-031,Nhap hang theo don mua nha cung cap
MOV-01578,2024-10-04 17:30:00,WH-DN01,PROD-002,OUTBOUND_SALE,OUT,3,122.58,SO-54186,Xuat ban hang khach le & doanh nghiep
MOV-01579,2024-10-04 21:30:00,WH-HN01,PROD-015,OUTBOUND_SALE,OUT,4,127.1,SO-97046,Xuat ban hang khach le & doanh nghiep
MOV-01580,2024-10-05 01:30:00,WH-HN01,PROD-027,INBOUND_PO,IN,52,40.94,PO-2024-014,Nhap hang theo don mua nha cung cap
MOV-01575,2024-10-05 04:30:00,WH-DN01,PROD-014,TRANSFER_IN,IN,9,41.2,TRF-1782,Dieu chuyen nhap tu WH-HCM01
MOV-01581,2024-10-05 06:30:00,WH-HCM01,PROD-013,OUTBOUND_SALE,OUT,8,110.02,SO-37147,Xuat ban hang khach le & doanh nghiep
MOV-01582,2024-10-05 12:30:00,WH-HN01,PROD-015,RETURN_CUSTOMER,IN,1,127.1,RMA-2734,Khach tra hang da kiem tra dat tieu chuan
MOV-01583,2024-10-05 17:30:00,WH-HN01,PROD-026,OUTBOUND_SALE,OUT,13,141.61,SO-51450,Xuat ban hang khach le & doanh nghiep
MOV-01584,2024-10-05 20:30:00,WH-DN01,PROD-015,OUTBOUND_SALE,OUT,4,127.1,SO-96240,Xuat ban hang khach le & doanh nghiep
MOV-01585,2024-10-06 01:30:00,WH-DN01,PROD-003,OUTBOUND_SALE,OUT,4,22.23,SO-38647,Xuat ban hang khach le & doanh nghiep
MOV-01586,2024-10-06 07:30:00,WH-HCM01,PROD-032,OUTBOUND_SALE,OUT,4,94.58,SO-80278,Xuat ban hang khach le & doanh nghiep
MOV-01587,2024-10-06 11:30:00,WH-HN01,PROD-039,OUTBOUND_SALE,OUT,8,31.39,SO-92689,Xuat ban hang khach le & doanh nghiep
MOV-01588,2024-10-06 22:30:00,WH-HCM01,PROD-021,OUTBOUND_SALE,OUT,13,130.48,SO-73193,Xuat ban hang khach le & doanh nghiep
MOV-01589,2024-10-07 01:30:00,WH-HCM01,PROD-038,OUTBOUND_SALE,OUT,10,99.09,SO-60118,Xuat ban hang khach le & doanh nghiep
MOV-01590,2024-10-07 05:30:00,WH-HCM01,PROD-001,OUTBOUND_SALE,OUT,2,108.8,SO-12780,Xuat ban hang khach le & doanh nghiep
MOV-01591,2024-10-07 08:30:00,WH-HCM01,PROD-028,OUTBOUND_SALE,OUT,6,20.77,SO-91233,Xuat ban hang khach le & doanh nghiep
MOV-01592,2024-10-07 11:30:00,WH-DN01,PROD-032,OUTBOUND_SALE,OUT,7,94.58,SO-36478,Xuat ban hang khach le & doanh nghiep
MOV-01593,2024-10-07 15:30:00,WH-HCM01,PROD-003,OUTBOUND_SALE,OUT,6,22.23,SO-88390,Xuat ban hang khach le & doanh nghiep
MOV-01594,2024-10-07 21:30:00,WH-DN01,PROD-009,INBOUND_PO,IN,37,135.78,PO-2024-042,Nhap hang theo don mua nha cung cap
MOV-01595,2024-10-08 00:30:00,WH-DN01,PROD-042,OUTBOUND_SALE,OUT,7,81.7,SO-13105,Xuat ban hang khach le & doanh nghiep
MOV-01596,2024-10-08 04:30:00,WH-DN01,PROD-022,INBOUND_PO,IN,35,159.45,PO-2024-027,Nhap hang theo don mua nha cung cap
MOV-01597,2024-10-08 07:30:00,WH-HCM01,PROD-016,TRANSFER_OUT,OUT,8,56.02,TRF-7250,Dieu chuyen xuat sang WH-HN01
MOV-01599,2024-10-08 21:30:00,WH-HN01,PROD-006,RETURN_CUSTOMER,IN,1,57.46,RMA-9992,Khach tra hang da kiem tra dat tieu chuan
MOV-01600,2024-10-09 01:30:00,WH-HN01,PROD-028,OUTBOUND_SALE,OUT,14,20.77,SO-71220,Xuat ban hang khach le & doanh nghiep
MOV-01601,2024-10-09 06:30:00,WH-HN01,PROD-016,OUTBOUND_SALE,OUT,9,56.02,SO-33125,Xuat ban hang khach le & doanh nghiep
MOV-01602,2024-10-09 10:30:00,WH-HCM01,PROD-029,OUTBOUND_SALE,OUT,13,142.68,SO-36398,Xuat ban hang khach le & doanh nghiep
MOV-01603,2024-10-09 15:30:00,WH-DN01,PROD-006,TRANSFER_OUT,OUT,7,57.46,TRF-7188,Dieu chuyen xuat sang WH-HCM01
MOV-01598,2024-10-09 19:30:00,WH-HN01,PROD-016,TRANSFER_IN,IN,8,56.02,TRF-7250,Dieu chuyen nhap tu WH-HCM01
MOV-01605,2024-10-09 21:30:00,WH-HCM01,PROD-040,OUTBOUND_SALE,OUT,14,140.66,SO-66810,Xuat ban hang khach le & doanh nghiep
MOV-01606,2024-10-10 01:30:00,WH-DN01,PROD-002,INBOUND_PO,IN,44,122.58,PO-2024-056,Nhap hang theo don mua nha cung cap
MOV-01607,2024-10-10 04:30:00,WH-DN01,PROD-039,INBOUND_PO,IN,54,31.39,PO-2024-020,Nhap hang theo don mua nha cung cap
MOV-01608,2024-10-10 14:30:00,WH-HCM01,PROD-039,OUTBOUND_SALE,OUT,10,31.39,SO-19429,Xuat ban hang khach le & doanh nghiep
MOV-01604,2024-10-10 15:30:00,WH-HCM01,PROD-006,TRANSFER_IN,IN,7,57.46,TRF-7188,Dieu chuyen nhap tu WH-DN01
MOV-01609,2024-10-10 19:30:00,WH-DN01,PROD-013,OUTBOUND_SALE,OUT,5,110.02,SO-34854,Xuat ban hang khach le & doanh nghiep
MOV-01610,2024-10-10 22:30:00,WH-HCM01,PROD-047,OUTBOUND_SALE,OUT,14,129.34,SO-59054,Xuat ban hang khach le & doanh nghiep
MOV-01611,2024-10-11 04:30:00,WH-DN01,PROD-026,OUTBOUND_SALE,OUT,14,141.61,SO-58908,Xuat ban hang khach le & doanh nghiep
MOV-01612,2024-10-11 10:30:00,WH-HCM01,PROD-038,OUTBOUND_SALE,OUT,4,99.09,SO-63580,Xuat ban hang khach le & doanh nghiep
MOV-01613,2024-10-11 13:30:00,WH-HN01,PROD-025,SCRAP_DAMAGED,OUT,1,142.37,SCRAP-4182,Xuat huy hang can date/hong vo trong kho
MOV-01614,2024-10-11 19:30:00,WH-HCM01,PROD-023,RETURN_CUSTOMER,IN,3,114.8,RMA-9005,Khach tra hang da kiem tra dat tieu chuan
MOV-01615,2024-10-12 00:30:00,WH-HCM01,PROD-025,INBOUND_PO,IN,47,142.37,PO-2024-032,Nhap hang theo don mua nha cung cap
MOV-01616,2024-10-12 04:30:00,WH-DN01,PROD-041,OUTBOUND_SALE,OUT,14,66.18,SO-98660,Xuat ban hang khach le & doanh nghiep
MOV-01617,2024-10-12 07:30:00,WH-HCM01,PROD-010,INBOUND_PO,IN,36,27.88,PO-2024-082,Nhap hang theo don mua nha cung cap
MOV-01618,2024-10-12 13:30:00,WH-HN01,PROD-017,RETURN_CUSTOMER,IN,1,74.18,RMA-3644,Khach tra hang da kiem tra dat tieu chuan
MOV-01619,2024-10-12 22:30:00,WH-HCM01,PROD-006,OUTBOUND_SALE,OUT,11,57.46,SO-34749,Xuat ban hang khach le & doanh nghiep
MOV-01620,2024-10-13 04:30:00,WH-DN01,PROD-017,OUTBOUND_SALE,OUT,14,74.18,SO-49612,Xuat ban hang khach le & doanh nghiep
MOV-01621,2024-10-13 10:30:00,WH-HCM01,PROD-027,OUTBOUND_SALE,OUT,14,40.94,SO-21648,Xuat ban hang khach le & doanh nghiep
MOV-01622,2024-10-13 13:30:00,WH-DN01,PROD-010,OUTBOUND_SALE,OUT,7,27.88,SO-37462,Xuat ban hang khach le & doanh nghiep
MOV-01623,2024-10-13 19:30:00,WH-HN01,PROD-011,INBOUND_PO,IN,51,141.04,PO-2024-001,Nhap hang theo don mua nha cung cap
MOV-01624,2024-10-13 22:30:00,WH-HCM01,PROD-027,OUTBOUND_SALE,OUT,11,40.94,SO-64636,Xuat ban hang khach le & doanh nghiep
MOV-01625,2024-10-14 03:30:00,WH-HN01,PROD-012,INBOUND_PO,IN,43,41.1,PO-2024-024,Nhap hang theo don mua nha cung cap
MOV-01626,2024-10-14 10:30:00,WH-HN01,PROD-012,OUTBOUND_SALE,OUT,6,41.1,SO-17730,Xuat ban hang khach le & doanh nghiep
MOV-01627,2024-10-14 14:30:00,WH-HN01,PROD-017,INBOUND_PO,IN,46,74.18,PO-2024-058,Nhap hang theo don mua nha cung cap
MOV-01628,2024-10-14 17:30:00,WH-HN01,PROD-006,TRANSFER_OUT,OUT,4,57.46,TRF-7188,Dieu chuyen xuat sang WH-HCM01
MOV-01630,2024-10-14 22:30:00,WH-HN01,PROD-038,OUTBOUND_SALE,OUT,6,99.09,SO-72638,Xuat ban hang khach le & doanh nghiep
MOV-01631,2024-10-15 04:30:00,WH-HN01,PROD-001,OUTBOUND_SALE,OUT,3,108.8,SO-44875,Xuat ban hang khach le & doanh nghiep
MOV-01632,2024-10-15 07:30:00,WH-HN01,PROD-007,OUTBOUND_SALE,OUT,6,31.73,SO-78463,Xuat ban hang khach le & doanh nghiep
MOV-01633,2024-10-15 10:30:00,WH-HCM01,PROD-049,OUTBOUND_SALE,OUT,7,48.91,SO-73691,Xuat ban hang khach le & doanh nghiep
MOV-01634,2024-10-15 16:30:00,WH-HCM01,PROD-028,INBOUND_PO,IN,41,20.77,PO-2024-049,Nhap hang theo don mua nha cung cap
MOV-01629,2024-10-15 17:30:00,WH-HCM01,PROD-006,TRANSFER_IN,IN,4,57.46,TRF-7188,Dieu chuyen nhap tu WH-HN01
MOV-01635,2024-10-15 21:30:00,WH-HN01,PROD-024,SCRAP_DAMAGED,OUT,2,33.84,SCRAP-7200,Xuat huy hang can date/hong vo trong kho
MOV-01636,2024-10-16 00:30:00,WH-DN01,PROD-007,RETURN_VENDOR,OUT,1,31.73,RTV-8486,Tra hang loi cho nha cung cap
MOV-01637,2024-10-16 06:30:00,WH-HN01,PROD-002,INBOUND_PO,IN,58,122.58,PO-2024-016,Nhap hang theo don mua nha cung cap
MOV-01638,2024-10-16 11:30:00,WH-HN01,PROD-024,RETURN_CUSTOMER,IN,2,33.84,RMA-8785,Khach tra hang da kiem tra dat tieu chuan
MOV-01639,2024-10-16 17:30:00,WH-HN01,PROD-041,OUTBOUND_SALE,OUT,8,66.18,SO-12179,Xuat ban hang khach le & doanh nghiep
MOV-01640,2024-10-16 22:30:00,WH-HCM01,PROD-021,TRANSFER_OUT,OUT,5,130.48,TRF-8938,Dieu chuyen xuat sang WH-DN01
MOV-01642,2024-10-17 01:30:00,WH-DN01,PROD-043,OUTBOUND_SALE,OUT,14,149.1,SO-23166,Xuat ban hang khach le & doanh nghiep
MOV-01643,2024-10-17 11:30:00,WH-HCM01,PROD-046,TRANSFER_OUT,OUT,5,146.15,TRF-9158,Dieu chuyen xuat sang WH-HN01
MOV-01645,2024-10-17 16:30:00,WH-HCM01,PROD-030,INBOUND_PO,IN,30,27.83,PO-2024-059,Nhap hang theo don mua nha cung cap
MOV-01646,2024-10-17 19:30:00,WH-HCM01,PROD-016,OUTBOUND_SALE,OUT,6,56.02,SO-37740,Xuat ban hang khach le & doanh nghiep
MOV-01647,2024-10-17 23:30:00,WH-HCM01,PROD-045,INBOUND_PO,IN,25,51.57,PO-2024-014,Nhap hang theo don mua nha cung cap
MOV-01648,2024-10-18 05:30:00,WH-HN01,PROD-011,SCRAP_DAMAGED,OUT,2,141.04,SCRAP-7283,Xuat huy hang can date/hong vo trong kho
MOV-01641,2024-10-18 10:30:00,WH-DN01,PROD-021,TRANSFER_IN,IN,5,130.48,TRF-8938,Dieu chuyen nhap tu WH-HCM01
MOV-01649,2024-10-18 10:30:00,WH-DN01,PROD-043,OUTBOUND_SALE,OUT,10,149.1,SO-97897,Xuat ban hang khach le & doanh nghiep
MOV-01644,2024-10-18 11:30:00,WH-HN01,PROD-046,TRANSFER_IN,IN,5,146.15,TRF-9158,Dieu chuyen nhap tu WH-HCM01
MOV-01650,2024-10-18 13:30:00,WH-HCM01,PROD-041,OUTBOUND_SALE,OUT,14,66.18,SO-74482,Xuat ban hang khach le & doanh nghiep
MOV-01651,2024-10-18 16:30:00,WH-DN01,PROD-015,INBOUND_PO,IN,56,127.1,PO-2024-081,Nhap hang theo don mua nha cung cap
MOV-01652,2024-10-18 19:30:00,WH-DN01,PROD-046,OUTBOUND_SALE,OUT,14,146.15,SO-60023,Xuat ban hang khach le & doanh nghiep
MOV-01653,2024-10-19 01:30:00,WH-HN01,PROD-017,INBOUND_PO,IN,27,74.18,PO-2024-038,Nhap hang theo don mua nha cung cap
MOV-01654,2024-10-19 04:30:00,WH-DN01,PROD-048,OUTBOUND_SALE,OUT,12,159.35,SO-34662,Xuat ban hang khach le & doanh nghiep
MOV-01655,2024-10-19 07:30:00,WH-HN01,PROD-021,OUTBOUND_SALE,OUT,9,130.48,SO-85617,Xuat ban hang khach le & doanh nghiep
MOV-01656,2024-10-19 14:30:00,WH-DN01,PROD-021,INBOUND_PO,IN,43,130.48,PO-2024-017,Nhap hang theo don mua nha cung cap
MOV-01657,2024-10-19 18:30:00,WH-HN01,PROD-035,OUTBOUND_SALE,OUT,10,50.68,SO-51409,Xuat ban hang khach le & doanh nghiep
MOV-01658,2024-10-19 22:30:00,WH-DN01,PROD-015,INBOUND_PO,IN,51,127.1,PO-2024-061,Nhap hang theo don mua nha cung cap
MOV-01659,2024-10-20 05:30:00,WH-DN01,PROD-033,OUTBOUND_SALE,OUT,14,159.31,SO-26182,Xuat ban hang khach le & doanh nghiep
MOV-01660,2024-10-20 10:30:00,WH-HCM01,PROD-037,SCRAP_DAMAGED,OUT,2,57.54,SCRAP-4534,Xuat huy hang can date/hong vo trong kho
MOV-01661,2024-10-20 16:30:00,WH-DN01,PROD-004,OUTBOUND_SALE,OUT,8,110.28,SO-30014,Xuat ban hang khach le & doanh nghiep
MOV-01662,2024-10-20 20:30:00,WH-HN01,PROD-045,INBOUND_PO,IN,23,51.57,PO-2024-023,Nhap hang theo don mua nha cung cap
MOV-01663,2024-10-21 02:30:00,WH-DN01,PROD-043,INBOUND_PO,IN,30,149.1,PO-2024-003,Nhap hang theo don mua nha cung cap
MOV-01664,2024-10-21 08:30:00,WH-HCM01,PROD-031,OUTBOUND_SALE,OUT,8,152.45,SO-61296,Xuat ban hang khach le & doanh nghiep
MOV-01665,2024-10-21 14:30:00,WH-HCM01,PROD-019,OUTBOUND_SALE,OUT,7,145.49,SO-35571,Xuat ban hang khach le & doanh nghiep
MOV-01666,2024-10-21 20:30:00,WH-DN01,PROD-049,OUTBOUND_SALE,OUT,12,48.91,SO-17094,Xuat ban hang khach le & doanh nghiep
MOV-01667,2024-10-22 01:30:00,WH-HN01,PROD-037,OUTBOUND_SALE,OUT,5,57.54,SO-67918,Xuat ban hang khach le & doanh nghiep
MOV-01668,2024-10-22 07:30:00,WH-HN01,PROD-014,OUTBOUND_SALE,OUT,6,41.2,SO-35644,Xuat ban hang khach le & doanh nghiep
MOV-01669,2024-10-22 10:30:00,WH-HCM01,PROD-007,OUTBOUND_SALE,OUT,13,31.73,SO-29346,Xuat ban hang khach le & doanh nghiep
MOV-01670,2024-10-22 16:30:00,WH-DN01,PROD-044,RETURN_CUSTOMER,IN,1,94.76,RMA-1922,Khach tra hang da kiem tra dat tieu chuan
MOV-01671,2024-10-22 19:30:00,WH-DN01,PROD-012,OUTBOUND_SALE,OUT,3,41.1,SO-25380,Xuat ban hang khach le & doanh nghiep
MOV-01672,2024-10-23 00:30:00,WH-HN01,PROD-041,OUTBOUND_SALE,OUT,14,66.18,SO-62952,Xuat ban hang khach le & doanh nghiep
MOV-01673,2024-10-23 04:30:00,WH-HN01,PROD-026,OUTBOUND_SALE,OUT,10,141.61,SO-49674,Xuat ban hang khach le & doanh nghiep
MOV-01674,2024-10-23 08:30:00,WH-DN01,PROD-050,OUTBOUND_SALE,OUT,14,25.12,SO-97914,Xuat ban hang khach le & doanh nghiep
MOV-01675,2024-10-23 11:30:00,WH-HCM01,PROD-025,INBOUND_PO,IN,37,142.37,PO-2024-085,Nhap hang theo don mua nha cung cap
MOV-01676,2024-10-23 17:30:00,WH-HN01,PROD-008,OUTBOUND_SALE,OUT,4,83.24,SO-25997,Xuat ban hang khach le & doanh nghiep
MOV-01677,2024-10-24 02:30:00,WH-HCM01,PROD-031,OUTBOUND_SALE,OUT,7,152.45,SO-22393,Xuat ban hang khach le & doanh nghiep
MOV-01678,2024-10-24 06:30:00,WH-HCM01,PROD-045,OUTBOUND_SALE,OUT,9,51.57,SO-49107,Xuat ban hang khach le & doanh nghiep
MOV-01679,2024-10-24 10:30:00,WH-HN01,PROD-046,OUTBOUND_SALE,OUT,5,146.15,SO-34233,Xuat ban hang khach le & doanh nghiep
MOV-01680,2024-10-24 16:30:00,WH-HN01,PROD-026,INBOUND_PO,IN,55,141.61,PO-2024-071,Nhap hang theo don mua nha cung cap
MOV-01681,2024-10-25 01:30:00,WH-HN01,PROD-043,INBOUND_PO,IN,27,149.1,PO-2024-024,Nhap hang theo don mua nha cung cap
MOV-01682,2024-10-25 05:30:00,WH-DN01,PROD-021,OUTBOUND_SALE,OUT,4,130.48,SO-15130,Xuat ban hang khach le & doanh nghiep
MOV-01683,2024-10-25 09:30:00,WH-HCM01,PROD-011,OUTBOUND_SALE,OUT,1,141.04,SO-83727,Xuat ban hang khach le & doanh nghiep
MOV-01684,2024-10-25 14:30:00,WH-HN01,PROD-006,TRANSFER_OUT,OUT,8,57.46,TRF-5891,Dieu chuyen xuat sang WH-DN01
MOV-01686,2024-10-25 22:30:00,WH-HCM01,PROD-019,OUTBOUND_SALE,OUT,13,145.49,SO-80005,Xuat ban hang khach le & doanh nghiep
MOV-01687,2024-10-26 09:30:00,WH-DN01,PROD-039,OUTBOUND_SALE,OUT,11,31.39,SO-76924,Xuat ban hang khach le & doanh nghiep
MOV-01688,2024-10-26 13:30:00,WH-HCM01,PROD-003,INBOUND_PO,IN,35,22.23,PO-2024-005,Nhap hang theo don mua nha cung cap
MOV-01689,2024-10-26 17:30:00,WH-HN01,PROD-009,OUTBOUND_SALE,OUT,12,135.78,SO-82361,Xuat ban hang khach le & doanh nghiep
MOV-01690,2024-10-26 21:30:00,WH-DN01,PROD-009,OUTBOUND_SALE,OUT,14,135.78,SO-91567,Xuat ban hang khach le & doanh nghiep
MOV-01685,2024-10-27 02:30:00,WH-DN01,PROD-006,TRANSFER_IN,IN,8,57.46,TRF-5891,Dieu chuyen nhap tu WH-HN01
MOV-01691,2024-10-27 03:30:00,WH-DN01,PROD-017,OUTBOUND_SALE,OUT,9,74.18,SO-95166,Xuat ban hang khach le & doanh nghiep
MOV-01692,2024-10-27 07:30:00,WH-HN01,PROD-017,OUTBOUND_SALE,OUT,13,74.18,SO-65750,Xuat ban hang khach le & doanh nghiep
MOV-01693,2024-10-27 11:30:00,WH-HN01,PROD-041,OUTBOUND_SALE,OUT,14,66.18,SO-45310,Xuat ban hang khach le & doanh nghiep
MOV-01694,2024-10-27 15:30:00,WH-HCM01,PROD-043,INBOUND_PO,IN,52,149.1,PO-2024-082,Nhap hang theo don mua nha cung cap
MOV-01695,2024-10-27 19:30:00,WH-HN01,PROD-021,OUTBOUND_SALE,OUT,9,130.48,SO-59668,Xuat ban hang khach le & doanh nghiep
MOV-01696,2024-10-28 03:30:00,WH-HN01,PROD-044,OUTBOUND_SALE,OUT,11,94.76,SO-63317,Xuat ban hang khach le & doanh nghiep
MOV-01697,2024-10-28 06:30:00,WH-HN01,PROD-024,OUTBOUND_SALE,OUT,8,33.84,SO-45815,Xuat ban hang khach le & doanh nghiep
MOV-01698,2024-10-28 13:30:00,WH-HN01,PROD-025,OUTBOUND_SALE,OUT,4,142.37,SO-26187,Xuat ban hang khach le & doanh nghiep
MOV-01699,2024-10-28 17:30:00,WH-DN01,PROD-038,OUTBOUND_SALE,OUT,10,99.09,SO-22522,Xuat ban hang khach le & doanh nghiep
MOV-01700,2024-10-28 22:30:00,WH-DN01,PROD-036,INBOUND_PO,IN,37,50.51,PO-2024-082,Nhap hang theo don mua nha cung cap
MOV-01701,2024-10-29 01:30:00,WH-HN01,PROD-021,TRANSFER_OUT,OUT,5,130.48,TRF-6655,Dieu chuyen xuat sang WH-HCM01
MOV-01703,2024-10-29 07:30:00,WH-DN01,PROD-001,OUTBOUND_SALE,OUT,13,108.8,SO-77314,Xuat ban hang khach le & doanh nghiep
MOV-01704,2024-10-29 11:30:00,WH-HN01,PROD-025,OUTBOUND_SALE,OUT,12,142.37,SO-45044,Xuat ban hang khach le & doanh nghiep
MOV-01705,2024-10-29 20:30:00,WH-HN01,PROD-029,INBOUND_PO,IN,42,142.68,PO-2024-062,Nhap hang theo don mua nha cung cap
MOV-01706,2024-10-30 05:30:00,WH-HN01,PROD-020,OUTBOUND_SALE,OUT,9,30.91,SO-50991,Xuat ban hang khach le & doanh nghiep
MOV-01707,2024-10-30 08:30:00,WH-HN01,PROD-047,OUTBOUND_SALE,OUT,6,129.34,SO-22272,Xuat ban hang khach le & doanh nghiep
MOV-01702,2024-10-30 13:30:00,WH-HCM01,PROD-021,TRANSFER_IN,IN,5,130.48,TRF-6655,Dieu chuyen nhap tu WH-HN01
MOV-01708,2024-10-30 17:30:00,WH-DN01,PROD-001,OUTBOUND_SALE,OUT,9,108.8,SO-98740,Xuat ban hang khach le & doanh nghiep
MOV-01709,2024-10-30 21:30:00,WH-HCM01,PROD-044,OUTBOUND_SALE,OUT,13,94.76,SO-79783,Xuat ban hang khach le & doanh nghiep
MOV-01710,2024-10-31 03:30:00,WH-HCM01,PROD-035,INBOUND_PO,IN,42,50.68,PO-2024-032,Nhap hang theo don mua nha cung cap
MOV-01711,2024-10-31 06:30:00,WH-HN01,PROD-044,OUTBOUND_SALE,OUT,11,94.76,SO-39500,Xuat ban hang khach le & doanh nghiep
MOV-01712,2024-10-31 15:30:00,WH-DN01,PROD-032,RETURN_CUSTOMER,IN,2,94.58,RMA-3793,Khach tra hang da kiem tra dat tieu chuan
MOV-01713,2024-11-01 00:30:00,WH-HN01,PROD-019,INBOUND_PO,IN,39,145.49,PO-2024-064,Nhap hang theo don mua nha cung cap
MOV-01714,2024-11-01 11:30:00,WH-DN01,PROD-042,OUTBOUND_SALE,OUT,11,81.7,SO-14643,Xuat ban hang khach le & doanh nghiep
MOV-01715,2024-11-01 17:30:00,WH-DN01,PROD-004,TRANSFER_OUT,OUT,4,110.28,TRF-8542,Dieu chuyen xuat sang WH-HCM01
MOV-01717,2024-11-01 22:30:00,WH-HN01,PROD-023,OUTBOUND_SALE,OUT,14,114.8,SO-34400,Xuat ban hang khach le & doanh nghiep
MOV-01718,2024-11-02 04:30:00,WH-HN01,PROD-028,OUTBOUND_SALE,OUT,10,20.77,SO-35892,Xuat ban hang khach le & doanh nghiep
MOV-01719,2024-11-02 07:30:00,WH-HN01,PROD-027,OUTBOUND_SALE,OUT,4,40.94,SO-73886,Xuat ban hang khach le & doanh nghiep
MOV-01720,2024-11-02 10:30:00,WH-HCM01,PROD-017,OUTBOUND_SALE,OUT,6,74.18,SO-71695,Xuat ban hang khach le & doanh nghiep
MOV-01721,2024-11-02 16:30:00,WH-DN01,PROD-028,OUTBOUND_SALE,OUT,5,20.77,SO-80310,Xuat ban hang khach le & doanh nghiep
MOV-01722,2024-11-02 21:30:00,WH-DN01,PROD-043,OUTBOUND_SALE,OUT,10,149.1,SO-31211,Xuat ban hang khach le & doanh nghiep
MOV-01723,2024-11-03 01:30:00,WH-DN01,PROD-001,OUTBOUND_SALE,OUT,8,108.8,SO-36013,Xuat ban hang khach le & doanh nghiep
MOV-01724,2024-11-03 04:30:00,WH-HN01,PROD-009,OUTBOUND_SALE,OUT,9,135.78,SO-65188,Xuat ban hang khach le & doanh nghiep
MOV-01716,2024-11-03 05:30:00,WH-HCM01,PROD-004,TRANSFER_IN,IN,4,110.28,TRF-8542,Dieu chuyen nhap tu WH-DN01
MOV-01725,2024-11-03 09:30:00,WH-HN01,PROD-043,TRANSFER_OUT,OUT,7,149.1,TRF-5354,Dieu chuyen xuat sang WH-DN01
MOV-01727,2024-11-03 15:30:00,WH-DN01,PROD-044,OUTBOUND_SALE,OUT,5,94.76,SO-26703,Xuat ban hang khach le & doanh nghiep
MOV-01728,2024-11-03 20:30:00,WH-DN01,PROD-033,INBOUND_PO,IN,44,159.31,PO-2024-017,Nhap hang theo don mua nha cung cap
MOV-01729,2024-11-03 23:30:00,WH-HN01,PROD-009,RETURN_CUSTOMER,IN,1,135.78,RMA-6638,Khach tra hang da kiem tra dat tieu chuan
MOV-01730,2024-11-04 02:30:00,WH-HN01,PROD-004,INBOUND_PO,IN,41,110.28,PO-2024-056,Nhap hang theo don mua nha cung cap
MOV-01726,2024-11-04 09:30:00,WH-DN01,PROD-043,TRANSFER_IN,IN,7,149.1,TRF-5354,Dieu chuyen nhap tu WH-HN01
MOV-01731,2024-11-04 11:30:00,WH-DN01,PROD-016,OUTBOUND_SALE,OUT,12,56.02,SO-29987,Xuat ban hang khach le & doanh nghiep
MOV-01732,2024-11-04 15:30:00,WH-HN01,PROD-017,OUTBOUND_SALE,OUT,14,74.18,SO-42421,Xuat ban hang khach le & doanh nghiep
MOV-01733,2024-11-04 21:30:00,WH-HCM01,PROD-007,OUTBOUND_SALE,OUT,14,31.73,SO-75841,Xuat ban hang khach le & doanh nghiep
MOV-01734,2024-11-05 01:30:00,WH-HCM01,PROD-041,OUTBOUND_SALE,OUT,13,66.18,SO-29493,Xuat ban hang khach le & doanh nghiep
MOV-01735,2024-11-05 05:30:00,WH-DN01,PROD-003,OUTBOUND_SALE,OUT,7,22.23,SO-35189,Xuat ban hang khach le & doanh nghiep
MOV-01736,2024-11-05 16:30:00,WH-DN01,PROD-031,OUTBOUND_SALE,OUT,3,152.45,SO-76828,Xuat ban hang khach le & doanh nghiep
MOV-01737,2024-11-05 22:30:00,WH-DN01,PROD-008,OUTBOUND_SALE,OUT,7,83.24,SO-57654,Xuat ban hang khach le & doanh nghiep
MOV-01738,2024-11-06 03:30:00,WH-HCM01,PROD-027,RETURN_CUSTOMER,IN,1,40.94,RMA-6240,Khach tra hang da kiem tra dat tieu chuan
MOV-01739,2024-11-06 06:30:00,WH-HN01,PROD-004,OUTBOUND_SALE,OUT,13,110.28,SO-52157,Xuat ban hang khach le & doanh nghiep
MOV-01740,2024-11-06 10:30:00,WH-DN01,PROD-039,OUTBOUND_SALE,OUT,4,31.39,SO-66479,Xuat ban hang khach le & doanh nghiep
MOV-01741,2024-11-06 14:30:00,WH-DN01,PROD-024,OUTBOUND_SALE,OUT,8,33.84,SO-49892,Xuat ban hang khach le & doanh nghiep
MOV-01742,2024-11-06 17:30:00,WH-HN01,PROD-044,OUTBOUND_SALE,OUT,11,94.76,SO-27079,Xuat ban hang khach le & doanh nghiep
MOV-01743,2024-11-06 22:30:00,WH-DN01,PROD-048,OUTBOUND_SALE,OUT,12,159.35,SO-79319,Xuat ban hang khach le & doanh nghiep
MOV-01744,2024-11-07 03:30:00,WH-DN01,PROD-014,OUTBOUND_SALE,OUT,12,41.2,SO-60338,Xuat ban hang khach le & doanh nghiep
MOV-01745,2024-11-07 06:30:00,WH-HN01,PROD-041,TRANSFER_OUT,OUT,4,66.18,TRF-4120,Dieu chuyen xuat sang WH-DN01
MOV-01747,2024-11-07 12:30:00,WH-HN01,PROD-035,TRANSFER_OUT,OUT,6,50.68,TRF-8769,Dieu chuyen xuat sang WH-HCM01
MOV-01749,2024-11-07 16:30:00,WH-HN01,PROD-027,OUTBOUND_SALE,OUT,11,40.94,SO-43099,Xuat ban hang khach le & doanh nghiep
MOV-01750,2024-11-07 21:30:00,WH-DN01,PROD-041,TRANSFER_OUT,OUT,7,66.18,TRF-2109,Dieu chuyen xuat sang WH-HN01
MOV-01752,2024-11-08 03:30:00,WH-HCM01,PROD-002,OUTBOUND_SALE,OUT,5,122.58,SO-88532,Xuat ban hang khach le & doanh nghiep
MOV-01746,2024-11-08 06:30:00,WH-DN01,PROD-041,TRANSFER_IN,IN,4,66.18,TRF-4120,Dieu chuyen nhap tu WH-HN01
MOV-01753,2024-11-08 08:30:00,WH-HN01,PROD-019,INBOUND_PO,IN,22,145.49,PO-2024-075,Nhap hang theo don mua nha cung cap
MOV-01754,2024-11-08 11:30:00,WH-HCM01,PROD-013,INBOUND_PO,IN,45,110.02,PO-2024-066,Nhap hang theo don mua nha cung cap
MOV-01748,2024-11-08 12:30:00,WH-HCM01,PROD-035,TRANSFER_IN,IN,6,50.68,TRF-8769,Dieu chuyen nhap tu WH-HN01
MOV-01755,2024-11-08 14:30:00,WH-HCM01,PROD-025,OUTBOUND_SALE,OUT,11,142.37,SO-61150,Xuat ban hang khach le & doanh nghiep
MOV-01756,2024-11-08 20:30:00,WH-HN01,PROD-012,OUTBOUND_SALE,OUT,3,41.1,SO-30971,Xuat ban hang khach le & doanh nghiep
MOV-01757,2024-11-09 06:30:00,WH-HCM01,PROD-034,OUTBOUND_SALE,OUT,6,35.18,SO-49768,Xuat ban hang khach le & doanh nghiep
MOV-01751,2024-11-09 09:30:00,WH-HN01,PROD-041,TRANSFER_IN,IN,7,66.18,TRF-2109,Dieu chuyen nhap tu WH-DN01
MOV-01758,2024-11-09 10:30:00,WH-DN01,PROD-036,OUTBOUND_SALE,OUT,4,50.51,SO-32427,Xuat ban hang khach le & doanh nghiep
MOV-01759,2024-11-09 14:30:00,WH-HN01,PROD-019,OUTBOUND_SALE,OUT,3,145.49,SO-93835,Xuat ban hang khach le & doanh nghiep
MOV-01760,2024-11-09 18:30:00,WH-DN01,PROD-009,RETURN_CUSTOMER,IN,2,135.78,RMA-1844,Khach tra hang da kiem tra dat tieu chuan
MOV-01761,2024-11-09 22:30:00,WH-HN01,PROD-035,SCRAP_DAMAGED,OUT,1,50.68,SCRAP-1022,Xuat huy hang can date/hong vo trong kho
MOV-01762,2024-11-10 03:30:00,WH-DN01,PROD-021,OUTBOUND_SALE,OUT,4,130.48,SO-81994,Xuat ban hang khach le & doanh nghiep
MOV-01763,2024-11-10 08:30:00,WH-DN01,PROD-040,INBOUND_PO,IN,38,140.66,PO-2024-043,Nhap hang theo don mua nha cung cap
MOV-01764,2024-11-10 11:30:00,WH-HN01,PROD-023,OUTBOUND_SALE,OUT,6,114.8,SO-46659,Xuat ban hang khach le & doanh nghiep
MOV-01765,2024-11-10 15:30:00,WH-HN01,PROD-035,OUTBOUND_SALE,OUT,13,50.68,SO-86449,Xuat ban hang khach le & doanh nghiep
MOV-01766,2024-11-10 18:30:00,WH-HCM01,PROD-025,INBOUND_PO,IN,36,142.37,PO-2024-085,Nhap hang theo don mua nha cung cap
MOV-01767,2024-11-10 22:30:00,WH-HN01,PROD-021,INBOUND_PO,IN,37,130.48,PO-2024-027,Nhap hang theo don mua nha cung cap
MOV-01768,2024-11-11 04:30:00,WH-HN01,PROD-047,OUTBOUND_SALE,OUT,14,129.34,SO-66872,Xuat ban hang khach le & doanh nghiep
MOV-01769,2024-11-11 09:30:00,WH-DN01,PROD-006,OUTBOUND_SALE,OUT,10,57.46,SO-33791,Xuat ban hang khach le & doanh nghiep
MOV-01770,2024-11-11 21:30:00,WH-HN01,PROD-042,RETURN_CUSTOMER,IN,2,81.7,RMA-1344,Khach tra hang da kiem tra dat tieu chuan
MOV-01771,2024-11-12 02:30:00,WH-HN01,PROD-026,OUTBOUND_SALE,OUT,13,141.61,SO-89668,Xuat ban hang khach le & doanh nghiep
MOV-01772,2024-11-12 06:30:00,WH-HN01,PROD-028,OUTBOUND_SALE,OUT,6,20.77,SO-69640,Xuat ban hang khach le & doanh nghiep
MOV-01773,2024-11-12 15:30:00,WH-DN01,PROD-025,OUTBOUND_SALE,OUT,3,142.37,SO-24422,Xuat ban hang khach le & doanh nghiep
MOV-01774,2024-11-12 18:30:00,WH-HCM01,PROD-003,INBOUND_PO,IN,28,22.23,PO-2024-032,Nhap hang theo don mua nha cung cap
MOV-01775,2024-11-12 21:30:00,WH-HCM01,PROD-039,OUTBOUND_SALE,OUT,3,31.39,SO-11231,Xuat ban hang khach le & doanh nghiep
MOV-01776,2024-11-13 00:30:00,WH-DN01,PROD-046,OUTBOUND_SALE,OUT,4,146.15,SO-36518,Xuat ban hang khach le & doanh nghiep
MOV-01777,2024-11-13 04:30:00,WH-HCM01,PROD-029,OUTBOUND_SALE,OUT,5,142.68,SO-50289,Xuat ban hang khach le & doanh nghiep
MOV-01778,2024-11-13 09:30:00,WH-HN01,PROD-004,OUTBOUND_SALE,OUT,11,110.28,SO-45056,Xuat ban hang khach le & doanh nghiep
MOV-01779,2024-11-13 12:30:00,WH-HN01,PROD-007,OUTBOUND_SALE,OUT,11,31.73,SO-48894,Xuat ban hang khach le & doanh nghiep
MOV-01780,2024-11-13 15:30:00,WH-DN01,PROD-010,OUTBOUND_SALE,OUT,3,27.88,SO-39401,Xuat ban hang khach le & doanh nghiep
MOV-01781,2024-11-13 18:30:00,WH-DN01,PROD-010,OUTBOUND_SALE,OUT,8,27.88,SO-95899,Xuat ban hang khach le & doanh nghiep
MOV-01782,2024-11-13 23:30:00,WH-HCM01,PROD-025,OUTBOUND_SALE,OUT,13,142.37,SO-24733,Xuat ban hang khach le & doanh nghiep
MOV-01783,2024-11-14 05:30:00,WH-HN01,PROD-015,OUTBOUND_SALE,OUT,4,127.1,SO-46937,Xuat ban hang khach le & doanh nghiep
MOV-01784,2024-11-14 10:30:00,WH-DN01,PROD-008,OUTBOUND_SALE,OUT,8,83.24,SO-21115,Xuat ban hang khach le & doanh nghiep
MOV-01785,2024-11-14 13:30:00,WH-HN01,PROD-028,OUTBOUND_SALE,OUT,11,20.77,SO-53888,Xuat ban hang khach le & doanh nghiep
MOV-01786,2024-11-14 17:30:00,WH-HN01,PROD-043,OUTBOUND_SALE,OUT,13,149.1,SO-49526,Xuat ban hang khach le & doanh nghiep
MOV-01787,2024-11-14 22:30:00,WH-HN01,PROD-018,OUTBOUND_SALE,OUT,7,53.02,SO-96734,Xuat ban hang khach le & doanh nghiep
MOV-01788,2024-11-15 03:30:00,WH-HCM01,PROD-005,RETURN_CUSTOMER,IN,1,132.94,RMA-3435,Khach tra hang da kiem tra dat tieu chuan
MOV-01789,2024-11-15 07:30:00,WH-DN01,PROD-029,OUTBOUND_SALE,OUT,14,142.68,SO-72709,Xuat ban hang khach le & doanh nghiep
MOV-01790,2024-11-15 10:30:00,WH-DN01,PROD-047,OUTBOUND_SALE,OUT,4,129.34,SO-28961,Xuat ban hang khach le & doanh nghiep
MOV-01791,2024-11-15 13:30:00,WH-HN01,PROD-012,OUTBOUND_SALE,OUT,9,41.1,SO-56217,Xuat ban hang khach le & doanh nghiep
MOV-01792,2024-11-16 00:30:00,WH-HCM01,PROD-022,OUTBOUND_SALE,OUT,5,159.45,SO-95715,Xuat ban hang khach le & doanh nghiep
MOV-01793,2024-11-16 04:30:00,WH-HCM01,PROD-032,OUTBOUND_SALE,OUT,11,94.58,SO-79962,Xuat ban hang khach le & doanh nghiep
MOV-01794,2024-11-16 10:30:00,WH-HN01,PROD-025,OUTBOUND_SALE,OUT,4,142.37,SO-86148,Xuat ban hang khach le & doanh nghiep
MOV-01795,2024-11-16 16:30:00,WH-HCM01,PROD-048,OUTBOUND_SALE,OUT,6,159.35,SO-21436,Xuat ban hang khach le & doanh nghiep
MOV-01796,2024-11-16 20:30:00,WH-HN01,PROD-002,OUTBOUND_SALE,OUT,8,122.58,SO-83187,Xuat ban hang khach le & doanh nghiep
MOV-01797,2024-11-17 02:30:00,WH-HN01,PROD-004,RETURN_CUSTOMER,IN,2,110.28,RMA-6912,Khach tra hang da kiem tra dat tieu chuan
MOV-01798,2024-11-17 06:30:00,WH-HN01,PROD-036,OUTBOUND_SALE,OUT,9,50.51,SO-41784,Xuat ban hang khach le & doanh nghiep
MOV-01799,2024-11-17 10:30:00,WH-HN01,PROD-048,INBOUND_PO,IN,28,159.35,PO-2024-016,Nhap hang theo don mua nha cung cap
MOV-01800,2024-11-17 14:30:00,WH-HN01,PROD-045,OUTBOUND_SALE,OUT,9,51.57,SO-58717,Xuat ban hang khach le & doanh nghiep
MOV-01801,2024-11-17 17:30:00,WH-HCM01,PROD-038,INBOUND_PO,IN,24,99.09,PO-2024-064,Nhap hang theo don mua nha cung cap
MOV-01802,2024-11-18 00:30:00,WH-HN01,PROD-037,OUTBOUND_SALE,OUT,9,57.54,SO-29623,Xuat ban hang khach le & doanh nghiep
MOV-01803,2024-11-18 04:30:00,WH-HN01,PROD-048,OUTBOUND_SALE,OUT,11,159.35,SO-49257,Xuat ban hang khach le & doanh nghiep
MOV-01804,2024-11-18 10:30:00,WH-DN01,PROD-029,OUTBOUND_SALE,OUT,13,142.68,SO-11731,Xuat ban hang khach le & doanh nghiep
MOV-01805,2024-11-18 15:30:00,WH-HN01,PROD-042,OUTBOUND_SALE,OUT,2,81.7,SO-89190,Xuat ban hang khach le & doanh nghiep
MOV-01806,2024-11-18 19:30:00,WH-HN01,PROD-026,OUTBOUND_SALE,OUT,9,141.61,SO-99116,Xuat ban hang khach le & doanh nghiep
MOV-01807,2024-11-19 01:30:00,WH-DN01,PROD-037,OUTBOUND_SALE,OUT,11,57.54,SO-50112,Xuat ban hang khach le & doanh nghiep
MOV-01808,2024-11-19 08:30:00,WH-HN01,PROD-048,OUTBOUND_SALE,OUT,6,159.35,SO-62481,Xuat ban hang khach le & doanh nghiep
MOV-01809,2024-11-19 11:30:00,WH-HN01,PROD-048,OUTBOUND_SALE,OUT,11,159.35,SO-89309,Xuat ban hang khach le & doanh nghiep
MOV-01810,2024-11-19 14:30:00,WH-DN01,PROD-031,INBOUND_PO,IN,40,152.45,PO-2024-088,Nhap hang theo don mua nha cung cap
MOV-01811,2024-11-19 20:30:00,WH-HN01,PROD-004,INBOUND_PO,IN,43,110.28,PO-2024-087,Nhap hang theo don mua nha cung cap
MOV-01812,2024-11-20 02:30:00,WH-HN01,PROD-007,OUTBOUND_SALE,OUT,4,31.73,SO-57540,Xuat ban hang khach le & doanh nghiep
MOV-01813,2024-11-20 07:30:00,WH-DN01,PROD-011,OUTBOUND_SALE,OUT,11,141.04,SO-23954,Xuat ban hang khach le & doanh nghiep
MOV-01814,2024-11-20 10:30:00,WH-HN01,PROD-049,OUTBOUND_SALE,OUT,7,48.91,SO-34607,Xuat ban hang khach le & doanh nghiep
MOV-01815,2024-11-20 14:30:00,WH-HN01,PROD-016,OUTBOUND_SALE,OUT,7,56.02,SO-21146,Xuat ban hang khach le & doanh nghiep
MOV-01816,2024-11-20 17:30:00,WH-DN01,PROD-003,OUTBOUND_SALE,OUT,3,22.23,SO-51232,Xuat ban hang khach le & doanh nghiep
MOV-01817,2024-11-20 20:30:00,WH-HN01,PROD-023,RETURN_CUSTOMER,IN,2,114.8,RMA-7523,Khach tra hang da kiem tra dat tieu chuan
MOV-01818,2024-11-21 05:30:00,WH-HCM01,PROD-044,RETURN_VENDOR,OUT,1,94.76,RTV-6428,Tra hang loi cho nha cung cap
MOV-01819,2024-11-21 11:30:00,WH-HCM01,PROD-007,TRANSFER_OUT,OUT,4,31.73,TRF-7260,Dieu chuyen xuat sang WH-HN01
MOV-01821,2024-11-21 14:30:00,WH-HN01,PROD-044,OUTBOUND_SALE,OUT,10,94.76,SO-20322,Xuat ban hang khach le & doanh nghiep
MOV-01822,2024-11-21 17:30:00,WH-HN01,PROD-014,RETURN_CUSTOMER,IN,3,41.2,RMA-3307,Khach tra hang da kiem tra dat tieu chuan
MOV-01823,2024-11-22 07:30:00,WH-DN01,PROD-003,OUTBOUND_SALE,OUT,5,22.23,SO-99505,Xuat ban hang khach le & doanh nghiep
MOV-01824,2024-11-22 13:30:00,WH-HCM01,PROD-039,OUTBOUND_SALE,OUT,4,31.39,SO-29975,Xuat ban hang khach le & doanh nghiep
MOV-01820,2024-11-22 23:30:00,WH-HN01,PROD-007,TRANSFER_IN,IN,4,31.73,TRF-7260,Dieu chuyen nhap tu WH-HCM01
MOV-01825,2024-11-23 00:30:00,WH-HN01,PROD-032,OUTBOUND_SALE,OUT,4,94.58,SO-69612,Xuat ban hang khach le & doanh nghiep
MOV-01826,2024-11-23 05:30:00,WH-DN01,PROD-011,OUTBOUND_SALE,OUT,4,141.04,SO-46715,Xuat ban hang khach le & doanh nghiep
MOV-01827,2024-11-23 10:30:00,WH-HN01,PROD-012,OUTBOUND_SALE,OUT,14,41.1,SO-70390,Xuat ban hang khach le & doanh nghiep
MOV-01828,2024-11-23 15:30:00,WH-DN01,PROD-049,SCRAP_DAMAGED,OUT,2,48.91,SCRAP-3301,Xuat huy hang can date/hong vo trong kho
MOV-01829,2024-11-24 05:30:00,WH-HCM01,PROD-021,OUTBOUND_SALE,OUT,8,130.48,SO-20943,Xuat ban hang khach le & doanh nghiep
MOV-01830,2024-11-24 14:30:00,WH-HCM01,PROD-004,OUTBOUND_SALE,OUT,14,110.28,SO-42088,Xuat ban hang khach le & doanh nghiep
MOV-01831,2024-11-24 17:30:00,WH-HN01,PROD-019,OUTBOUND_SALE,OUT,9,145.49,SO-30736,Xuat ban hang khach le & doanh nghiep
MOV-01832,2024-11-24 23:30:00,WH-HN01,PROD-025,TRANSFER_OUT,OUT,9,142.37,TRF-2531,Dieu chuyen xuat sang WH-HCM01
MOV-01834,2024-11-25 05:30:00,WH-HCM01,PROD-030,OUTBOUND_SALE,OUT,4,27.83,SO-21248,Xuat ban hang khach le & doanh nghiep
MOV-01835,2024-11-25 09:30:00,WH-DN01,PROD-050,INBOUND_PO,IN,47,25.12,PO-2024-026,Nhap hang theo don mua nha cung cap
MOV-01836,2024-11-25 15:30:00,WH-DN01,PROD-022,OUTBOUND_SALE,OUT,12,159.45,SO-73739,Xuat ban hang khach le & doanh nghiep
MOV-01837,2024-11-25 19:30:00,WH-DN01,PROD-008,INBOUND_PO,IN,37,83.24,PO-2024-061,Nhap hang theo don mua nha cung cap
MOV-01838,2024-11-26 02:30:00,WH-HN01,PROD-039,OUTBOUND_SALE,OUT,9,31.39,SO-18178,Xuat ban hang khach le & doanh nghiep
MOV-01839,2024-11-26 07:30:00,WH-DN01,PROD-014,INBOUND_PO,IN,23,41.2,PO-2024-028,Nhap hang theo don mua nha cung cap
MOV-01840,2024-11-26 10:30:00,WH-HCM01,PROD-028,RETURN_CUSTOMER,IN,2,20.77,RMA-5129,Khach tra hang da kiem tra dat tieu chuan
MOV-01833,2024-11-26 11:30:00,WH-HCM01,PROD-025,TRANSFER_IN,IN,9,142.37,TRF-2531,Dieu chuyen nhap tu WH-HN01
MOV-01841,2024-11-26 20:30:00,WH-HCM01,PROD-029,OUTBOUND_SALE,OUT,9,142.68,SO-78783,Xuat ban hang khach le & doanh nghiep
MOV-01842,2024-11-27 00:30:00,WH-DN01,PROD-012,OUTBOUND_SALE,OUT,3,41.1,SO-22116,Xuat ban hang khach le & doanh nghiep
MOV-01843,2024-11-27 06:30:00,WH-DN01,PROD-011,OUTBOUND_SALE,OUT,6,141.04,SO-55780,Xuat ban hang khach le & doanh nghiep
MOV-01844,2024-11-27 12:30:00,WH-HCM01,PROD-045,OUTBOUND_SALE,OUT,5,51.57,SO-67250,Xuat ban hang khach le & doanh nghiep
MOV-01845,2024-11-27 17:30:00,WH-HCM01,PROD-025,TRANSFER_OUT,OUT,8,142.37,TRF-4253,Dieu chuyen xuat sang WH-HN01
MOV-01847,2024-11-27 21:30:00,WH-HCM01,PROD-048,OUTBOUND_SALE,OUT,2,159.35,SO-51486,Xuat ban hang khach le & doanh nghiep
MOV-01848,2024-11-28 06:30:00,WH-HN01,PROD-044,TRANSFER_OUT,OUT,6,94.76,TRF-9531,Dieu chuyen xuat sang WH-HCM01
MOV-01850,2024-11-28 12:30:00,WH-HN01,PROD-041,RETURN_CUSTOMER,IN,2,66.18,RMA-2596,Khach tra hang da kiem tra dat tieu chuan
MOV-01851,2024-11-28 15:30:00,WH-HN01,PROD-027,OUTBOUND_SALE,OUT,14,40.94,SO-81576,Xuat ban hang khach le & doanh nghiep
MOV-01846,2024-11-28 17:30:00,WH-HN01,PROD-025,TRANSFER_IN,IN,8,142.37,TRF-4253,Dieu chuyen nhap tu WH-HCM01
MOV-01852,2024-11-28 19:30:00,WH-HN01,PROD-023,OUTBOUND_SALE,OUT,6,114.8,SO-35055,Xuat ban hang khach le & doanh nghiep
MOV-01853,2024-11-28 22:30:00,WH-DN01,PROD-002,OUTBOUND_SALE,OUT,7,122.58,SO-50234,Xuat ban hang khach le & doanh nghiep
MOV-01854,2024-11-29 01:30:00,WH-HCM01,PROD-030,INBOUND_PO,IN,46,27.83,PO-2024-054,Nhap hang theo don mua nha cung cap
MOV-01849,2024-11-29 06:30:00,WH-HCM01,PROD-044,TRANSFER_IN,IN,6,94.76,TRF-9531,Dieu chuyen nhap tu WH-HN01
MOV-01855,2024-11-29 06:30:00,WH-HCM01,PROD-028,OUTBOUND_SALE,OUT,11,20.77,SO-54017,Xuat ban hang khach le & doanh nghiep
MOV-01856,2024-11-29 09:30:00,WH-DN01,PROD-028,TRANSFER_OUT,OUT,5,20.77,TRF-3664,Dieu chuyen xuat sang WH-HCM01
MOV-01858,2024-11-29 15:30:00,WH-HCM01,PROD-045,OUTBOUND_SALE,OUT,13,51.57,SO-67343,Xuat ban hang khach le & doanh nghiep
MOV-01859,2024-11-29 20:30:00,WH-HN01,PROD-006,INBOUND_PO,IN,26,57.46,PO-2024-012,Nhap hang theo don mua nha cung cap
MOV-01860,2024-11-29 23:30:00,WH-DN01,PROD-007,OUTBOUND_SALE,OUT,10,31.73,SO-91766,Xuat ban hang khach le & doanh nghiep
MOV-01861,2024-11-30 02:30:00,WH-HCM01,PROD-038,OUTBOUND_SALE,OUT,3,99.09,SO-97518,Xuat ban hang khach le & doanh nghiep
MOV-01862,2024-11-30 07:30:00,WH-HN01,PROD-015,TRANSFER_OUT,OUT,8,127.1,TRF-7243,Dieu chuyen xuat sang WH-HCM01
MOV-01864,2024-11-30 11:30:00,WH-HN01,PROD-023,TRANSFER_OUT,OUT,7,114.8,TRF-7484,Dieu chuyen xuat sang WH-HCM01
MOV-01866,2024-11-30 16:30:00,WH-HCM01,PROD-019,INBOUND_PO,IN,37,145.49,PO-2024-089,Nhap hang theo don mua nha cung cap
MOV-01857,2024-11-30 21:30:00,WH-HCM01,PROD-028,TRANSFER_IN,IN,5,20.77,TRF-3664,Dieu chuyen nhap tu WH-DN01
MOV-01863,2024-12-01 07:30:00,WH-HCM01,PROD-015,TRANSFER_IN,IN,8,127.1,TRF-7243,Dieu chuyen nhap tu WH-HN01
MOV-01867,2024-12-01 09:30:00,WH-HCM01,PROD-028,OUTBOUND_SALE,OUT,6,20.77,SO-82841,Xuat ban hang khach le & doanh nghiep
MOV-01865,2024-12-01 11:30:00,WH-HCM01,PROD-023,TRANSFER_IN,IN,7,114.8,TRF-7484,Dieu chuyen nhap tu WH-HN01
MOV-01868,2024-12-01 15:30:00,WH-HCM01,PROD-026,OUTBOUND_SALE,OUT,3,141.61,SO-85740,Xuat ban hang khach le & doanh nghiep
MOV-01869,2024-12-01 21:30:00,WH-HCM01,PROD-025,OUTBOUND_SALE,OUT,14,142.37,SO-32769,Xuat ban hang khach le & doanh nghiep
MOV-01870,2024-12-02 10:30:00,WH-DN01,PROD-049,OUTBOUND_SALE,OUT,13,48.91,SO-44108,Xuat ban hang khach le & doanh nghiep
MOV-01871,2024-12-02 14:30:00,WH-HN01,PROD-006,RETURN_CUSTOMER,IN,1,57.46,RMA-1420,Khach tra hang da kiem tra dat tieu chuan
MOV-01872,2024-12-02 20:30:00,WH-HCM01,PROD-010,OUTBOUND_SALE,OUT,3,27.88,SO-91015,Xuat ban hang khach le & doanh nghiep
MOV-01873,2024-12-03 03:30:00,WH-HCM01,PROD-041,SCRAP_DAMAGED,OUT,2,66.18,SCRAP-4056,Xuat huy hang can date/hong vo trong kho
MOV-01874,2024-12-03 07:30:00,WH-HN01,PROD-020,OUTBOUND_SALE,OUT,6,30.91,SO-80178,Xuat ban hang khach le & doanh nghiep
MOV-01875,2024-12-03 11:30:00,WH-DN01,PROD-050,INBOUND_PO,IN,36,25.12,PO-2024-089,Nhap hang theo don mua nha cung cap
MOV-01876,2024-12-03 14:30:00,WH-HN01,PROD-041,OUTBOUND_SALE,OUT,3,66.18,SO-93674,Xuat ban hang khach le & doanh nghiep
MOV-01877,2024-12-03 17:30:00,WH-HCM01,PROD-008,OUTBOUND_SALE,OUT,4,83.24,SO-28590,Xuat ban hang khach le & doanh nghiep
MOV-01878,2024-12-03 22:30:00,WH-HN01,PROD-006,OUTBOUND_SALE,OUT,4,57.46,SO-74781,Xuat ban hang khach le & doanh nghiep
MOV-01879,2024-12-04 03:30:00,WH-HN01,PROD-026,TRANSFER_OUT,OUT,7,141.61,TRF-1359,Dieu chuyen xuat sang WH-DN01
MOV-01881,2024-12-04 06:30:00,WH-HCM01,PROD-005,OUTBOUND_SALE,OUT,6,132.94,SO-65038,Xuat ban hang khach le & doanh nghiep
MOV-01882,2024-12-04 12:30:00,WH-HCM01,PROD-029,TRANSFER_OUT,OUT,5,142.68,TRF-5894,Dieu chuyen xuat sang WH-HN01
MOV-01884,2024-12-04 16:30:00,WH-HCM01,PROD-039,OUTBOUND_SALE,OUT,3,31.39,SO-25362,Xuat ban hang khach le & doanh nghiep
MOV-01885,2024-12-04 21:30:00,WH-DN01,PROD-040,SCRAP_DAMAGED,OUT,1,140.66,SCRAP-3595,Xuat huy hang can date/hong vo trong kho
MOV-01886,2024-12-05 05:30:00,WH-HN01,PROD-014,OUTBOUND_SALE,OUT,8,41.2,SO-25045,Xuat ban hang khach le & doanh nghiep
MOV-01887,2024-12-05 09:30:00,WH-HN01,PROD-015,OUTBOUND_SALE,OUT,4,127.1,SO-26591,Xuat ban hang khach le & doanh nghiep
MOV-01883,2024-12-05 12:30:00,WH-HN01,PROD-029,TRANSFER_IN,IN,5,142.68,TRF-5894,Dieu chuyen nhap tu WH-HCM01
MOV-01888,2024-12-05 14:30:00,WH-HN01,PROD-006,OUTBOUND_SALE,OUT,8,57.46,SO-82285,Xuat ban hang khach le & doanh nghiep
MOV-01880,2024-12-05 15:30:00,WH-DN01,PROD-026,TRANSFER_IN,IN,7,141.61,TRF-1359,Dieu chuyen nhap tu WH-HN01
MOV-01889,2024-12-05 19:30:00,WH-DN01,PROD-028,OUTBOUND_SALE,OUT,11,20.77,SO-62421,Xuat ban hang khach le & doanh nghiep
MOV-01890,2024-12-05 23:30:00,WH-HN01,PROD-044,OUTBOUND_SALE,OUT,14,94.76,SO-46842,Xuat ban hang khach le & doanh nghiep
MOV-01891,2024-12-06 05:30:00,WH-HCM01,PROD-020,OUTBOUND_SALE,OUT,5,30.91,SO-36978,Xuat ban hang khach le & doanh nghiep
MOV-01892,2024-12-06 11:30:00,WH-DN01,PROD-028,OUTBOUND_SALE,OUT,12,20.77,SO-45608,Xuat ban hang khach le & doanh nghiep
MOV-01893,2024-12-06 16:30:00,WH-HCM01,PROD-025,OUTBOUND_SALE,OUT,9,142.37,SO-36177,Xuat ban hang khach le & doanh nghiep
MOV-01894,2024-12-06 21:30:00,WH-HCM01,PROD-005,OUTBOUND_SALE,OUT,10,132.94,SO-31921,Xuat ban hang khach le & doanh nghiep
MOV-01895,2024-12-07 00:30:00,WH-DN01,PROD-038,RETURN_CUSTOMER,IN,2,99.09,RMA-5808,Khach tra hang da kiem tra dat tieu chuan
MOV-01896,2024-12-07 05:30:00,WH-HN01,PROD-012,OUTBOUND_SALE,OUT,8,41.1,SO-66280,Xuat ban hang khach le & doanh nghiep
MOV-01897,2024-12-07 09:30:00,WH-HN01,PROD-014,OUTBOUND_SALE,OUT,13,41.2,SO-58714,Xuat ban hang khach le & doanh nghiep
MOV-01898,2024-12-07 14:30:00,WH-DN01,PROD-008,OUTBOUND_SALE,OUT,3,83.24,SO-51758,Xuat ban hang khach le & doanh nghiep
MOV-01899,2024-12-07 17:30:00,WH-HN01,PROD-030,INBOUND_PO,IN,56,27.83,PO-2024-043,Nhap hang theo don mua nha cung cap
MOV-01900,2024-12-08 01:30:00,WH-HN01,PROD-036,OUTBOUND_SALE,OUT,1,50.51,SO-89679,Xuat ban hang khach le & doanh nghiep
MOV-01901,2024-12-08 04:30:00,WH-HCM01,PROD-027,OUTBOUND_SALE,OUT,12,40.94,SO-67043,Xuat ban hang khach le & doanh nghiep
MOV-01902,2024-12-08 09:30:00,WH-HN01,PROD-013,INBOUND_PO,IN,23,110.02,PO-2024-066,Nhap hang theo don mua nha cung cap
MOV-01903,2024-12-08 18:30:00,WH-HN01,PROD-039,OUTBOUND_SALE,OUT,2,31.39,SO-87485,Xuat ban hang khach le & doanh nghiep
MOV-01904,2024-12-09 00:30:00,WH-HN01,PROD-019,OUTBOUND_SALE,OUT,3,145.49,SO-94366,Xuat ban hang khach le & doanh nghiep
MOV-01905,2024-12-09 03:30:00,WH-DN01,PROD-009,TRANSFER_OUT,OUT,4,135.78,TRF-9740,Dieu chuyen xuat sang WH-HCM01
MOV-01907,2024-12-09 08:30:00,WH-HN01,PROD-031,OUTBOUND_SALE,OUT,4,152.45,SO-64405,Xuat ban hang khach le & doanh nghiep
MOV-01908,2024-12-09 13:30:00,WH-DN01,PROD-026,OUTBOUND_SALE,OUT,4,141.61,SO-82935,Xuat ban hang khach le & doanh nghiep
MOV-01909,2024-12-09 18:30:00,WH-HN01,PROD-026,OUTBOUND_SALE,OUT,7,141.61,SO-69582,Xuat ban hang khach le & doanh nghiep
MOV-01910,2024-12-10 00:30:00,WH-HN01,PROD-024,INBOUND_PO,IN,59,33.84,PO-2024-014,Nhap hang theo don mua nha cung cap
MOV-01906,2024-12-10 03:30:00,WH-HCM01,PROD-009,TRANSFER_IN,IN,4,135.78,TRF-9740,Dieu chuyen nhap tu WH-DN01
MOV-01911,2024-12-10 03:30:00,WH-HN01,PROD-009,OUTBOUND_SALE,OUT,4,135.78,SO-52317,Xuat ban hang khach le & doanh nghiep
MOV-01912,2024-12-10 09:30:00,WH-HN01,PROD-013,OUTBOUND_SALE,OUT,14,110.02,SO-58349,Xuat ban hang khach le & doanh nghiep
MOV-01913,2024-12-10 12:30:00,WH-HN01,PROD-017,RETURN_CUSTOMER,IN,1,74.18,RMA-2815,Khach tra hang da kiem tra dat tieu chuan
MOV-01914,2024-12-10 15:30:00,WH-HN01,PROD-017,RETURN_CUSTOMER,IN,2,74.18,RMA-7218,Khach tra hang da kiem tra dat tieu chuan
MOV-01915,2024-12-10 20:30:00,WH-HN01,PROD-038,INBOUND_PO,IN,49,99.09,PO-2024-016,Nhap hang theo don mua nha cung cap
MOV-01916,2024-12-11 00:30:00,WH-HN01,PROD-049,OUTBOUND_SALE,OUT,12,48.91,SO-64171,Xuat ban hang khach le & doanh nghiep
MOV-01917,2024-12-11 10:30:00,WH-HCM01,PROD-032,OUTBOUND_SALE,OUT,7,94.58,SO-52193,Xuat ban hang khach le & doanh nghiep
MOV-01918,2024-12-11 16:30:00,WH-DN01,PROD-050,OUTBOUND_SALE,OUT,7,25.12,SO-20852,Xuat ban hang khach le & doanh nghiep
MOV-01919,2024-12-11 21:30:00,WH-HN01,PROD-043,OUTBOUND_SALE,OUT,13,149.1,SO-36986,Xuat ban hang khach le & doanh nghiep
MOV-01920,2024-12-12 00:30:00,WH-DN01,PROD-004,OUTBOUND_SALE,OUT,6,110.28,SO-11720,Xuat ban hang khach le & doanh nghiep
MOV-01921,2024-12-12 04:30:00,WH-DN01,PROD-013,OUTBOUND_SALE,OUT,5,110.02,SO-23701,Xuat ban hang khach le & doanh nghiep
MOV-01922,2024-12-12 09:30:00,WH-HCM01,PROD-049,OUTBOUND_SALE,OUT,11,48.91,SO-77361,Xuat ban hang khach le & doanh nghiep
MOV-01923,2024-12-12 14:30:00,WH-DN01,PROD-046,INBOUND_PO,IN,49,146.15,PO-2024-088,Nhap hang theo don mua nha cung cap
MOV-01924,2024-12-12 18:30:00,WH-HN01,PROD-009,INBOUND_PO,IN,34,135.78,PO-2024-048,Nhap hang theo don mua nha cung cap
MOV-01925,2024-12-13 04:30:00,WH-HN01,PROD-005,INBOUND_PO,IN,37,132.94,PO-2024-056,Nhap hang theo don mua nha cung cap
MOV-01926,2024-12-13 08:30:00,WH-HCM01,PROD-042,INBOUND_PO,IN,26,81.7,PO-2024-019,Nhap hang theo don mua nha cung cap
MOV-01927,2024-12-13 14:30:00,WH-HCM01,PROD-008,TRANSFER_OUT,OUT,4,83.24,TRF-8550,Dieu chuyen xuat sang WH-HN01
MOV-01929,2024-12-14 10:30:00,WH-HCM01,PROD-022,OUTBOUND_SALE,OUT,3,159.45,SO-67847,Xuat ban hang khach le & doanh nghiep
MOV-01928,2024-12-14 14:30:00,WH-HN01,PROD-008,TRANSFER_IN,IN,4,83.24,TRF-8550,Dieu chuyen nhap tu WH-HCM01
MOV-01930,2024-12-14 21:30:00,WH-DN01,PROD-013,INBOUND_PO,IN,38,110.02,PO-2024-025,Nhap hang theo don mua nha cung cap
MOV-01931,2024-12-15 09:30:00,WH-HN01,PROD-044,OUTBOUND_SALE,OUT,3,94.76,SO-94717,Xuat ban hang khach le & doanh nghiep
MOV-01932,2024-12-15 13:30:00,WH-HN01,PROD-008,RETURN_CUSTOMER,IN,1,83.24,RMA-1584,Khach tra hang da kiem tra dat tieu chuan
MOV-01933,2024-12-15 18:30:00,WH-HCM01,PROD-007,OUTBOUND_SALE,OUT,7,31.73,SO-39683,Xuat ban hang khach le & doanh nghiep
MOV-01934,2024-12-16 00:30:00,WH-HN01,PROD-015,OUTBOUND_SALE,OUT,14,127.1,SO-45162,Xuat ban hang khach le & doanh nghiep
MOV-01935,2024-12-16 06:30:00,WH-HN01,PROD-023,OUTBOUND_SALE,OUT,13,114.8,SO-47747,Xuat ban hang khach le & doanh nghiep
MOV-01936,2024-12-16 11:30:00,WH-HN01,PROD-012,INBOUND_PO,IN,52,41.1,PO-2024-084,Nhap hang theo don mua nha cung cap
MOV-01937,2024-12-16 17:30:00,WH-HCM01,PROD-016,INBOUND_PO,IN,30,56.02,PO-2024-042,Nhap hang theo don mua nha cung cap
MOV-01938,2024-12-16 20:30:00,WH-DN01,PROD-030,OUTBOUND_SALE,OUT,5,27.83,SO-11669,Xuat ban hang khach le & doanh nghiep
MOV-01939,2024-12-17 02:30:00,WH-HN01,PROD-012,OUTBOUND_SALE,OUT,7,41.1,SO-20089,Xuat ban hang khach le & doanh nghiep
MOV-01940,2024-12-17 17:30:00,WH-DN01,PROD-008,TRANSFER_OUT,OUT,10,83.24,TRF-1284,Dieu chuyen xuat sang WH-HN01
MOV-01942,2024-12-17 21:30:00,WH-HN01,PROD-049,OUTBOUND_SALE,OUT,4,48.91,SO-22308,Xuat ban hang khach le & doanh nghiep
MOV-01943,2024-12-18 00:30:00,WH-HCM01,PROD-022,OUTBOUND_SALE,OUT,10,159.45,SO-74312,Xuat ban hang khach le & doanh nghiep
MOV-01944,2024-12-18 05:30:00,WH-DN01,PROD-043,SCRAP_DAMAGED,OUT,2,149.1,SCRAP-5153,Xuat huy hang can date/hong vo trong kho
MOV-01945,2024-12-18 15:30:00,WH-HCM01,PROD-039,TRANSFER_OUT,OUT,4,31.39,TRF-5422,Dieu chuyen xuat sang WH-DN01
MOV-01947,2024-12-18 19:30:00,WH-HN01,PROD-043,RETURN_VENDOR,OUT,1,149.1,RTV-6852,Tra hang loi cho nha cung cap
MOV-01941,2024-12-19 05:30:00,WH-HN01,PROD-008,TRANSFER_IN,IN,10,83.24,TRF-1284,Dieu chuyen nhap tu WH-DN01
MOV-01948,2024-12-19 07:30:00,WH-HCM01,PROD-006,OUTBOUND_SALE,OUT,6,57.46,SO-59516,Xuat ban hang khach le & doanh nghiep
MOV-01949,2024-12-19 10:30:00,WH-HCM01,PROD-044,RETURN_VENDOR,OUT,3,94.76,RTV-8360,Tra hang loi cho nha cung cap
MOV-01950,2024-12-19 14:30:00,WH-HCM01,PROD-023,OUTBOUND_SALE,OUT,8,114.8,SO-61252,Xuat ban hang khach le & doanh nghiep
MOV-01946,2024-12-19 15:30:00,WH-DN01,PROD-039,TRANSFER_IN,IN,4,31.39,TRF-5422,Dieu chuyen nhap tu WH-HCM01
MOV-01951,2024-12-19 20:30:00,WH-DN01,PROD-020,RETURN_CUSTOMER,IN,1,30.91,RMA-1673,Khach tra hang da kiem tra dat tieu chuan
MOV-01952,2024-12-20 01:30:00,WH-HN01,PROD-028,INBOUND_PO,IN,49,20.77,PO-2024-075,Nhap hang theo don mua nha cung cap
MOV-01953,2024-12-20 06:30:00,WH-HN01,PROD-032,OUTBOUND_SALE,OUT,13,94.58,SO-29284,Xuat ban hang khach le & doanh nghiep
MOV-01954,2024-12-20 12:30:00,WH-HCM01,PROD-019,INBOUND_PO,IN,59,145.49,PO-2024-074,Nhap hang theo don mua nha cung cap
MOV-01955,2024-12-20 16:30:00,WH-DN01,PROD-005,OUTBOUND_SALE,OUT,7,132.94,SO-12043,Xuat ban hang khach le & doanh nghiep
MOV-01956,2024-12-20 22:30:00,WH-DN01,PROD-038,OUTBOUND_SALE,OUT,4,99.09,SO-16972,Xuat ban hang khach le & doanh nghiep
MOV-01957,2024-12-21 04:30:00,WH-DN01,PROD-023,OUTBOUND_SALE,OUT,13,114.8,SO-10084,Xuat ban hang khach le & doanh nghiep
MOV-01958,2024-12-21 11:30:00,WH-HCM01,PROD-018,RETURN_CUSTOMER,IN,1,53.02,RMA-4223,Khach tra hang da kiem tra dat tieu chuan
MOV-01959,2024-12-21 17:30:00,WH-HN01,PROD-019,OUTBOUND_SALE,OUT,6,145.49,SO-14212,Xuat ban hang khach le & doanh nghiep
MOV-01960,2024-12-21 23:30:00,WH-HN01,PROD-044,RETURN_CUSTOMER,IN,3,94.76,RMA-7328,Khach tra hang da kiem tra dat tieu chuan
MOV-01961,2024-12-22 05:30:00,WH-HN01,PROD-017,OUTBOUND_SALE,OUT,7,74.18,SO-88255,Xuat ban hang khach le & doanh nghiep
MOV-01962,2024-12-22 15:30:00,WH-HN01,PROD-044,INBOUND_PO,IN,32,94.76,PO-2024-033,Nhap hang theo don mua nha cung cap
MOV-01963,2024-12-22 19:30:00,WH-HN01,PROD-020,OUTBOUND_SALE,OUT,7,30.91,SO-21219,Xuat ban hang khach le & doanh nghiep
MOV-01964,2024-12-23 00:30:00,WH-HCM01,PROD-030,OUTBOUND_SALE,OUT,11,27.83,SO-34034,Xuat ban hang khach le & doanh nghiep
MOV-01965,2024-12-23 06:30:00,WH-DN01,PROD-007,INBOUND_PO,IN,28,31.73,PO-2024-070,Nhap hang theo don mua nha cung cap
MOV-01966,2024-12-23 12:30:00,WH-HCM01,PROD-044,INBOUND_PO,IN,42,94.76,PO-2024-062,Nhap hang theo don mua nha cung cap
MOV-01967,2024-12-23 23:30:00,WH-HCM01,PROD-002,OUTBOUND_SALE,OUT,9,122.58,SO-21590,Xuat ban hang khach le & doanh nghiep
MOV-01968,2024-12-24 03:30:00,WH-DN01,PROD-016,OUTBOUND_SALE,OUT,10,56.02,SO-77135,Xuat ban hang khach le & doanh nghiep
MOV-01969,2024-12-24 08:30:00,WH-HCM01,PROD-037,OUTBOUND_SALE,OUT,7,57.54,SO-17017,Xuat ban hang khach le & doanh nghiep
MOV-01970,2024-12-24 20:30:00,WH-HCM01,PROD-030,INBOUND_PO,IN,23,27.83,PO-2024-011,Nhap hang theo don mua nha cung cap
MOV-01971,2024-12-24 23:30:00,WH-HCM01,PROD-007,OUTBOUND_SALE,OUT,8,31.73,SO-87901,Xuat ban hang khach le & doanh nghiep
MOV-01972,2024-12-25 02:30:00,WH-HCM01,PROD-031,INBOUND_PO,IN,41,152.45,PO-2024-008,Nhap hang theo don mua nha cung cap
MOV-01973,2024-12-25 05:30:00,WH-HCM01,PROD-033,INBOUND_PO,IN,23,159.31,PO-2024-027,Nhap hang theo don mua nha cung cap
MOV-01974,2024-12-25 09:30:00,WH-DN01,PROD-009,OUTBOUND_SALE,OUT,6,135.78,SO-98562,Xuat ban hang khach le & doanh nghiep
MOV-01975,2024-12-25 16:30:00,WH-HCM01,PROD-045,INBOUND_PO,IN,32,51.57,PO-2024-015,Nhap hang theo don mua nha cung cap
MOV-01976,2024-12-25 19:30:00,WH-HCM01,PROD-008,OUTBOUND_SALE,OUT,11,83.24,SO-22696,Xuat ban hang khach le & doanh nghiep
MOV-01977,2024-12-25 23:30:00,WH-DN01,PROD-002,OUTBOUND_SALE,OUT,11,122.58,SO-68171,Xuat ban hang khach le & doanh nghiep
MOV-01978,2024-12-26 05:30:00,WH-HN01,PROD-020,OUTBOUND_SALE,OUT,9,30.91,SO-73402,Xuat ban hang khach le & doanh nghiep
MOV-01979,2024-12-26 09:30:00,WH-HCM01,PROD-017,INBOUND_PO,IN,59,74.18,PO-2024-058,Nhap hang theo don mua nha cung cap
MOV-01980,2024-12-26 12:30:00,WH-HCM01,PROD-002,OUTBOUND_SALE,OUT,5,122.58,SO-28571,Xuat ban hang khach le & doanh nghiep
MOV-01981,2024-12-26 16:30:00,WH-HCM01,PROD-045,OUTBOUND_SALE,OUT,11,51.57,SO-36260,Xuat ban hang khach le & doanh nghiep
MOV-01982,2024-12-26 22:30:00,WH-DN01,PROD-043,OUTBOUND_SALE,OUT,4,149.1,SO-87170,Xuat ban hang khach le & doanh nghiep
MOV-01983,2024-12-27 04:30:00,WH-DN01,PROD-026,OUTBOUND_SALE,OUT,9,141.61,SO-24068,Xuat ban hang khach le & doanh nghiep
MOV-01984,2024-12-27 13:30:00,WH-HN01,PROD-037,OUTBOUND_SALE,OUT,8,57.54,SO-11444,Xuat ban hang khach le & doanh nghiep
MOV-01985,2024-12-27 18:30:00,WH-HCM01,PROD-043,OUTBOUND_SALE,OUT,12,149.1,SO-68258,Xuat ban hang khach le & doanh nghiep
MOV-01986,2024-12-27 21:30:00,WH-DN01,PROD-009,TRANSFER_OUT,OUT,9,135.78,TRF-8509,Dieu chuyen xuat sang WH-HCM01
MOV-01988,2024-12-28 00:30:00,WH-DN01,PROD-033,SCRAP_DAMAGED,OUT,1,159.31,SCRAP-6715,Xuat huy hang can date/hong vo trong kho
MOV-01989,2024-12-28 10:30:00,WH-HCM01,PROD-037,OUTBOUND_SALE,OUT,8,57.54,SO-70225,Xuat ban hang khach le & doanh nghiep
MOV-01990,2024-12-28 14:30:00,WH-HCM01,PROD-020,OUTBOUND_SALE,OUT,9,30.91,SO-18940,Xuat ban hang khach le & doanh nghiep
MOV-01991,2024-12-28 20:30:00,WH-DN01,PROD-039,OUTBOUND_SALE,OUT,13,31.39,SO-33642,Xuat ban hang khach le & doanh nghiep
MOV-01992,2024-12-29 01:30:00,WH-DN01,PROD-038,OUTBOUND_SALE,OUT,12,99.09,SO-55625,Xuat ban hang khach le & doanh nghiep
MOV-01993,2024-12-29 07:30:00,WH-HN01,PROD-047,OUTBOUND_SALE,OUT,5,129.34,SO-40369,Xuat ban hang khach le & doanh nghiep
MOV-01987,2024-12-29 09:30:00,WH-HCM01,PROD-009,TRANSFER_IN,IN,9,135.78,TRF-8509,Dieu chuyen nhap tu WH-DN01
MOV-01994,2024-12-29 16:30:00,WH-HN01,PROD-050,OUTBOUND_SALE,OUT,3,25.12,SO-41013,Xuat ban hang khach le & doanh nghiep
MOV-01995,2024-12-29 19:30:00,WH-HN01,PROD-047,TRANSFER_OUT,OUT,10,129.34,TRF-7882,Dieu chuyen xuat sang WH-HCM01
MOV-01997,2024-12-29 22:30:00,WH-HN01,PROD-003,OUTBOUND_SALE,OUT,14,22.23,SO-19552,Xuat ban hang khach le & doanh nghiep
MOV-01998,2024-12-30 04:30:00,WH-HCM01,PROD-041,INBOUND_PO,IN,21,66.18,PO-2024-023,Nhap hang theo don mua nha cung cap
MOV-01999,2024-12-30 09:30:00,WH-DN01,PROD-025,OUTBOUND_SALE,OUT,5,142.37,SO-93544,Xuat ban hang khach le & doanh nghiep
MOV-02000,2024-12-30 13:30:00,WH-DN01,PROD-029,OUTBOUND_SALE,OUT,13,142.68,SO-47498,Xuat ban hang khach le & doanh nghiep
MOV-02001,2024-12-30 17:30:00,WH-HN01,PROD-028,OUTBOUND_SALE,OUT,11,20.77,SO-35204,Xuat ban hang khach le & doanh nghiep
MOV-01996,2024-12-30 19:30:00,WH-HCM01,PROD-047,TRANSFER_IN,IN,10,129.34,TRF-7882,Dieu chuyen nhap tu WH-HN01
MOV-02002,2024-12-30 20:30:00,WH-HCM01,PROD-043,OUTBOUND_SALE,OUT,4,149.1,SO-36678,Xuat ban hang khach le & doanh nghiep
MOV-02028,2024-12-30 23:00:00,WH-DN01,PROD-021,AUDIT_ADJUSTMENT,IN,1,130.48,AUD-0047,Dieu chinh kiem ke: Ghi tang
MOV-02029,2024-12-30 23:00:00,WH-HN01,PROD-039,AUDIT_ADJUSTMENT,OUT,1,31.39,AUD-0049,Dieu chinh kiem ke: Ghi giam
MOV-02030,2024-12-30 23:00:00,WH-DN01,PROD-016,AUDIT_ADJUSTMENT,OUT,2,56.02,AUD-0051,Dieu chinh kiem ke: Ghi giam
MOV-02031,2024-12-30 23:00:00,WH-DN01,PROD-019,AUDIT_ADJUSTMENT,IN,1,145.49,AUD-0052,Dieu chinh kiem ke: Ghi tang
MOV-02032,2024-12-30 23:00:00,WH-HN01,PROD-009,AUDIT_ADJUSTMENT,OUT,2,135.78,AUD-0053,Dieu chinh kiem ke: Ghi giam
MOV-02033,2024-12-30 23:00:00,WH-HCM01,PROD-026,AUDIT_ADJUSTMENT,OUT,2,141.61,AUD-0055,Dieu chinh kiem ke: Ghi giam
MOV-02034,2024-12-30 23:00:00,WH-DN01,PROD-005,AUDIT_ADJUSTMENT,IN,1,132.94,AUD-0058,Dieu chinh kiem ke: Ghi tang
MOV-02035,2024-12-30 23:00:00,WH-HCM01,PROD-038,AUDIT_ADJUSTMENT,OUT,1,99.09,AUD-0059,Dieu chinh kiem ke: Ghi giam
MOV-02003,2024-12-30 23:30:00,WH-HN01,PROD-024,INBOUND_PO,IN,46,33.84,PO-2024-075,Nhap hang theo don mua nha cung cap
MOV-02004,2024-12-31 02:30:00,WH-HCM01,PROD-047,OUTBOUND_SALE,OUT,14,129.34,SO-94178,Xuat ban hang khach le & doanh nghiep
MOV-02005,2024-12-31 14:30:00,WH-DN01,PROD-040,OUTBOUND_SALE,OUT,11,140.66,SO-28071,Xuat ban hang khach le & doanh nghiep
MOV-02006,2024-12-31 17:30:00,WH-HCM01,PROD-025,OUTBOUND_SALE,OUT,4,142.37,SO-84599,Xuat ban hang khach le & doanh nghiep
MOV-DIRTY-TRF99,2024-12-30 14:00:00,WH-HCM01,PROD-005,TRANSFER_OUT,OUT,25,85.0,TRF-INTRANSIT-88,Dang van chuyen lien kho chua co phieu nhap
MOV-DIRTY-SCR01,2024-05-10 11:00:00,WH-DN01,PROD-012,SCRAP_DAMAGED,OUT,-5,42.5,SCRAP-DIRTY-01,Loi nhap so luong am vao cot quantity
MOV-00051-DUP,2024-01-01 08:00:00,WH-DN01,PROD-001,INBOUND_PO,IN,41,108.8,INIT-BALANCE-2024,So du dau ky nam 2024
