attendance_id,employee_id,work_date,check_in,check_out,hours_worked,overtime_hours,status
ATT00001,EMP001,2025-10-01,08:15:03,17:37:00,8.0,0.0,Present
ATT00002,EMP002,2025-10-01,08:27:23,17:50:00,8.0,0.0,Present
ATT00003,EMP003,2025-10-01,08:33:16,17:32:00,8.0,0.0,Present
ATT00004,EMP004,2025-10-01,08:17:12,17:44:00,8.0,0.0,Present
ATT00005,EMP005,2025-10-01,08:17:57,17:40:00,8.0,0.0,Present
ATT00006,EMP006,2025-10-01,08:29:03,20:42:00,10.5,2.5,Present
ATT00007,EMP007,2025-10-01,08:27:43,17:41:00,8.0,0.0,Present
ATT00008,EMP008,2025-10-01,08:20:17,17:34:00,8.0,0.0,Present
ATT00009,EMP009,2025-10-01,08:34:39,17:39:00,8.0,0.0,Present
ATT00010,EMP010,2025-10-01,08:32:30,20:12:00,10.0,2.0,Present
ATT00011,EMP011,2025-10-01,08:21:41,17:46:00,8.0,0.0,Present
ATT00012,EMP012,2025-10-01,08:32:50,20:41:00,10.5,2.5,Present
ATT00013,EMP013,2025-10-01,08:30:22,17:46:00,8.0,0.0,Present
ATT00014,EMP014,2025-10-01,08:23:11,19:30:00,9.5,1.5,Present
ATT00015,EMP015,2025-10-01,08:44:00,17:31:00,7.8,0.0,Late
ATT00016,EMP016,2025-10-01,08:30:33,17:48:00,8.0,0.0,Present
ATT00017,EMP019,2025-10-01,,,0.0,0.0,Absent
ATT00018,EMP020,2025-10-01,,,0.0,0.0,On Leave
ATT00019,EMP021,2025-10-01,08:22:17,17:31:00,8.0,0.0,Present
ATT00020,EMP022,2025-10-01,08:22:36,17:42:00,8.0,0.0,Present
ATT00021,EMP023,2025-10-01,08:20:11,17:40:00,8.0,0.0,Present
ATT00022,EMP024,2025-10-01,08:26:58,17:41:00,8.0,0.0,Present
ATT00023,EMP025,2025-10-01,08:29:00,15:36:00,5.5,0.0,Early Departure
ATT00024,EMP026,2025-10-01,08:27:00,16:11:00,6.5,0.0,Early Departure
ATT00025,EMP027,2025-10-01,08:17:03,17:37:00,8.0,0.0,Present
ATT00026,EMP028,2025-10-01,08:30:00,17:49:00,8.0,0.0,Present
ATT00027,EMP029,2025-10-01,08:19:21,17:40:00,8.0,0.0,Present
ATT00028,EMP030,2025-10-01,08:19:37,17:34:00,8.0,0.0,Present
ATT00029,EMP031,2025-10-01,08:31:55,17:32:00,8.0,0.0,Present
ATT00030,EMP032,2025-10-01,08:27:37,20:10:00,10.0,2.0,Present
ATT00031,EMP035,2025-10-01,08:20:46,17:50:00,8.0,0.0,Present
ATT00032,EMP036,2025-10-01,,,0.0,0.0,On Leave
ATT00033,EMP037,2025-10-01,08:20:45,17:49:00,8.0,0.0,Present
ATT00034,EMP038,2025-10-01,08:22:42,17:35:00,8.0,0.0,Present
ATT00035,EMP040,2025-10-01,08:24:08,19:12:00,9.0,1.0,Present
ATT00036,EMP041,2025-10-01,08:33:02,20:07:00,10.0,2.0,Present
ATT00037,EMP042,2025-10-01,08:18:59,17:40:00,8.0,0.0,Present
ATT00038,EMP043,2025-10-01,08:22:22,17:35:00,8.0,0.0,Present
ATT00039,EMP044,2025-10-01,08:17:52,17:50:00,8.0,0.0,Present
ATT00040,EMP045,2025-10-01,08:25:28,19:37:00,9.5,1.5,Present
ATT00041,EMP046,2025-10-01,08:26:16,17:30:00,8.0,0.0,Present
ATT00042,EMP047,2025-10-01,08:29:46,17:35:00,8.0,0.0,Present
ATT00043,EMP048,2025-10-01,08:51:00,17:42:00,7.7,0.0,Late
ATT00044,EMP049,2025-10-01,08:27:06,17:48:00,8.0,0.0,Present
ATT00045,EMP050,2025-10-01,08:22:10,17:31:00,8.0,0.0,Present
ATT00046,EMP051,2025-10-01,08:25:16,17:32:00,8.0,0.0,Present
ATT00047,EMP052,2025-10-01,08:27:10,17:47:00,8.0,0.0,Present
ATT00048,EMP053,2025-10-01,08:21:00,16:38:00,6.5,0.0,Early Departure
ATT00049,EMP054,2025-10-01,,,0.0,0.0,On Leave
ATT00050,EMP055,2025-10-01,08:36:00,17:43:00,7.9,0.0,Late
ATT00051,EMP056,2025-10-01,08:22:00,16:10:00,6.5,0.0,Early Departure
ATT00052,EMP057,2025-10-01,08:25:13,17:43:00,8.0,0.0,Present
ATT00053,EMP058,2025-10-01,08:32:16,17:39:00,8.0,0.0,Present
ATT00054,EMP059,2025-10-01,08:16:25,17:45:00,8.0,0.0,Present
ATT00055,EMP060,2025-10-01,08:26:00,17:39:00,8.0,0.0,Present
ATT00056,EMP062,2025-10-01,08:34:30,19:06:00,9.0,1.0,Present
ATT00057,EMP063,2025-10-01,08:24:05,17:33:00,8.0,0.0,Present
ATT00058,EMP064,2025-10-01,08:27:30,17:38:00,8.0,0.0,Present
ATT00059,EMP065,2025-10-01,08:32:24,20:41:00,10.5,2.5,Present
ATT00060,EMP069,2025-10-01,08:16:16,17:38:00,8.0,0.0,Present
ATT00061,EMP070,2025-10-01,08:23:36,19:02:00,9.0,1.0,Present
ATT00062,EMP071,2025-10-01,08:32:26,17:48:00,8.0,0.0,Present
ATT00063,EMP072,2025-10-01,08:16:53,17:46:00,8.0,0.0,Present
ATT00064,EMP074,2025-10-01,08:32:43,17:45:00,8.0,0.0,Present
ATT00065,EMP075,2025-10-01,08:22:30,17:42:00,8.0,0.0,Present
ATT00066,EMP076,2025-10-01,08:37:00,17:46:00,7.9,0.0,Late
ATT00067,EMP077,2025-10-01,08:31:51,17:49:00,8.0,0.0,Present
ATT00068,EMP078,2025-10-01,08:29:11,17:35:00,8.0,0.0,Present
ATT00069,EMP079,2025-10-01,,,0.0,0.0,On Leave
ATT00070,EMP080,2025-10-01,08:19:02,17:43:00,8.0,0.0,Present
ATT00071,EMP083,2025-10-01,08:19:53,17:40:00,8.0,0.0,Present
ATT00072,EMP084,2025-10-01,08:38:00,17:32:00,7.9,0.0,Late
ATT00073,EMP085,2025-10-01,08:27:35,17:38:00,8.0,0.0,Present
ATT00074,EMP086,2025-10-01,08:15:50,17:48:00,8.0,0.0,Present
ATT00075,EMP087,2025-10-01,08:28:07,17:34:00,8.0,0.0,Present
ATT00076,EMP088,2025-10-01,08:33:48,17:33:00,8.0,0.0,Present
ATT00077,EMP089,2025-10-01,08:54:00,17:54:00,7.6,0.0,Late
ATT00078,EMP090,2025-10-01,08:24:55,17:41:00,8.0,0.0,Present
ATT00079,EMP091,2025-10-01,08:23:24,17:48:00,8.0,0.0,Present
ATT00080,EMP092,2025-10-01,08:16:11,17:34:00,8.0,0.0,Present
ATT00081,EMP093,2025-10-01,08:27:02,17:40:00,8.0,0.0,Present
ATT00082,EMP094,2025-10-01,08:16:47,17:38:00,8.0,0.0,Present
ATT00083,EMP095,2025-10-01,08:36:00,17:40:00,7.9,0.0,Late
ATT00084,EMP096,2025-10-01,08:24:19,17:45:00,8.0,0.0,Present
ATT00085,EMP097,2025-10-01,08:18:55,17:39:00,8.0,0.0,Present
ATT00086,EMP098,2025-10-01,,,0.0,0.0,On Leave
ATT00087,EMP099,2025-10-01,08:25:17,17:49:00,8.0,0.0,Present
ATT00088,EMP100,2025-10-01,08:21:28,17:43:00,8.0,0.0,Present
ATT00089,EMP101,2025-10-01,08:31:55,17:31:00,8.0,0.0,Present
ATT00090,EMP102,2025-10-01,08:20:04,17:46:00,8.0,0.0,Present
ATT00091,EMP103,2025-10-01,08:31:56,17:35:00,8.0,0.0,Present
ATT00092,EMP104,2025-10-01,08:21:53,19:14:00,9.0,1.0,Present
ATT00093,EMP105,2025-10-01,08:26:45,20:14:00,10.0,2.0,Present
ATT00094,EMP106,2025-10-01,08:18:43,20:15:00,10.0,2.0,Present
ATT00095,EMP107,2025-10-01,08:20:55,17:47:00,8.0,0.0,Present
ATT00096,EMP108,2025-10-01,08:20:53,17:32:00,8.0,0.0,Present
ATT00097,EMP109,2025-10-01,08:27:03,19:37:00,9.5,1.5,Present
ATT00098,EMP110,2025-10-01,08:21:17,17:46:00,8.0,0.0,Present
ATT00099,EMP111,2025-10-01,08:15:30,17:50:00,8.0,0.0,Present
ATT00100,EMP112,2025-10-01,08:15:14,17:39:00,8.0,0.0,Present
ATT00101,EMP113,2025-10-01,08:23:27,17:41:00,8.0,0.0,Present
ATT00102,EMP114,2025-10-01,08:21:29,17:46:00,8.0,0.0,Present
ATT00103,EMP115,2025-10-01,08:27:37,20:09:00,10.0,2.0,Present
ATT00104,EMP116,2025-10-01,08:18:30,20:10:00,10.0,2.0,Present
ATT00105,EMP117,2025-10-01,08:23:41,17:50:00,8.0,0.0,Present
ATT00106,EMP120,2025-10-01,08:19:33,17:31:00,8.0,0.0,Present
ATT00107,EMP121,2025-10-01,08:34:25,17:34:00,8.0,0.0,Present
ATT00108,EMP122,2025-10-01,08:30:18,17:43:00,8.0,0.0,Present
ATT00109,EMP123,2025-10-01,08:16:37,17:48:00,8.0,0.0,Present
ATT00110,EMP124,2025-10-01,08:25:46,17:47:00,8.0,0.0,Present
ATT00111,EMP126,2025-10-01,08:30:58,17:41:00,8.0,0.0,Present
ATT00112,EMP127,2025-10-01,08:20:53,17:47:00,8.0,0.0,Present
ATT00113,EMP128,2025-10-01,08:18:30,20:05:00,10.0,2.0,Present
ATT00114,EMP129,2025-10-01,08:25:00,15:14:00,5.5,0.0,Early Departure
ATT00115,EMP130,2025-10-01,08:24:26,17:40:00,8.0,0.0,Present
ATT00116,EMP131,2025-10-01,08:33:18,17:33:00,8.0,0.0,Present
ATT00117,EMP132,2025-10-01,08:33:37,17:32:00,8.0,0.0,Present
ATT00118,EMP133,2025-10-01,08:21:32,20:39:00,10.5,2.5,Present
ATT00119,EMP134,2025-10-01,08:19:08,17:40:00,8.0,0.0,Present
ATT00120,EMP135,2025-10-01,08:33:57,17:44:00,8.0,0.0,Present
ATT00121,EMP136,2025-10-01,08:20:49,20:05:00,10.0,2.0,Present
ATT00122,EMP137,2025-10-01,08:16:00,17:36:00,8.0,0.0,Present
ATT00123,EMP138,2025-10-01,08:20:36,17:45:00,8.0,0.0,Present
ATT00124,EMP139,2025-10-01,08:17:08,17:50:00,8.0,0.0,Present
ATT00125,EMP141,2025-10-01,08:28:30,17:31:00,8.0,0.0,Present
ATT00126,EMP142,2025-10-01,08:26:00,17:46:00,8.0,0.0,Present
ATT00127,EMP143,2025-10-01,08:15:40,17:37:00,8.0,0.0,Present
ATT00128,EMP144,2025-10-01,08:26:19,20:39:00,10.5,2.5,Present
ATT00129,EMP145,2025-10-01,08:16:19,17:44:00,8.0,0.0,Present
ATT00130,EMP146,2025-10-01,08:34:33,17:34:00,8.0,0.0,Present
ATT00131,EMP147,2025-10-01,08:30:22,17:35:00,8.0,0.0,Present
ATT00132,EMP148,2025-10-01,08:26:00,15:14:00,5.5,0.0,Early Departure
ATT00133,EMP149,2025-10-01,08:19:13,17:48:00,8.0,0.0,Present
ATT00134,EMP151,2025-10-01,08:18:23,17:31:00,8.0,0.0,Present
ATT00135,EMP152,2025-10-01,08:23:49,17:31:00,8.0,0.0,Present
ATT00136,EMP153,2025-10-01,08:16:42,19:01:00,9.0,1.0,Present
ATT00137,EMP155,2025-10-01,08:28:28,17:47:00,8.0,0.0,Present
ATT00138,EMP156,2025-10-01,08:19:13,17:50:00,8.0,0.0,Present
ATT00139,EMP157,2025-10-01,08:28:42,20:04:00,10.0,2.0,Present
ATT00140,EMP158,2025-10-01,08:18:32,17:33:00,8.0,0.0,Present
ATT00141,EMP159,2025-10-01,08:18:31,19:38:00,9.5,1.5,Present
ATT00142,EMP160,2025-10-01,08:21:22,17:39:00,8.0,0.0,Present
ATT00143,EMP162,2025-10-01,08:32:31,17:45:00,8.0,0.0,Present
ATT00144,EMP163,2025-10-01,08:15:00,17:33:00,8.0,0.0,Present
ATT00145,EMP164,2025-10-01,08:30:09,17:46:00,8.0,0.0,Present
ATT00146,EMP165,2025-10-01,08:18:57,17:37:00,8.0,0.0,Present
ATT00147,EMP166,2025-10-01,08:24:16,17:33:00,8.0,0.0,Present
ATT00148,EMP167,2025-10-01,08:16:54,17:40:00,8.0,0.0,Present
ATT00149,EMP168,2025-10-01,08:18:06,17:31:00,8.0,0.0,Present
ATT00150,EMP169,2025-10-01,08:19:42,17:40:00,8.0,0.0,Present
ATT00151,EMP170,2025-10-01,08:29:39,17:32:00,8.0,0.0,Present
ATT00152,EMP171,2025-10-01,08:25:11,20:44:00,10.5,2.5,Present
ATT00153,EMP172,2025-10-01,08:27:44,17:43:00,8.0,0.0,Present
ATT00154,EMP173,2025-10-01,08:20:07,19:05:00,9.0,1.0,Present
ATT00155,EMP175,2025-10-01,08:33:30,17:44:00,8.0,0.0,Present
ATT00156,EMP176,2025-10-01,08:27:49,17:30:00,8.0,0.0,Present
ATT00157,EMP178,2025-10-01,08:19:30,17:33:00,8.0,0.0,Present
ATT00158,EMP179,2025-10-01,08:50:00,17:31:00,7.7,0.0,Late
ATT00159,EMP180,2025-10-01,08:25:00,17:46:00,8.0,0.0,Present
ATT00160,EMP181,2025-10-01,08:33:46,17:40:00,8.0,0.0,Present
ATT00161,EMP182,2025-10-01,08:34:06,17:37:00,8.0,0.0,Present
ATT00162,EMP183,2025-10-01,08:27:09,17:47:00,8.0,0.0,Present
ATT00163,EMP185,2025-10-01,08:55:00,17:31:00,7.6,0.0,Late
ATT00164,EMP186,2025-10-01,08:20:32,17:45:00,8.0,0.0,Present
ATT00165,EMP187,2025-10-01,08:17:48,17:37:00,8.0,0.0,Present
ATT00166,EMP188,2025-10-01,08:23:03,17:47:00,8.0,0.0,Present
ATT00167,EMP189,2025-10-01,08:27:52,17:44:00,8.0,0.0,Present
ATT00168,EMP191,2025-10-01,08:33:28,20:44:00,10.5,2.5,Present
ATT00169,EMP192,2025-10-01,08:30:47,17:33:00,8.0,0.0,Present
ATT00170,EMP193,2025-10-01,08:16:35,17:32:00,8.0,0.0,Present
ATT00171,EMP194,2025-10-01,08:34:40,17:46:00,8.0,0.0,Present
ATT00172,EMP195,2025-10-01,08:29:21,17:31:00,8.0,0.0,Present
ATT00173,EMP196,2025-10-01,08:29:21,17:49:00,8.0,0.0,Present
ATT00174,EMP197,2025-10-01,08:26:45,17:33:00,8.0,0.0,Present
ATT00175,EMP198,2025-10-01,08:22:00,17:50:00,8.0,0.0,Present
ATT00176,EMP201,2025-10-01,,,0.0,0.0,On Leave
ATT00177,EMP202,2025-10-01,08:31:23,17:31:00,8.0,0.0,Present
ATT00178,EMP203,2025-10-01,08:51:00,17:34:00,7.7,0.0,Late
ATT00179,EMP204,2025-10-01,08:28:06,17:36:00,8.0,0.0,Present
ATT00180,EMP205,2025-10-01,08:27:13,17:36:00,8.0,0.0,Present
ATT00181,EMP206,2025-10-01,08:18:48,17:50:00,8.0,0.0,Present
ATT00182,EMP207,2025-10-01,08:33:07,17:44:00,8.0,0.0,Present
ATT00183,EMP208,2025-10-01,08:33:32,20:30:00,10.5,2.5,Present
ATT00184,EMP209,2025-10-01,08:16:35,17:48:00,8.0,0.0,Present
ATT00185,EMP210,2025-10-01,08:31:49,17:35:00,8.0,0.0,Present
ATT00186,EMP211,2025-10-01,08:20:46,17:33:00,8.0,0.0,Present
ATT00187,EMP212,2025-10-01,08:34:38,17:46:00,8.0,0.0,Present
ATT00188,EMP213,2025-10-01,08:49:00,17:49:00,7.7,0.0,Late
ATT00189,EMP214,2025-10-01,08:43:00,17:38:00,7.8,0.0,Late
ATT00190,EMP215,2025-10-01,08:25:18,17:34:00,8.0,0.0,Present
ATT00191,EMP216,2025-10-01,08:34:44,17:46:00,8.0,0.0,Present
ATT00192,EMP217,2025-10-01,08:32:55,17:47:00,8.0,0.0,Present
ATT00193,EMP218,2025-10-01,08:21:13,17:39:00,8.0,0.0,Present
ATT00194,EMP219,2025-10-01,08:19:45,17:35:00,8.0,0.0,Present
ATT00195,EMP220,2025-10-01,08:25:45,20:15:00,10.0,2.0,Present
ATT00196,EMP221,2025-10-01,08:28:43,17:47:00,8.0,0.0,Present
ATT00197,EMP222,2025-10-01,08:28:51,19:00:00,9.0,1.0,Present
ATT00198,EMP223,2025-10-01,08:16:42,20:05:00,10.0,2.0,Present
ATT00199,EMP224,2025-10-01,,,0.0,0.0,On Leave
ATT00200,EMP225,2025-10-01,08:19:53,20:06:00,10.0,2.0,Present
ATT00201,EMP226,2025-10-01,08:16:22,17:33:00,8.0,0.0,Present
ATT00202,EMP227,2025-10-01,08:32:55,17:50:00,8.0,0.0,Present
ATT00203,EMP228,2025-10-01,08:22:32,17:39:00,8.0,0.0,Present
ATT00204,EMP229,2025-10-01,08:16:59,17:43:00,8.0,0.0,Present
ATT00205,EMP230,2025-10-01,08:30:00,16:35:00,6.5,0.0,Early Departure
ATT00206,EMP231,2025-10-01,08:23:12,17:44:00,8.0,0.0,Present
ATT00207,EMP232,2025-10-01,08:26:48,17:49:00,8.0,0.0,Present
ATT00208,EMP233,2025-10-01,08:21:18,17:32:00,8.0,0.0,Present
ATT00209,EMP234,2025-10-01,08:20:47,17:42:00,8.0,0.0,Present
ATT00210,EMP235,2025-10-01,08:23:35,17:35:00,8.0,0.0,Present
ATT00211,EMP236,2025-10-01,08:23:00,17:34:00,8.0,0.0,Present
ATT00212,EMP237,2025-10-01,08:25:38,20:15:00,10.0,2.0,Present
ATT00213,EMP239,2025-10-01,08:32:22,20:07:00,10.0,2.0,Present
ATT00214,EMP240,2025-10-01,08:28:00,15:50:00,5.5,0.0,Early Departure
ATT00215,EMP241,2025-10-01,08:28:34,17:32:00,8.0,0.0,Present
ATT00216,EMP242,2025-10-01,08:21:42,17:41:00,8.0,0.0,Present
ATT00217,EMP243,2025-10-01,08:34:33,17:47:00,8.0,0.0,Present
ATT00218,EMP244,2025-10-01,08:15:07,17:44:00,8.0,0.0,Present
ATT00219,EMP245,2025-10-01,08:34:58,17:31:00,8.0,0.0,Present
ATT00220,EMP246,2025-10-01,08:25:24,17:33:00,8.0,0.0,Present
ATT00221,EMP248,2025-10-01,08:32:46,17:46:00,8.0,0.0,Present
ATT00222,EMP249,2025-10-01,08:26:32,17:44:00,8.0,0.0,Present
ATT00223,EMP250,2025-10-01,08:24:57,17:40:00,8.0,0.0,Present
ATT00224,EMP001,2025-10-04,08:18:10,17:47:00,8.0,0.0,Present
ATT00225,EMP002,2025-10-04,08:17:13,17:36:00,8.0,0.0,Present
ATT00226,EMP003,2025-10-04,08:28:53,20:32:00,10.5,2.5,Present
ATT00227,EMP004,2025-10-04,08:19:01,17:40:00,8.0,0.0,Present
ATT00228,EMP005,2025-10-04,08:17:03,20:02:00,10.0,2.0,Present
ATT00229,EMP006,2025-10-04,08:22:58,17:42:00,8.0,0.0,Present
ATT00230,EMP007,2025-10-04,08:27:27,17:42:00,8.0,0.0,Present
ATT00231,EMP008,2025-10-04,08:32:00,17:49:00,8.0,0.0,Present
ATT00232,EMP009,2025-10-04,08:33:02,17:32:00,8.0,0.0,Present
ATT00233,EMP010,2025-10-04,08:31:06,17:39:00,8.0,0.0,Present
ATT00234,EMP011,2025-10-04,08:24:48,17:42:00,8.0,0.0,Present
ATT00235,EMP012,2025-10-04,08:15:30,19:34:00,9.5,1.5,Present
ATT00236,EMP013,2025-10-04,08:32:18,17:34:00,8.0,0.0,Present
ATT00237,EMP014,2025-10-04,08:26:00,17:47:00,8.0,0.0,Present
ATT00238,EMP015,2025-10-04,08:16:00,17:42:00,8.0,0.0,Present
ATT00239,EMP016,2025-10-04,08:17:19,17:41:00,8.0,0.0,Present
ATT00240,EMP019,2025-10-04,08:31:09,19:38:00,9.5,1.5,Present
ATT00241,EMP020,2025-10-04,08:20:42,17:31:00,8.0,0.0,Present
ATT00242,EMP021,2025-10-04,08:32:29,17:32:00,8.0,0.0,Present
ATT00243,EMP022,2025-10-04,08:17:16,20:40:00,10.5,2.5,Present
ATT00244,EMP023,2025-10-04,08:22:06,17:32:00,8.0,0.0,Present
ATT00245,EMP024,2025-10-04,08:46:00,17:45:00,7.7,0.0,Late
ATT00246,EMP025,2025-10-04,08:34:42,17:48:00,8.0,0.0,Present
ATT00247,EMP026,2025-10-04,08:33:23,17:43:00,8.0,0.0,Present
ATT00248,EMP027,2025-10-04,08:25:15,17:50:00,8.0,0.0,Present
ATT00249,EMP028,2025-10-04,08:26:08,17:40:00,8.0,0.0,Present
ATT00250,EMP029,2025-10-04,08:29:28,17:39:00,8.0,0.0,Present
ATT00251,EMP030,2025-10-04,08:18:11,17:32:00,8.0,0.0,Present
ATT00252,EMP031,2025-10-04,08:19:57,17:38:00,8.0,0.0,Present
ATT00253,EMP032,2025-10-04,08:17:46,19:00:00,9.0,1.0,Present
ATT00254,EMP035,2025-10-04,08:33:25,17:36:00,8.0,0.0,Present
ATT00255,EMP036,2025-10-04,08:53:00,17:38:00,7.6,0.0,Late
ATT00256,EMP037,2025-10-04,08:32:30,17:34:00,8.0,0.0,Present
ATT00257,EMP038,2025-10-04,08:22:57,17:39:00,8.0,0.0,Present
ATT00258,EMP040,2025-10-04,08:31:32,20:00:00,10.0,2.0,Present
ATT00259,EMP041,2025-10-04,08:34:43,19:44:00,9.5,1.5,Present
ATT00260,EMP042,2025-10-04,08:33:36,17:34:00,8.0,0.0,Present
ATT00261,EMP043,2025-10-04,08:30:22,20:37:00,10.5,2.5,Present
ATT00262,EMP044,2025-10-04,08:26:14,19:41:00,9.5,1.5,Present
ATT00263,EMP045,2025-10-04,08:29:56,20:03:00,10.0,2.0,Present
ATT00264,EMP046,2025-10-04,08:31:40,17:38:00,8.0,0.0,Present
ATT00265,EMP047,2025-10-04,08:33:11,17:42:00,8.0,0.0,Present
ATT00266,EMP048,2025-10-04,08:17:33,17:37:00,8.0,0.0,Present
ATT00267,EMP049,2025-10-04,08:26:52,17:45:00,8.0,0.0,Present
ATT00268,EMP050,2025-10-04,08:34:00,17:34:00,8.0,0.0,Present
ATT00269,EMP051,2025-10-04,08:22:04,17:38:00,8.0,0.0,Present
ATT00270,EMP052,2025-10-04,08:20:10,17:33:00,8.0,0.0,Present
ATT00271,EMP053,2025-10-04,08:28:51,17:33:00,8.0,0.0,Present
ATT00272,EMP054,2025-10-04,08:30:30,17:35:00,8.0,0.0,Present
ATT00273,EMP055,2025-10-04,08:28:01,17:34:00,8.0,0.0,Present
ATT00274,EMP056,2025-10-04,08:20:08,17:31:00,8.0,0.0,Present
ATT00275,EMP057,2025-10-04,08:40:00,17:31:00,7.8,0.0,Late
ATT00276,EMP058,2025-10-04,08:20:33,17:49:00,8.0,0.0,Present
ATT00277,EMP059,2025-10-04,,,0.0,0.0,On Leave
ATT00278,EMP060,2025-10-04,08:24:05,17:49:00,8.0,0.0,Present
ATT00279,EMP062,2025-10-04,,,0.0,0.0,Absent
ATT00280,EMP063,2025-10-04,08:20:14,17:49:00,8.0,0.0,Present
ATT00281,EMP064,2025-10-04,08:33:52,17:49:00,8.0,0.0,Present
ATT00282,EMP065,2025-10-04,08:23:10,17:40:00,8.0,0.0,Present
ATT00283,EMP069,2025-10-04,08:55:00,17:48:00,7.6,0.0,Late
ATT00284,EMP070,2025-10-04,08:27:24,19:06:00,9.0,1.0,Present
ATT00285,EMP071,2025-10-04,08:31:43,17:34:00,8.0,0.0,Present
ATT00286,EMP072,2025-10-04,08:20:30,17:49:00,8.0,0.0,Present
ATT00287,EMP074,2025-10-04,08:32:32,17:32:00,8.0,0.0,Present
ATT00288,EMP075,2025-10-04,08:19:57,17:30:00,8.0,0.0,Present
ATT00289,EMP076,2025-10-04,08:49:00,17:46:00,7.7,0.0,Late
ATT00290,EMP077,2025-10-04,08:16:44,17:37:00,8.0,0.0,Present
ATT00291,EMP078,2025-10-04,08:51:00,17:55:00,7.7,0.0,Late
ATT00292,EMP079,2025-10-04,08:26:37,17:48:00,8.0,0.0,Present
ATT00293,EMP080,2025-10-04,08:19:16,17:37:00,8.0,0.0,Present
ATT00294,EMP083,2025-10-04,08:38:00,17:39:00,7.9,0.0,Late
ATT00295,EMP084,2025-10-04,08:32:26,17:30:00,8.0,0.0,Present
ATT00296,EMP085,2025-10-04,08:15:36,17:46:00,8.0,0.0,Present
ATT00297,EMP086,2025-10-04,08:21:44,17:43:00,8.0,0.0,Present
ATT00298,EMP087,2025-10-04,08:19:27,17:38:00,8.0,0.0,Present
ATT00299,EMP088,2025-10-04,08:32:27,17:49:00,8.0,0.0,Present
ATT00300,EMP089,2025-10-04,08:27:48,17:47:00,8.0,0.0,Present
ATT00301,EMP090,2025-10-04,08:30:11,17:47:00,8.0,0.0,Present
ATT00302,EMP091,2025-10-04,08:24:36,17:42:00,8.0,0.0,Present
ATT00303,EMP092,2025-10-04,08:18:47,17:35:00,8.0,0.0,Present
ATT00304,EMP093,2025-10-04,08:31:25,17:47:00,8.0,0.0,Present
ATT00305,EMP094,2025-10-04,08:16:10,17:50:00,8.0,0.0,Present
ATT00306,EMP095,2025-10-04,08:17:52,20:32:00,10.5,2.5,Present
ATT00307,EMP096,2025-10-04,08:22:23,19:12:00,9.0,1.0,Present
ATT00308,EMP097,2025-10-04,08:48:00,17:49:00,7.7,0.0,Late
ATT00309,EMP098,2025-10-04,08:24:45,17:31:00,8.0,0.0,Present
ATT00310,EMP099,2025-10-04,08:22:00,16:28:00,6.5,0.0,Early Departure
ATT00311,EMP100,2025-10-04,08:31:18,19:35:00,9.5,1.5,Present
ATT00312,EMP101,2025-10-04,08:26:15,17:35:00,8.0,0.0,Present
ATT00313,EMP102,2025-10-04,08:23:49,17:42:00,8.0,0.0,Present
ATT00314,EMP103,2025-10-04,08:21:33,19:02:00,9.0,1.0,Present
ATT00315,EMP104,2025-10-04,08:32:58,17:41:00,8.0,0.0,Present
ATT00316,EMP105,2025-10-04,,,0.0,0.0,On Leave
ATT00317,EMP106,2025-10-04,08:34:12,17:42:00,8.0,0.0,Present
ATT00318,EMP107,2025-10-04,08:23:11,17:33:00,8.0,0.0,Present
ATT00319,EMP108,2025-10-04,08:31:18,17:33:00,8.0,0.0,Present
ATT00320,EMP109,2025-10-04,08:23:56,17:48:00,8.0,0.0,Present
ATT00321,EMP110,2025-10-04,08:29:24,17:37:00,8.0,0.0,Present
ATT00322,EMP111,2025-10-04,08:29:43,17:48:00,8.0,0.0,Present
ATT00323,EMP112,2025-10-04,08:30:07,17:42:00,8.0,0.0,Present
ATT00324,EMP113,2025-10-04,08:22:43,17:40:00,8.0,0.0,Present
ATT00325,EMP114,2025-10-04,08:26:33,17:38:00,8.0,0.0,Present
ATT00326,EMP115,2025-10-04,08:17:25,17:40:00,8.0,0.0,Present
ATT00327,EMP116,2025-10-04,08:20:30,17:36:00,8.0,0.0,Present
ATT00328,EMP117,2025-10-04,08:44:00,17:35:00,7.8,0.0,Late
ATT00329,EMP120,2025-10-04,08:30:00,15:31:00,5.5,0.0,Early Departure
ATT00330,EMP121,2025-10-04,08:22:47,17:38:00,8.0,0.0,Present
ATT00331,EMP122,2025-10-04,08:21:53,17:49:00,8.0,0.0,Present
ATT00332,EMP123,2025-10-04,08:18:07,17:45:00,8.0,0.0,Present
ATT00333,EMP124,2025-10-04,08:32:02,17:41:00,8.0,0.0,Present
ATT00334,EMP126,2025-10-04,08:30:57,17:48:00,8.0,0.0,Present
ATT00335,EMP127,2025-10-04,08:30:11,17:46:00,8.0,0.0,Present
ATT00336,EMP128,2025-10-04,08:22:48,17:31:00,8.0,0.0,Present
ATT00337,EMP129,2025-10-04,08:28:30,17:31:00,8.0,0.0,Present
ATT00338,EMP130,2025-10-04,08:27:55,17:35:00,8.0,0.0,Present
ATT00339,EMP131,2025-10-04,08:18:44,17:40:00,8.0,0.0,Present
ATT00340,EMP132,2025-10-04,08:15:43,17:48:00,8.0,0.0,Present
ATT00341,EMP133,2025-10-04,08:26:39,17:35:00,8.0,0.0,Present
ATT00342,EMP134,2025-10-04,08:22:17,17:49:00,8.0,0.0,Present
ATT00343,EMP135,2025-10-04,08:20:31,17:43:00,8.0,0.0,Present
ATT00344,EMP136,2025-10-04,08:26:23,17:38:00,8.0,0.0,Present
ATT00345,EMP137,2025-10-04,08:33:08,17:37:00,8.0,0.0,Present
ATT00346,EMP138,2025-10-04,08:23:51,17:43:00,8.0,0.0,Present
ATT00347,EMP139,2025-10-04,08:21:09,17:34:00,8.0,0.0,Present
ATT00348,EMP141,2025-10-04,08:15:11,17:34:00,8.0,0.0,Present
ATT00349,EMP142,2025-10-04,,,0.0,0.0,Absent
ATT00350,EMP143,2025-10-04,08:31:34,17:45:00,8.0,0.0,Present
ATT00351,EMP144,2025-10-04,08:32:54,17:42:00,8.0,0.0,Present
ATT00352,EMP145,2025-10-04,08:20:03,17:38:00,8.0,0.0,Present
ATT00353,EMP146,2025-10-04,08:18:28,17:38:00,8.0,0.0,Present
ATT00354,EMP147,2025-10-04,08:32:35,17:38:00,8.0,0.0,Present
ATT00355,EMP148,2025-10-04,08:28:07,17:49:00,8.0,0.0,Present
ATT00356,EMP149,2025-10-04,08:33:41,17:35:00,8.0,0.0,Present
ATT00357,EMP151,2025-10-04,,,0.0,0.0,On Leave
ATT00358,EMP152,2025-10-04,08:25:43,17:44:00,8.0,0.0,Present
ATT00359,EMP153,2025-10-04,08:48:00,17:49:00,7.7,0.0,Late
ATT00360,EMP155,2025-10-04,08:19:55,20:13:00,10.0,2.0,Present
ATT00361,EMP156,2025-10-04,08:33:25,17:32:00,8.0,0.0,Present
ATT00362,EMP157,2025-10-04,08:25:14,17:50:00,8.0,0.0,Present
ATT00363,EMP158,2025-10-04,08:23:38,17:38:00,8.0,0.0,Present
ATT00364,EMP159,2025-10-04,08:47:00,17:53:00,7.7,0.0,Late
ATT00365,EMP160,2025-10-04,08:29:26,19:04:00,9.0,1.0,Present
ATT00366,EMP162,2025-10-04,08:23:47,17:32:00,8.0,0.0,Present
ATT00367,EMP163,2025-10-04,08:27:06,20:31:00,10.5,2.5,Present
ATT00368,EMP164,2025-10-04,08:27:33,17:32:00,8.0,0.0,Present
ATT00369,EMP165,2025-10-04,08:34:09,20:39:00,10.5,2.5,Present
ATT00370,EMP166,2025-10-04,08:24:28,17:34:00,8.0,0.0,Present
ATT00371,EMP167,2025-10-04,08:20:01,20:10:00,10.0,2.0,Present
ATT00372,EMP168,2025-10-04,08:29:55,17:38:00,8.0,0.0,Present
ATT00373,EMP169,2025-10-04,08:19:44,17:48:00,8.0,0.0,Present
ATT00374,EMP170,2025-10-04,08:33:27,17:50:00,8.0,0.0,Present
ATT00375,EMP171,2025-10-04,08:26:30,17:32:00,8.0,0.0,Present
ATT00376,EMP172,2025-10-04,08:26:26,17:39:00,8.0,0.0,Present
ATT00377,EMP173,2025-10-04,08:31:52,17:34:00,8.0,0.0,Present
ATT00378,EMP175,2025-10-04,08:30:34,20:45:00,10.5,2.5,Present
ATT00379,EMP176,2025-10-04,08:28:51,17:37:00,8.0,0.0,Present
ATT00380,EMP178,2025-10-04,08:32:23,20:42:00,10.5,2.5,Present
ATT00381,EMP179,2025-10-04,08:27:53,17:38:00,8.0,0.0,Present
ATT00382,EMP180,2025-10-04,08:22:33,17:49:00,8.0,0.0,Present
ATT00383,EMP181,2025-10-04,08:23:18,17:47:00,8.0,0.0,Present
ATT00384,EMP182,2025-10-04,08:28:12,17:35:00,8.0,0.0,Present
ATT00385,EMP183,2025-10-04,08:18:40,17:44:00,8.0,0.0,Present
ATT00386,EMP185,2025-10-04,08:34:31,19:04:00,9.0,1.0,Present
ATT00387,EMP186,2025-10-04,08:32:01,19:09:00,9.0,1.0,Present
ATT00388,EMP187,2025-10-04,08:29:46,19:04:00,9.0,1.0,Present
ATT00389,EMP188,2025-10-04,08:21:21,17:45:00,8.0,0.0,Present
ATT00390,EMP189,2025-10-04,,,0.0,0.0,Absent
ATT00391,EMP191,2025-10-04,08:16:21,19:31:00,9.5,1.5,Present
ATT00392,EMP192,2025-10-04,08:27:04,17:35:00,8.0,0.0,Present
ATT00393,EMP193,2025-10-04,08:23:52,17:30:00,8.0,0.0,Present
ATT00394,EMP194,2025-10-04,08:22:24,17:44:00,8.0,0.0,Present
ATT00395,EMP195,2025-10-04,08:16:12,17:33:00,8.0,0.0,Present
ATT00396,EMP196,2025-10-04,08:21:30,17:39:00,8.0,0.0,Present
ATT00397,EMP197,2025-10-04,08:41:00,17:50:00,7.8,0.0,Late
ATT00398,EMP198,2025-10-04,08:32:33,20:39:00,10.5,2.5,Present
ATT00399,EMP201,2025-10-04,08:16:55,17:33:00,8.0,0.0,Present
ATT00400,EMP202,2025-10-04,08:28:20,20:03:00,10.0,2.0,Present
ATT00401,EMP203,2025-10-04,08:22:00,17:48:00,8.0,0.0,Present
ATT00402,EMP204,2025-10-04,08:30:44,17:41:00,8.0,0.0,Present
ATT00403,EMP205,2025-10-04,08:22:10,17:49:00,8.0,0.0,Present
ATT00404,EMP206,2025-10-04,08:16:03,17:34:00,8.0,0.0,Present
ATT00405,EMP207,2025-10-04,08:18:08,17:40:00,8.0,0.0,Present
ATT00406,EMP208,2025-10-04,,,0.0,0.0,On Leave
ATT00407,EMP209,2025-10-04,08:26:51,17:36:00,8.0,0.0,Present
ATT00408,EMP210,2025-10-04,08:27:22,17:38:00,8.0,0.0,Present
ATT00409,EMP211,2025-10-04,08:51:00,17:52:00,7.7,0.0,Late
ATT00410,EMP212,2025-10-04,08:24:34,17:36:00,8.0,0.0,Present
ATT00411,EMP213,2025-10-04,08:32:22,17:44:00,8.0,0.0,Present
ATT00412,EMP214,2025-10-04,08:34:58,17:35:00,8.0,0.0,Present
ATT00413,EMP215,2025-10-04,08:19:28,17:38:00,8.0,0.0,Present
ATT00414,EMP216,2025-10-04,08:29:00,17:46:00,8.0,0.0,Present
ATT00415,EMP217,2025-10-04,08:20:56,20:07:00,10.0,2.0,Present
ATT00416,EMP218,2025-10-04,08:17:42,17:42:00,8.0,0.0,Present
ATT00417,EMP219,2025-10-04,08:30:49,17:49:00,8.0,0.0,Present
ATT00418,EMP220,2025-10-04,08:28:41,17:33:00,8.0,0.0,Present
ATT00419,EMP221,2025-10-04,08:17:02,17:34:00,8.0,0.0,Present
ATT00420,EMP222,2025-10-04,08:16:12,19:33:00,9.5,1.5,Present
ATT00421,EMP223,2025-10-04,08:27:42,17:49:00,8.0,0.0,Present
ATT00422,EMP224,2025-10-04,08:23:03,17:49:00,8.0,0.0,Present
ATT00423,EMP225,2025-10-04,08:15:59,17:50:00,8.0,0.0,Present
ATT00424,EMP226,2025-10-04,08:17:29,17:31:00,8.0,0.0,Present
ATT00425,EMP227,2025-10-04,08:28:52,17:31:00,8.0,0.0,Present
ATT00426,EMP228,2025-10-04,08:23:33,19:09:00,9.0,1.0,Present
ATT00427,EMP229,2025-10-04,08:21:33,19:42:00,9.5,1.5,Present
ATT00428,EMP230,2025-10-04,08:31:42,17:50:00,8.0,0.0,Present
ATT00429,EMP231,2025-10-04,08:28:00,16:47:00,6.5,0.0,Early Departure
ATT00430,EMP232,2025-10-04,08:33:22,17:43:00,8.0,0.0,Present
ATT00431,EMP233,2025-10-04,08:41:00,17:55:00,7.8,0.0,Late
ATT00432,EMP234,2025-10-04,08:27:32,17:35:00,8.0,0.0,Present
ATT00433,EMP235,2025-10-04,08:34:28,17:40:00,8.0,0.0,Present
ATT00434,EMP236,2025-10-04,08:25:54,17:50:00,8.0,0.0,Present
ATT00435,EMP237,2025-10-04,08:25:38,17:47:00,8.0,0.0,Present
ATT00436,EMP239,2025-10-04,08:32:59,17:41:00,8.0,0.0,Present
ATT00437,EMP240,2025-10-04,,,0.0,0.0,On Leave
ATT00438,EMP241,2025-10-04,08:27:00,17:39:00,8.0,0.0,Present
ATT00439,EMP242,2025-10-04,08:31:08,17:39:00,8.0,0.0,Present
ATT00440,EMP243,2025-10-04,08:22:13,17:30:00,8.0,0.0,Present
ATT00441,EMP244,2025-10-04,08:23:58,17:47:00,8.0,0.0,Present
ATT00442,EMP245,2025-10-04,08:33:09,20:41:00,10.5,2.5,Present
ATT00443,EMP246,2025-10-04,08:23:23,17:37:00,8.0,0.0,Present
ATT00444,EMP248,2025-10-04,08:24:05,17:48:00,8.0,0.0,Present
ATT00445,EMP249,2025-10-04,08:38:00,17:53:00,7.9,0.0,Late
ATT00446,EMP250,2025-10-04,08:30:11,17:48:00,8.0,0.0,Present
ATT00447,EMP001,2025-10-05,08:18:38,17:31:00,8.0,0.0,Present
ATT00448,EMP002,2025-10-05,08:33:24,19:10:00,9.0,1.0,Present
ATT00449,EMP003,2025-10-05,08:28:26,17:33:00,8.0,0.0,Present
ATT00450,EMP004,2025-10-05,08:22:47,17:49:00,8.0,0.0,Present
ATT00451,EMP005,2025-10-05,08:48:00,17:31:00,7.7,0.0,Late
ATT00452,EMP006,2025-10-05,08:16:20,17:34:00,8.0,0.0,Present
ATT00453,EMP007,2025-10-05,08:22:09,20:44:00,10.5,2.5,Present
ATT00454,EMP008,2025-10-05,08:33:32,20:39:00,10.5,2.5,Present
ATT00455,EMP009,2025-10-05,08:19:08,17:45:00,8.0,0.0,Present
ATT00456,EMP010,2025-10-05,08:16:35,17:32:00,8.0,0.0,Present
ATT00457,EMP011,2025-10-05,08:28:49,17:34:00,8.0,0.0,Present
ATT00458,EMP012,2025-10-05,08:21:31,17:48:00,8.0,0.0,Present
ATT00459,EMP013,2025-10-05,08:34:47,17:37:00,8.0,0.0,Present
ATT00460,EMP014,2025-10-05,08:28:20,17:48:00,8.0,0.0,Present
ATT00461,EMP015,2025-10-05,08:28:27,17:36:00,8.0,0.0,Present
ATT00462,EMP016,2025-10-05,08:34:41,20:05:00,10.0,2.0,Present
ATT00463,EMP019,2025-10-05,,,0.0,0.0,On Leave
ATT00464,EMP020,2025-10-05,08:29:39,19:07:00,9.0,1.0,Present
ATT00465,EMP021,2025-10-05,08:26:09,17:32:00,8.0,0.0,Present
ATT00466,EMP022,2025-10-05,08:16:15,17:34:00,8.0,0.0,Present
ATT00467,EMP023,2025-10-05,08:24:00,17:33:00,8.0,0.0,Present
ATT00468,EMP024,2025-10-05,08:30:01,17:47:00,8.0,0.0,Present
ATT00469,EMP025,2025-10-05,08:32:33,17:47:00,8.0,0.0,Present
ATT00470,EMP026,2025-10-05,08:19:44,17:30:00,8.0,0.0,Present
ATT00471,EMP027,2025-10-05,08:31:02,17:31:00,8.0,0.0,Present
ATT00472,EMP028,2025-10-05,08:34:17,19:02:00,9.0,1.0,Present
ATT00473,EMP029,2025-10-05,08:23:42,17:41:00,8.0,0.0,Present
ATT00474,EMP030,2025-10-05,08:15:18,17:50:00,8.0,0.0,Present
ATT00475,EMP031,2025-10-05,08:27:32,17:33:00,8.0,0.0,Present
ATT00476,EMP032,2025-10-05,08:51:00,17:49:00,7.7,0.0,Late
ATT00477,EMP035,2025-10-05,08:20:12,17:44:00,8.0,0.0,Present
ATT00478,EMP036,2025-10-05,08:15:02,17:46:00,8.0,0.0,Present
ATT00479,EMP037,2025-10-05,08:30:25,17:30:00,8.0,0.0,Present
ATT00480,EMP038,2025-10-05,08:26:22,17:37:00,8.0,0.0,Present
ATT00481,EMP040,2025-10-05,,,0.0,0.0,Absent
ATT00482,EMP041,2025-10-05,,,0.0,0.0,On Leave
ATT00483,EMP042,2025-10-05,08:16:40,17:42:00,8.0,0.0,Present
ATT00484,EMP043,2025-10-05,08:36:00,17:47:00,7.9,0.0,Late
ATT00485,EMP044,2025-10-05,08:23:00,15:21:00,5.5,0.0,Early Departure
ATT00486,EMP045,2025-10-05,08:40:00,17:32:00,7.8,0.0,Late
ATT00487,EMP046,2025-10-05,08:31:43,17:50:00,8.0,0.0,Present
ATT00488,EMP047,2025-10-05,08:28:15,17:43:00,8.0,0.0,Present
ATT00489,EMP048,2025-10-05,,,0.0,0.0,On Leave
ATT00490,EMP049,2025-10-05,08:46:00,17:44:00,7.7,0.0,Late
ATT00491,EMP050,2025-10-05,08:21:41,19:34:00,9.5,1.5,Present
ATT00492,EMP051,2025-10-05,08:31:58,19:35:00,9.5,1.5,Present
ATT00493,EMP052,2025-10-05,08:32:34,17:33:00,8.0,0.0,Present
ATT00494,EMP053,2025-10-05,08:19:46,20:13:00,10.0,2.0,Present
ATT00495,EMP054,2025-10-05,,,0.0,0.0,On Leave
ATT00496,EMP055,2025-10-05,08:23:09,17:33:00,8.0,0.0,Present
ATT00497,EMP056,2025-10-05,08:15:48,17:49:00,8.0,0.0,Present
ATT00498,EMP057,2025-10-05,08:33:39,17:37:00,8.0,0.0,Present
ATT00499,EMP058,2025-10-05,08:15:22,20:34:00,10.5,2.5,Present
ATT00500,EMP059,2025-10-05,08:34:30,17:41:00,8.0,0.0,Present
ATT00501,EMP060,2025-10-05,08:27:31,17:35:00,8.0,0.0,Present
ATT00502,EMP062,2025-10-05,08:16:26,17:30:00,8.0,0.0,Present
ATT00503,EMP063,2025-10-05,08:49:00,17:37:00,7.7,0.0,Late
ATT00504,EMP064,2025-10-05,08:21:48,17:35:00,8.0,0.0,Present
ATT00505,EMP065,2025-10-05,08:50:00,17:49:00,7.7,0.0,Late
ATT00506,EMP069,2025-10-05,08:25:55,17:37:00,8.0,0.0,Present
ATT00507,EMP070,2025-10-05,08:16:38,17:42:00,8.0,0.0,Present
ATT00508,EMP071,2025-10-05,08:27:39,17:48:00,8.0,0.0,Present
ATT00509,EMP072,2025-10-05,08:31:41,17:31:00,8.0,0.0,Present
ATT00510,EMP074,2025-10-05,08:29:29,17:31:00,8.0,0.0,Present
ATT00511,EMP075,2025-10-05,08:22:33,17:31:00,8.0,0.0,Present
ATT00512,EMP076,2025-10-05,08:31:48,17:31:00,8.0,0.0,Present
ATT00513,EMP077,2025-10-05,08:29:25,17:39:00,8.0,0.0,Present
ATT00514,EMP078,2025-10-05,08:28:18,17:31:00,8.0,0.0,Present
ATT00515,EMP079,2025-10-05,08:19:29,17:44:00,8.0,0.0,Present
ATT00516,EMP080,2025-10-05,08:31:07,19:42:00,9.5,1.5,Present
ATT00517,EMP083,2025-10-05,08:29:01,19:44:00,9.5,1.5,Present
ATT00518,EMP084,2025-10-05,08:25:44,17:35:00,8.0,0.0,Present
ATT00519,EMP085,2025-10-05,08:18:05,20:41:00,10.5,2.5,Present
ATT00520,EMP086,2025-10-05,08:27:46,17:46:00,8.0,0.0,Present
ATT00521,EMP087,2025-10-05,08:20:24,17:31:00,8.0,0.0,Present
ATT00522,EMP088,2025-10-05,08:25:36,17:34:00,8.0,0.0,Present
ATT00523,EMP089,2025-10-05,08:19:11,17:31:00,8.0,0.0,Present
ATT00524,EMP090,2025-10-05,08:24:46,17:44:00,8.0,0.0,Present
ATT00525,EMP091,2025-10-05,08:20:07,17:36:00,8.0,0.0,Present
ATT00526,EMP092,2025-10-05,08:23:00,17:45:00,8.0,0.0,Present
ATT00527,EMP093,2025-10-05,08:15:38,17:37:00,8.0,0.0,Present
ATT00528,EMP094,2025-10-05,08:30:29,17:32:00,8.0,0.0,Present
ATT00529,EMP095,2025-10-05,08:15:15,17:38:00,8.0,0.0,Present
ATT00530,EMP096,2025-10-05,08:32:52,17:31:00,8.0,0.0,Present
ATT00531,EMP097,2025-10-05,08:16:41,17:34:00,8.0,0.0,Present
ATT00532,EMP098,2025-10-05,08:33:53,17:40:00,8.0,0.0,Present
ATT00533,EMP099,2025-10-05,08:37:00,17:33:00,7.9,0.0,Late
ATT00534,EMP100,2025-10-05,08:20:10,17:49:00,8.0,0.0,Present
ATT00535,EMP101,2025-10-05,08:34:36,17:35:00,8.0,0.0,Present
ATT00536,EMP102,2025-10-05,,,0.0,0.0,On Leave
ATT00537,EMP103,2025-10-05,08:26:59,20:10:00,10.0,2.0,Present
ATT00538,EMP104,2025-10-05,08:27:52,20:32:00,10.5,2.5,Present
ATT00539,EMP105,2025-10-05,08:19:07,17:38:00,8.0,0.0,Present
ATT00540,EMP106,2025-10-05,08:28:33,17:36:00,8.0,0.0,Present
ATT00541,EMP107,2025-10-05,08:18:36,17:50:00,8.0,0.0,Present
ATT00542,EMP108,2025-10-05,08:17:30,17:49:00,8.0,0.0,Present
ATT00543,EMP109,2025-10-05,08:45:00,17:43:00,7.8,0.0,Late
ATT00544,EMP110,2025-10-05,08:25:16,17:49:00,8.0,0.0,Present
ATT00545,EMP111,2025-10-05,08:19:39,17:46:00,8.0,0.0,Present
ATT00546,EMP112,2025-10-05,08:30:31,17:49:00,8.0,0.0,Present
ATT00547,EMP113,2025-10-05,08:24:12,19:14:00,9.0,1.0,Present
ATT00548,EMP114,2025-10-05,08:18:47,17:49:00,8.0,0.0,Present
ATT00549,EMP115,2025-10-05,,,0.0,0.0,Absent
ATT00550,EMP116,2025-10-05,08:25:22,17:50:00,8.0,0.0,Present
ATT00551,EMP117,2025-10-05,08:21:44,17:32:00,8.0,0.0,Present
ATT00552,EMP120,2025-10-05,08:31:35,17:30:00,8.0,0.0,Present
ATT00553,EMP121,2025-10-05,08:25:21,17:48:00,8.0,0.0,Present
ATT00554,EMP122,2025-10-05,08:15:53,20:10:00,10.0,2.0,Present
ATT00555,EMP123,2025-10-05,08:51:00,17:45:00,7.7,0.0,Late
ATT00556,EMP124,2025-10-05,08:19:30,20:40:00,10.5,2.5,Present
ATT00557,EMP126,2025-10-05,08:28:59,17:46:00,8.0,0.0,Present
ATT00558,EMP127,2025-10-05,08:25:35,17:36:00,8.0,0.0,Present
ATT00559,EMP128,2025-10-05,08:25:51,17:41:00,8.0,0.0,Present
ATT00560,EMP129,2025-10-05,08:19:17,17:40:00,8.0,0.0,Present
ATT00561,EMP130,2025-10-05,,,0.0,0.0,On Leave
ATT00562,EMP131,2025-10-05,08:20:36,17:35:00,8.0,0.0,Present
ATT00563,EMP132,2025-10-05,08:24:45,17:31:00,8.0,0.0,Present
ATT00564,EMP133,2025-10-05,08:17:31,17:41:00,8.0,0.0,Present
ATT00565,EMP134,2025-10-05,08:24:13,17:35:00,8.0,0.0,Present
ATT00566,EMP135,2025-10-05,08:16:49,17:32:00,8.0,0.0,Present
ATT00567,EMP136,2025-10-05,08:15:51,17:46:00,8.0,0.0,Present
ATT00568,EMP137,2025-10-05,08:25:59,17:46:00,8.0,0.0,Present
ATT00569,EMP138,2025-10-05,08:25:09,17:33:00,8.0,0.0,Present
ATT00570,EMP139,2025-10-05,08:31:43,17:36:00,8.0,0.0,Present
ATT00571,EMP141,2025-10-05,08:29:24,17:46:00,8.0,0.0,Present
ATT00572,EMP142,2025-10-05,08:24:59,19:10:00,9.0,1.0,Present
ATT00573,EMP143,2025-10-05,08:16:06,17:39:00,8.0,0.0,Present
ATT00574,EMP144,2025-10-05,08:24:40,17:40:00,8.0,0.0,Present
ATT00575,EMP145,2025-10-05,08:24:17,17:44:00,8.0,0.0,Present
ATT00576,EMP146,2025-10-05,08:23:09,19:00:00,9.0,1.0,Present
ATT00577,EMP147,2025-10-05,08:28:00,15:13:00,5.5,0.0,Early Departure
ATT00578,EMP148,2025-10-05,08:32:20,17:39:00,8.0,0.0,Present
ATT00579,EMP149,2025-10-05,08:20:04,17:40:00,8.0,0.0,Present
ATT00580,EMP151,2025-10-05,08:16:08,19:03:00,9.0,1.0,Present
ATT00581,EMP152,2025-10-05,08:17:27,17:49:00,8.0,0.0,Present
ATT00582,EMP153,2025-10-05,08:50:00,17:49:00,7.7,0.0,Late
ATT00583,EMP155,2025-10-05,08:25:52,19:14:00,9.0,1.0,Present
ATT00584,EMP156,2025-10-05,08:17:52,17:44:00,8.0,0.0,Present
ATT00585,EMP157,2025-10-05,08:24:43,17:44:00,8.0,0.0,Present
ATT00586,EMP158,2025-10-05,08:22:09,17:49:00,8.0,0.0,Present
ATT00587,EMP159,2025-10-05,08:26:25,20:10:00,10.0,2.0,Present
ATT00588,EMP160,2025-10-05,08:15:04,17:41:00,8.0,0.0,Present
ATT00589,EMP162,2025-10-05,08:20:18,17:49:00,8.0,0.0,Present
ATT00590,EMP163,2025-10-05,08:31:06,17:33:00,8.0,0.0,Present
ATT00591,EMP164,2025-10-05,08:17:50,17:44:00,8.0,0.0,Present
ATT00592,EMP165,2025-10-05,08:28:15,17:47:00,8.0,0.0,Present
ATT00593,EMP166,2025-10-05,08:30:24,19:43:00,9.5,1.5,Present
ATT00594,EMP167,2025-10-05,08:28:36,17:47:00,8.0,0.0,Present
ATT00595,EMP168,2025-10-05,08:20:42,17:48:00,8.0,0.0,Present
ATT00596,EMP169,2025-10-05,08:18:37,17:40:00,8.0,0.0,Present
ATT00597,EMP170,2025-10-05,08:29:11,17:42:00,8.0,0.0,Present
ATT00598,EMP171,2025-10-05,08:18:43,17:42:00,8.0,0.0,Present
ATT00599,EMP172,2025-10-05,08:16:05,17:34:00,8.0,0.0,Present
ATT00600,EMP173,2025-10-05,08:36:00,17:54:00,7.9,0.0,Late
ATT00601,EMP175,2025-10-05,08:19:28,17:42:00,8.0,0.0,Present
ATT00602,EMP176,2025-10-05,08:29:12,17:40:00,8.0,0.0,Present
ATT00603,EMP178,2025-10-05,08:24:58,17:43:00,8.0,0.0,Present
ATT00604,EMP179,2025-10-05,08:26:05,17:49:00,8.0,0.0,Present
ATT00605,EMP180,2025-10-05,,,0.0,0.0,On Leave
ATT00606,EMP181,2025-10-05,08:19:54,17:41:00,8.0,0.0,Present
ATT00607,EMP182,2025-10-05,08:37:00,17:30:00,7.9,0.0,Late
ATT00608,EMP183,2025-10-05,08:26:07,17:30:00,8.0,0.0,Present
ATT00609,EMP185,2025-10-05,08:33:25,17:42:00,8.0,0.0,Present
ATT00610,EMP186,2025-10-05,08:28:34,17:35:00,8.0,0.0,Present
ATT00611,EMP187,2025-10-05,08:21:35,17:41:00,8.0,0.0,Present
ATT00612,EMP188,2025-10-05,08:19:18,17:34:00,8.0,0.0,Present
ATT00613,EMP189,2025-10-05,08:17:41,20:43:00,10.5,2.5,Present
ATT00614,EMP191,2025-10-05,,,0.0,0.0,On Leave
ATT00615,EMP192,2025-10-05,08:19:41,17:44:00,8.0,0.0,Present
ATT00616,EMP193,2025-10-05,08:55:00,17:43:00,7.6,0.0,Late
ATT00617,EMP194,2025-10-05,08:29:32,17:44:00,8.0,0.0,Present
ATT00618,EMP195,2025-10-05,08:22:11,17:30:00,8.0,0.0,Present
ATT00619,EMP196,2025-10-05,08:22:45,17:43:00,8.0,0.0,Present
ATT00620,EMP197,2025-10-05,08:54:00,17:41:00,7.6,0.0,Late
ATT00621,EMP198,2025-10-05,08:16:36,17:41:00,8.0,0.0,Present
ATT00622,EMP201,2025-10-05,08:30:44,20:14:00,10.0,2.0,Present
ATT00623,EMP202,2025-10-05,08:31:56,17:37:00,8.0,0.0,Present
ATT00624,EMP203,2025-10-05,08:17:43,17:48:00,8.0,0.0,Present
ATT00625,EMP204,2025-10-05,08:16:57,17:30:00,8.0,0.0,Present
ATT00626,EMP205,2025-10-05,08:31:57,17:40:00,8.0,0.0,Present
ATT00627,EMP206,2025-10-05,08:24:18,20:08:00,10.0,2.0,Present
ATT00628,EMP207,2025-10-05,08:30:37,19:09:00,9.0,1.0,Present
ATT00629,EMP208,2025-10-05,08:34:01,17:32:00,8.0,0.0,Present
ATT00630,EMP209,2025-10-05,08:17:54,17:38:00,8.0,0.0,Present
ATT00631,EMP210,2025-10-05,08:23:17,17:30:00,8.0,0.0,Present
ATT00632,EMP211,2025-10-05,08:34:11,17:34:00,8.0,0.0,Present
ATT00633,EMP212,2025-10-05,08:26:51,19:45:00,9.5,1.5,Present
ATT00634,EMP213,2025-10-05,08:31:55,19:04:00,9.0,1.0,Present
ATT00635,EMP214,2025-10-05,08:19:53,17:43:00,8.0,0.0,Present
ATT00636,EMP215,2025-10-05,08:22:42,17:50:00,8.0,0.0,Present
ATT00637,EMP216,2025-10-05,08:33:46,17:31:00,8.0,0.0,Present
ATT00638,EMP217,2025-10-05,08:18:03,20:45:00,10.5,2.5,Present
ATT00639,EMP218,2025-10-05,08:32:14,17:42:00,8.0,0.0,Present
ATT00640,EMP219,2025-10-05,08:19:33,17:30:00,8.0,0.0,Present
ATT00641,EMP220,2025-10-05,08:29:24,17:46:00,8.0,0.0,Present
ATT00642,EMP221,2025-10-05,08:16:06,17:50:00,8.0,0.0,Present
ATT00643,EMP222,2025-10-05,08:28:39,17:38:00,8.0,0.0,Present
ATT00644,EMP223,2025-10-05,08:23:51,20:44:00,10.5,2.5,Present
ATT00645,EMP224,2025-10-05,08:22:46,17:36:00,8.0,0.0,Present
ATT00646,EMP225,2025-10-05,08:20:20,17:30:00,8.0,0.0,Present
ATT00647,EMP226,2025-10-05,08:15:26,19:14:00,9.0,1.0,Present
ATT00648,EMP227,2025-10-05,08:24:16,19:02:00,9.0,1.0,Present
ATT00649,EMP228,2025-10-05,08:34:42,17:36:00,8.0,0.0,Present
ATT00650,EMP229,2025-10-05,08:30:00,15:45:00,5.5,0.0,Early Departure
ATT00651,EMP230,2025-10-05,08:21:00,15:24:00,5.5,0.0,Early Departure
ATT00652,EMP231,2025-10-05,08:33:51,17:33:00,8.0,0.0,Present
ATT00653,EMP232,2025-10-05,08:23:18,17:32:00,8.0,0.0,Present
ATT00654,EMP233,2025-10-05,08:23:49,17:40:00,8.0,0.0,Present
ATT00655,EMP234,2025-10-05,08:17:17,17:42:00,8.0,0.0,Present
ATT00656,EMP235,2025-10-05,08:16:16,17:38:00,8.0,0.0,Present
ATT00657,EMP236,2025-10-05,08:17:31,17:36:00,8.0,0.0,Present
ATT00658,EMP237,2025-10-05,08:20:41,17:34:00,8.0,0.0,Present
ATT00659,EMP239,2025-10-05,08:28:13,17:33:00,8.0,0.0,Present
ATT00660,EMP240,2025-10-05,08:44:00,17:33:00,7.8,0.0,Late
ATT00661,EMP241,2025-10-05,08:17:36,17:44:00,8.0,0.0,Present
ATT00662,EMP242,2025-10-05,08:30:09,17:30:00,8.0,0.0,Present
ATT00663,EMP243,2025-10-05,08:48:00,17:38:00,7.7,0.0,Late
ATT00664,EMP244,2025-10-05,08:25:57,17:30:00,8.0,0.0,Present
ATT00665,EMP245,2025-10-05,08:30:30,17:32:00,8.0,0.0,Present
ATT00666,EMP246,2025-10-05,08:15:24,17:45:00,8.0,0.0,Present
ATT00667,EMP248,2025-10-05,08:32:59,17:40:00,8.0,0.0,Present
ATT00668,EMP249,2025-10-05,08:27:03,17:50:00,8.0,0.0,Present
ATT00669,EMP250,2025-10-05,08:32:54,17:32:00,8.0,0.0,Present
ATT00670,EMP001,2025-10-06,08:24:41,17:47:00,8.0,0.0,Present
ATT00671,EMP002,2025-10-06,08:27:42,20:33:00,10.5,2.5,Present
ATT00672,EMP003,2025-10-06,08:26:31,20:36:00,10.5,2.5,Present
ATT00673,EMP004,2025-10-06,08:21:01,17:48:00,8.0,0.0,Present
ATT00674,EMP005,2025-10-06,08:27:04,17:50:00,8.0,0.0,Present
ATT00675,EMP006,2025-10-06,08:32:53,17:30:00,8.0,0.0,Present
ATT00676,EMP007,2025-10-06,08:16:21,17:31:00,8.0,0.0,Present
ATT00677,EMP008,2025-10-06,08:21:51,17:46:00,8.0,0.0,Present
ATT00678,EMP009,2025-10-06,08:32:09,17:37:00,8.0,0.0,Present
ATT00679,EMP010,2025-10-06,08:37:00,17:53:00,7.9,0.0,Late
ATT00680,EMP011,2025-10-06,08:15:30,17:49:00,8.0,0.0,Present
ATT00681,EMP012,2025-10-06,08:19:00,19:09:00,9.0,1.0,Present
ATT00682,EMP013,2025-10-06,08:18:29,17:48:00,8.0,0.0,Present
ATT00683,EMP014,2025-10-06,08:18:07,17:49:00,8.0,0.0,Present
ATT00684,EMP015,2025-10-06,08:21:27,17:42:00,8.0,0.0,Present
ATT00685,EMP016,2025-10-06,08:33:34,19:31:00,9.5,1.5,Present
ATT00686,EMP019,2025-10-06,08:25:04,19:43:00,9.5,1.5,Present
ATT00687,EMP020,2025-10-06,08:26:35,19:31:00,9.5,1.5,Present
ATT00688,EMP021,2025-10-06,08:34:24,17:30:00,8.0,0.0,Present
ATT00689,EMP022,2025-10-06,08:17:00,19:09:00,9.0,1.0,Present
ATT00690,EMP023,2025-10-06,08:30:44,19:38:00,9.5,1.5,Present
ATT00691,EMP024,2025-10-06,08:28:15,17:49:00,8.0,0.0,Present
ATT00692,EMP025,2025-10-06,08:34:11,17:49:00,8.0,0.0,Present
ATT00693,EMP026,2025-10-06,08:30:00,16:22:00,6.5,0.0,Early Departure
ATT00694,EMP027,2025-10-06,08:32:15,19:11:00,9.0,1.0,Present
ATT00695,EMP028,2025-10-06,08:32:32,17:50:00,8.0,0.0,Present
ATT00696,EMP029,2025-10-06,08:23:03,19:45:00,9.5,1.5,Present
ATT00697,EMP030,2025-10-06,08:20:42,17:31:00,8.0,0.0,Present
ATT00698,EMP031,2025-10-06,08:24:13,17:40:00,8.0,0.0,Present
ATT00699,EMP032,2025-10-06,08:29:02,19:05:00,9.0,1.0,Present
ATT00700,EMP035,2025-10-06,08:15:31,17:32:00,8.0,0.0,Present
ATT00701,EMP036,2025-10-06,08:50:00,17:48:00,7.7,0.0,Late
ATT00702,EMP037,2025-10-06,08:28:12,17:40:00,8.0,0.0,Present
ATT00703,EMP038,2025-10-06,08:18:20,17:37:00,8.0,0.0,Present
ATT00704,EMP040,2025-10-06,08:21:24,17:32:00,8.0,0.0,Present
ATT00705,EMP041,2025-10-06,08:30:03,17:34:00,8.0,0.0,Present
ATT00706,EMP042,2025-10-06,08:34:29,20:04:00,10.0,2.0,Present
ATT00707,EMP043,2025-10-06,08:21:40,17:38:00,8.0,0.0,Present
ATT00708,EMP044,2025-10-06,08:19:02,17:31:00,8.0,0.0,Present
ATT00709,EMP045,2025-10-06,08:18:54,17:43:00,8.0,0.0,Present
ATT00710,EMP046,2025-10-06,08:25:14,17:49:00,8.0,0.0,Present
ATT00711,EMP047,2025-10-06,08:34:57,19:32:00,9.5,1.5,Present
ATT00712,EMP048,2025-10-06,08:31:31,17:36:00,8.0,0.0,Present
ATT00713,EMP049,2025-10-06,08:29:17,20:37:00,10.5,2.5,Present
ATT00714,EMP050,2025-10-06,08:28:37,17:48:00,8.0,0.0,Present
ATT00715,EMP051,2025-10-06,08:29:00,15:26:00,5.5,0.0,Early Departure
ATT00716,EMP052,2025-10-06,,,0.0,0.0,On Leave
ATT00717,EMP053,2025-10-06,08:30:46,17:31:00,8.0,0.0,Present
ATT00718,EMP054,2025-10-06,08:27:30,17:33:00,8.0,0.0,Present
ATT00719,EMP055,2025-10-06,08:22:05,17:30:00,8.0,0.0,Present
ATT00720,EMP056,2025-10-06,08:28:13,20:07:00,10.0,2.0,Present
ATT00721,EMP057,2025-10-06,08:17:01,17:39:00,8.0,0.0,Present
ATT00722,EMP058,2025-10-06,08:29:54,17:48:00,8.0,0.0,Present
ATT00723,EMP059,2025-10-06,08:29:29,17:42:00,8.0,0.0,Present
ATT00724,EMP060,2025-10-06,08:26:40,17:50:00,8.0,0.0,Present
ATT00725,EMP062,2025-10-06,08:17:24,17:40:00,8.0,0.0,Present
ATT00726,EMP063,2025-10-06,08:24:27,17:49:00,8.0,0.0,Present
ATT00727,EMP064,2025-10-06,08:21:50,17:49:00,8.0,0.0,Present
ATT00728,EMP065,2025-10-06,08:37:00,17:46:00,7.9,0.0,Late
ATT00729,EMP069,2025-10-06,08:30:00,16:56:00,6.5,0.0,Early Departure
ATT00730,EMP070,2025-10-06,08:27:23,17:31:00,8.0,0.0,Present
ATT00731,EMP071,2025-10-06,08:20:41,17:32:00,8.0,0.0,Present
ATT00732,EMP072,2025-10-06,08:21:08,17:37:00,8.0,0.0,Present
ATT00733,EMP074,2025-10-06,08:30:47,17:48:00,8.0,0.0,Present
ATT00734,EMP075,2025-10-06,08:21:48,17:37:00,8.0,0.0,Present
ATT00735,EMP076,2025-10-06,08:23:32,17:38:00,8.0,0.0,Present
ATT00736,EMP077,2025-10-06,08:26:22,17:46:00,8.0,0.0,Present
ATT00737,EMP078,2025-10-06,08:18:30,17:47:00,8.0,0.0,Present
ATT00738,EMP079,2025-10-06,08:50:00,17:49:00,7.7,0.0,Late
ATT00739,EMP080,2025-10-06,08:17:12,17:44:00,8.0,0.0,Present
ATT00740,EMP083,2025-10-06,08:27:57,19:03:00,9.0,1.0,Present
ATT00741,EMP084,2025-10-06,08:18:44,19:36:00,9.5,1.5,Present
ATT00742,EMP085,2025-10-06,08:15:18,17:47:00,8.0,0.0,Present
ATT00743,EMP086,2025-10-06,08:51:00,17:41:00,7.7,0.0,Late
ATT00744,EMP087,2025-10-06,08:15:18,19:07:00,9.0,1.0,Present
ATT00745,EMP088,2025-10-06,08:31:41,17:48:00,8.0,0.0,Present
ATT00746,EMP089,2025-10-06,08:25:31,17:46:00,8.0,0.0,Present
ATT00747,EMP090,2025-10-06,08:29:29,17:34:00,8.0,0.0,Present
ATT00748,EMP091,2025-10-06,08:45:00,17:35:00,7.8,0.0,Late
ATT00749,EMP092,2025-10-06,08:22:30,17:39:00,8.0,0.0,Present
ATT00750,EMP093,2025-10-06,08:16:09,17:44:00,8.0,0.0,Present
ATT00751,EMP094,2025-10-06,08:29:00,15:45:00,5.5,0.0,Early Departure
ATT00752,EMP095,2025-10-06,08:20:11,17:34:00,8.0,0.0,Present
ATT00753,EMP096,2025-10-06,08:18:02,17:48:00,8.0,0.0,Present
ATT00754,EMP097,2025-10-06,08:23:23,19:10:00,9.0,1.0,Present
ATT00755,EMP098,2025-10-06,,,0.0,0.0,On Leave
ATT00756,EMP099,2025-10-06,08:29:34,17:47:00,8.0,0.0,Present
ATT00757,EMP100,2025-10-06,08:15:25,17:34:00,8.0,0.0,Present
ATT00758,EMP101,2025-10-06,08:25:00,15:00:00,5.5,0.0,Early Departure
ATT00759,EMP102,2025-10-06,,,0.0,0.0,On Leave
ATT00760,EMP103,2025-10-06,08:31:21,17:39:00,8.0,0.0,Present
ATT00761,EMP104,2025-10-06,08:24:48,17:48:00,8.0,0.0,Present
ATT00762,EMP105,2025-10-06,08:33:46,17:44:00,8.0,0.0,Present
ATT00763,EMP106,2025-10-06,08:18:46,17:31:00,8.0,0.0,Present
ATT00764,EMP107,2025-10-06,08:32:07,17:42:00,8.0,0.0,Present
ATT00765,EMP108,2025-10-06,08:22:28,17:40:00,8.0,0.0,Present
ATT00766,EMP109,2025-10-06,08:21:37,17:38:00,8.0,0.0,Present
ATT00767,EMP110,2025-10-06,08:17:34,17:32:00,8.0,0.0,Present
ATT00768,EMP111,2025-10-06,,,0.0,0.0,On Leave
ATT00769,EMP112,2025-10-06,08:30:20,17:46:00,8.0,0.0,Present
ATT00770,EMP113,2025-10-06,08:30:00,16:25:00,6.5,0.0,Early Departure
ATT00771,EMP114,2025-10-06,08:28:23,17:30:00,8.0,0.0,Present
ATT00772,EMP115,2025-10-06,08:26:19,17:47:00,8.0,0.0,Present
ATT00773,EMP116,2025-10-06,08:29:47,17:44:00,8.0,0.0,Present
ATT00774,EMP117,2025-10-06,08:28:46,17:34:00,8.0,0.0,Present
ATT00775,EMP120,2025-10-06,08:34:05,20:15:00,10.0,2.0,Present
ATT00776,EMP121,2025-10-06,,,0.0,0.0,On Leave
ATT00777,EMP122,2025-10-06,08:25:04,17:48:00,8.0,0.0,Present
ATT00778,EMP123,2025-10-06,08:17:00,17:38:00,8.0,0.0,Present
ATT00779,EMP124,2025-10-06,08:32:29,17:34:00,8.0,0.0,Present
ATT00780,EMP126,2025-10-06,08:27:18,17:31:00,8.0,0.0,Present
ATT00781,EMP127,2025-10-06,08:24:53,17:45:00,8.0,0.0,Present
ATT00782,EMP128,2025-10-06,08:29:14,19:04:00,9.0,1.0,Present
ATT00783,EMP129,2025-10-06,08:30:07,17:39:00,8.0,0.0,Present
ATT00784,EMP130,2025-10-06,08:30:58,17:37:00,8.0,0.0,Present
ATT00785,EMP131,2025-10-06,08:23:31,17:32:00,8.0,0.0,Present
ATT00786,EMP132,2025-10-06,08:26:37,17:43:00,8.0,0.0,Present
ATT00787,EMP133,2025-10-06,08:30:44,17:41:00,8.0,0.0,Present
ATT00788,EMP134,2025-10-06,08:33:01,17:35:00,8.0,0.0,Present
ATT00789,EMP135,2025-10-06,08:19:20,17:34:00,8.0,0.0,Present
ATT00790,EMP136,2025-10-06,08:16:17,17:50:00,8.0,0.0,Present
ATT00791,EMP137,2025-10-06,08:47:00,17:31:00,7.7,0.0,Late
ATT00792,EMP138,2025-10-06,08:31:40,17:46:00,8.0,0.0,Present
ATT00793,EMP139,2025-10-06,08:20:48,19:40:00,9.5,1.5,Present
ATT00794,EMP141,2025-10-06,08:24:17,17:41:00,8.0,0.0,Present
ATT00795,EMP142,2025-10-06,08:33:22,17:30:00,8.0,0.0,Present
ATT00796,EMP143,2025-10-06,08:24:23,17:43:00,8.0,0.0,Present
ATT00797,EMP144,2025-10-06,08:20:06,17:46:00,8.0,0.0,Present
ATT00798,EMP145,2025-10-06,08:21:50,17:49:00,8.0,0.0,Present
ATT00799,EMP146,2025-10-06,08:31:54,17:47:00,8.0,0.0,Present
ATT00800,EMP147,2025-10-06,08:18:26,17:32:00,8.0,0.0,Present
ATT00801,EMP148,2025-10-06,08:19:59,20:09:00,10.0,2.0,Present
ATT00802,EMP149,2025-10-06,08:19:52,17:49:00,8.0,0.0,Present
ATT00803,EMP151,2025-10-06,08:25:11,17:30:00,8.0,0.0,Present
ATT00804,EMP152,2025-10-06,08:18:14,19:37:00,9.5,1.5,Present
ATT00805,EMP153,2025-10-06,08:21:08,17:43:00,8.0,0.0,Present
ATT00806,EMP155,2025-10-06,08:18:04,20:43:00,10.5,2.5,Present
ATT00807,EMP156,2025-10-06,08:18:02,17:46:00,8.0,0.0,Present
ATT00808,EMP157,2025-10-06,08:30:07,17:31:00,8.0,0.0,Present
ATT00809,EMP158,2025-10-06,08:15:48,19:06:00,9.0,1.0,Present
ATT00810,EMP159,2025-10-06,08:21:11,17:30:00,8.0,0.0,Present
ATT00811,EMP160,2025-10-06,08:23:37,17:35:00,8.0,0.0,Present
ATT00812,EMP162,2025-10-06,08:34:15,17:32:00,8.0,0.0,Present
ATT00813,EMP163,2025-10-06,08:33:48,19:36:00,9.5,1.5,Present
ATT00814,EMP164,2025-10-06,,,0.0,0.0,On Leave
ATT00815,EMP165,2025-10-06,08:32:00,17:33:00,8.0,0.0,Present
ATT00816,EMP166,2025-10-06,08:52:00,17:52:00,7.6,0.0,Late
ATT00817,EMP167,2025-10-06,08:33:11,17:33:00,8.0,0.0,Present
ATT00818,EMP168,2025-10-06,08:26:24,17:46:00,8.0,0.0,Present
ATT00819,EMP169,2025-10-06,08:18:48,17:33:00,8.0,0.0,Present
ATT00820,EMP170,2025-10-06,08:31:08,17:41:00,8.0,0.0,Present
ATT00821,EMP171,2025-10-06,08:32:46,20:15:00,10.0,2.0,Present
ATT00822,EMP172,2025-10-06,08:24:29,17:39:00,8.0,0.0,Present
ATT00823,EMP173,2025-10-06,08:29:14,17:39:00,8.0,0.0,Present
ATT00824,EMP175,2025-10-06,,,0.0,0.0,On Leave
ATT00825,EMP176,2025-10-06,08:17:57,17:45:00,8.0,0.0,Present
ATT00826,EMP178,2025-10-06,08:47:00,17:35:00,7.7,0.0,Late
ATT00827,EMP179,2025-10-06,08:30:43,20:32:00,10.5,2.5,Present
ATT00828,EMP180,2025-10-06,08:27:25,17:33:00,8.0,0.0,Present
ATT00829,EMP181,2025-10-06,08:20:04,17:36:00,8.0,0.0,Present
ATT00830,EMP182,2025-10-06,08:34:54,17:33:00,8.0,0.0,Present
ATT00831,EMP183,2025-10-06,08:28:46,17:48:00,8.0,0.0,Present
ATT00832,EMP185,2025-10-06,08:27:22,17:49:00,8.0,0.0,Present
ATT00833,EMP186,2025-10-06,08:27:00,16:09:00,6.5,0.0,Early Departure
ATT00834,EMP187,2025-10-06,08:18:07,17:45:00,8.0,0.0,Present
ATT00835,EMP188,2025-10-06,08:19:01,19:02:00,9.0,1.0,Present
ATT00836,EMP189,2025-10-06,08:15:11,17:40:00,8.0,0.0,Present
ATT00837,EMP191,2025-10-06,08:34:39,19:15:00,9.0,1.0,Present
ATT00838,EMP192,2025-10-06,08:21:18,17:45:00,8.0,0.0,Present
ATT00839,EMP193,2025-10-06,08:32:21,17:47:00,8.0,0.0,Present
ATT00840,EMP194,2025-10-06,08:16:27,17:33:00,8.0,0.0,Present
ATT00841,EMP195,2025-10-06,08:25:54,17:44:00,8.0,0.0,Present
ATT00842,EMP196,2025-10-06,08:20:35,17:39:00,8.0,0.0,Present
ATT00843,EMP197,2025-10-06,08:41:00,17:45:00,7.8,0.0,Late
ATT00844,EMP198,2025-10-06,08:24:45,17:33:00,8.0,0.0,Present
ATT00845,EMP201,2025-10-06,08:30:42,17:47:00,8.0,0.0,Present
ATT00846,EMP202,2025-10-06,08:30:35,17:46:00,8.0,0.0,Present
ATT00847,EMP203,2025-10-06,08:23:31,17:42:00,8.0,0.0,Present
ATT00848,EMP204,2025-10-06,08:26:49,17:40:00,8.0,0.0,Present
ATT00849,EMP205,2025-10-06,08:33:02,20:11:00,10.0,2.0,Present
ATT00850,EMP206,2025-10-06,08:33:01,17:50:00,8.0,0.0,Present
ATT00851,EMP207,2025-10-06,08:18:27,17:41:00,8.0,0.0,Present
ATT00852,EMP208,2025-10-06,08:16:42,17:37:00,8.0,0.0,Present
ATT00853,EMP209,2025-10-06,08:33:05,17:32:00,8.0,0.0,Present
ATT00854,EMP210,2025-10-06,08:18:21,20:01:00,10.0,2.0,Present
ATT00855,EMP211,2025-10-06,08:28:36,17:43:00,8.0,0.0,Present
ATT00856,EMP212,2025-10-06,08:30:37,20:12:00,10.0,2.0,Present
ATT00857,EMP213,2025-10-06,08:25:36,20:33:00,10.5,2.5,Present
ATT00858,EMP214,2025-10-06,08:21:21,17:40:00,8.0,0.0,Present
ATT00859,EMP215,2025-10-06,08:24:23,17:36:00,8.0,0.0,Present
ATT00860,EMP216,2025-10-06,08:17:53,17:36:00,8.0,0.0,Present
ATT00861,EMP217,2025-10-06,08:16:19,17:42:00,8.0,0.0,Present
ATT00862,EMP218,2025-10-06,08:34:47,17:48:00,8.0,0.0,Present
ATT00863,EMP219,2025-10-06,08:25:17,20:43:00,10.5,2.5,Present
ATT00864,EMP220,2025-10-06,08:17:41,17:46:00,8.0,0.0,Present
ATT00865,EMP221,2025-10-06,08:28:42,17:36:00,8.0,0.0,Present
ATT00866,EMP222,2025-10-06,08:23:39,17:47:00,8.0,0.0,Present
ATT00867,EMP223,2025-10-06,08:15:40,17:35:00,8.0,0.0,Present
ATT00868,EMP224,2025-10-06,08:21:42,17:44:00,8.0,0.0,Present
ATT00869,EMP225,2025-10-06,08:32:51,17:43:00,8.0,0.0,Present
ATT00870,EMP226,2025-10-06,08:37:00,17:46:00,7.9,0.0,Late
ATT00871,EMP227,2025-10-06,08:29:09,17:39:00,8.0,0.0,Present
ATT00872,EMP228,2025-10-06,08:28:20,17:32:00,8.0,0.0,Present
ATT00873,EMP229,2025-10-06,08:28:17,17:50:00,8.0,0.0,Present
ATT00874,EMP230,2025-10-06,08:34:15,17:33:00,8.0,0.0,Present
ATT00875,EMP231,2025-10-06,08:15:15,17:39:00,8.0,0.0,Present
ATT00876,EMP232,2025-10-06,08:32:27,17:31:00,8.0,0.0,Present
ATT00877,EMP233,2025-10-06,08:23:08,20:05:00,10.0,2.0,Present
ATT00878,EMP234,2025-10-06,08:16:46,17:30:00,8.0,0.0,Present
ATT00879,EMP235,2025-10-06,08:17:20,17:32:00,8.0,0.0,Present
ATT00880,EMP236,2025-10-06,08:49:00,17:41:00,7.7,0.0,Late
ATT00881,EMP237,2025-10-06,08:17:25,17:34:00,8.0,0.0,Present
ATT00882,EMP239,2025-10-06,08:33:47,17:33:00,8.0,0.0,Present
ATT00883,EMP240,2025-10-06,08:33:49,17:38:00,8.0,0.0,Present
ATT00884,EMP241,2025-10-06,08:17:15,17:40:00,8.0,0.0,Present
ATT00885,EMP242,2025-10-06,08:33:47,17:37:00,8.0,0.0,Present
ATT00886,EMP243,2025-10-06,08:42:00,17:34:00,7.8,0.0,Late
ATT00887,EMP244,2025-10-06,08:21:17,17:38:00,8.0,0.0,Present
ATT00888,EMP245,2025-10-06,08:16:31,17:33:00,8.0,0.0,Present
ATT00889,EMP246,2025-10-06,08:28:30,17:38:00,8.0,0.0,Present
ATT00890,EMP248,2025-10-06,08:19:23,17:41:00,8.0,0.0,Present
ATT00891,EMP249,2025-10-06,08:15:41,17:49:00,8.0,0.0,Present
ATT00892,EMP250,2025-10-06,08:16:44,17:37:00,8.0,0.0,Present
ATT00893,EMP001,2025-10-07,08:27:19,17:41:00,8.0,0.0,Present
ATT00894,EMP002,2025-10-07,08:39:00,17:47:00,7.8,0.0,Late
ATT00895,EMP003,2025-10-07,08:29:24,20:38:00,10.5,2.5,Present
ATT00896,EMP004,2025-10-07,08:22:19,17:35:00,8.0,0.0,Present
ATT00897,EMP005,2025-10-07,08:46:00,17:55:00,7.7,0.0,Late
ATT00898,EMP006,2025-10-07,08:28:50,19:15:00,9.0,1.0,Present
ATT00899,EMP007,2025-10-07,08:28:59,17:43:00,8.0,0.0,Present
ATT00900,EMP008,2025-10-07,08:18:52,20:02:00,10.0,2.0,Present
ATT00901,EMP009,2025-10-07,08:34:46,17:40:00,8.0,0.0,Present
ATT00902,EMP010,2025-10-07,08:15:48,19:44:00,9.5,1.5,Present
ATT00903,EMP011,2025-10-07,08:19:00,17:50:00,8.0,0.0,Present
ATT00904,EMP012,2025-10-07,08:33:05,19:34:00,9.5,1.5,Present
ATT00905,EMP013,2025-10-07,08:28:50,17:44:00,8.0,0.0,Present
ATT00906,EMP014,2025-10-07,08:19:16,20:09:00,10.0,2.0,Present
ATT00907,EMP015,2025-10-07,08:28:23,20:37:00,10.5,2.5,Present
ATT00908,EMP016,2025-10-07,08:15:59,17:49:00,8.0,0.0,Present
ATT00909,EMP019,2025-10-07,08:17:29,19:31:00,9.5,1.5,Present
ATT00910,EMP020,2025-10-07,08:28:38,17:32:00,8.0,0.0,Present
ATT00911,EMP021,2025-10-07,08:22:00,15:00:00,5.5,0.0,Early Departure
ATT00912,EMP022,2025-10-07,08:28:49,17:44:00,8.0,0.0,Present
ATT00913,EMP023,2025-10-07,08:30:07,17:36:00,8.0,0.0,Present
ATT00914,EMP024,2025-10-07,08:23:18,17:42:00,8.0,0.0,Present
ATT00915,EMP025,2025-10-07,08:21:38,17:39:00,8.0,0.0,Present
ATT00916,EMP026,2025-10-07,08:21:26,19:30:00,9.5,1.5,Present
ATT00917,EMP027,2025-10-07,08:23:15,17:37:00,8.0,0.0,Present
ATT00918,EMP028,2025-10-07,08:29:05,19:40:00,9.5,1.5,Present
ATT00919,EMP029,2025-10-07,,,0.0,0.0,On Leave
ATT00920,EMP030,2025-10-07,08:21:45,17:43:00,8.0,0.0,Present
ATT00921,EMP031,2025-10-07,08:23:04,19:01:00,9.0,1.0,Present
ATT00922,EMP032,2025-10-07,08:22:30,17:49:00,8.0,0.0,Present
ATT00923,EMP035,2025-10-07,08:55:00,17:52:00,7.6,0.0,Late
ATT00924,EMP036,2025-10-07,08:16:00,17:49:00,8.0,0.0,Present
ATT00925,EMP037,2025-10-07,08:27:42,17:47:00,8.0,0.0,Present
ATT00926,EMP038,2025-10-07,08:20:16,20:40:00,10.5,2.5,Present
ATT00927,EMP040,2025-10-07,08:19:05,17:46:00,8.0,0.0,Present
ATT00928,EMP041,2025-10-07,08:23:07,17:34:00,8.0,0.0,Present
ATT00929,EMP042,2025-10-07,08:23:47,17:43:00,8.0,0.0,Present
ATT00930,EMP043,2025-10-07,08:23:39,17:38:00,8.0,0.0,Present
ATT00931,EMP044,2025-10-07,08:28:57,20:34:00,10.5,2.5,Present
ATT00932,EMP045,2025-10-07,08:29:03,19:07:00,9.0,1.0,Present
ATT00933,EMP046,2025-10-07,08:30:16,20:43:00,10.5,2.5,Present
ATT00934,EMP047,2025-10-07,08:30:02,17:47:00,8.0,0.0,Present
ATT00935,EMP048,2025-10-07,08:30:07,17:34:00,8.0,0.0,Present
ATT00936,EMP049,2025-10-07,08:17:13,17:35:00,8.0,0.0,Present
ATT00937,EMP050,2025-10-07,08:31:52,17:48:00,8.0,0.0,Present
ATT00938,EMP051,2025-10-07,08:15:33,17:35:00,8.0,0.0,Present
ATT00939,EMP052,2025-10-07,08:17:15,17:33:00,8.0,0.0,Present
ATT00940,EMP053,2025-10-07,08:36:00,17:39:00,7.9,0.0,Late
ATT00941,EMP054,2025-10-07,08:18:25,17:33:00,8.0,0.0,Present
ATT00942,EMP055,2025-10-07,08:19:01,20:44:00,10.5,2.5,Present
ATT00943,EMP056,2025-10-07,08:23:38,17:40:00,8.0,0.0,Present
ATT00944,EMP057,2025-10-07,,,0.0,0.0,On Leave
ATT00945,EMP058,2025-10-07,08:29:20,17:48:00,8.0,0.0,Present
ATT00946,EMP059,2025-10-07,08:16:51,17:40:00,8.0,0.0,Present
ATT00947,EMP060,2025-10-07,08:17:35,17:42:00,8.0,0.0,Present
ATT00948,EMP062,2025-10-07,08:23:11,17:42:00,8.0,0.0,Present
ATT00949,EMP063,2025-10-07,08:21:10,17:42:00,8.0,0.0,Present
ATT00950,EMP064,2025-10-07,08:19:07,17:43:00,8.0,0.0,Present
ATT00951,EMP065,2025-10-07,08:24:57,17:34:00,8.0,0.0,Present
ATT00952,EMP069,2025-10-07,08:18:53,17:36:00,8.0,0.0,Present
ATT00953,EMP070,2025-10-07,08:27:30,17:49:00,8.0,0.0,Present
ATT00954,EMP071,2025-10-07,08:28:51,17:35:00,8.0,0.0,Present
ATT00955,EMP072,2025-10-07,08:28:05,20:14:00,10.0,2.0,Present
ATT00956,EMP074,2025-10-07,08:19:59,17:50:00,8.0,0.0,Present
ATT00957,EMP075,2025-10-07,08:17:18,17:32:00,8.0,0.0,Present
ATT00958,EMP076,2025-10-07,08:51:00,17:39:00,7.7,0.0,Late
ATT00959,EMP077,2025-10-07,08:19:43,17:37:00,8.0,0.0,Present
ATT00960,EMP078,2025-10-07,08:24:36,19:01:00,9.0,1.0,Present
ATT00961,EMP079,2025-10-07,08:31:27,17:44:00,8.0,0.0,Present
ATT00962,EMP080,2025-10-07,08:33:52,17:38:00,8.0,0.0,Present
ATT00963,EMP083,2025-10-07,08:31:01,20:35:00,10.5,2.5,Present
ATT00964,EMP084,2025-10-07,08:27:02,20:10:00,10.0,2.0,Present
ATT00965,EMP085,2025-10-07,08:29:48,17:49:00,8.0,0.0,Present
ATT00966,EMP086,2025-10-07,08:25:58,17:35:00,8.0,0.0,Present
ATT00967,EMP087,2025-10-07,08:17:47,17:38:00,8.0,0.0,Present
ATT00968,EMP088,2025-10-07,08:18:27,17:30:00,8.0,0.0,Present
ATT00969,EMP089,2025-10-07,08:15:10,17:44:00,8.0,0.0,Present
ATT00970,EMP090,2025-10-07,08:34:46,17:49:00,8.0,0.0,Present
ATT00971,EMP091,2025-10-07,08:34:23,17:42:00,8.0,0.0,Present
ATT00972,EMP092,2025-10-07,08:17:08,19:33:00,9.5,1.5,Present
ATT00973,EMP093,2025-10-07,08:21:54,20:34:00,10.5,2.5,Present
ATT00974,EMP094,2025-10-07,08:28:53,17:47:00,8.0,0.0,Present
ATT00975,EMP095,2025-10-07,08:24:49,17:45:00,8.0,0.0,Present
ATT00976,EMP096,2025-10-07,08:18:10,17:44:00,8.0,0.0,Present
ATT00977,EMP097,2025-10-07,,,0.0,0.0,On Leave
ATT00978,EMP098,2025-10-07,08:29:37,17:39:00,8.0,0.0,Present
ATT00979,EMP099,2025-10-07,08:27:03,17:33:00,8.0,0.0,Present
ATT00980,EMP100,2025-10-07,08:28:26,17:48:00,8.0,0.0,Present
ATT00981,EMP101,2025-10-07,08:32:18,20:45:00,10.5,2.5,Present
ATT00982,EMP102,2025-10-07,08:34:59,17:45:00,8.0,0.0,Present
ATT00983,EMP103,2025-10-07,08:16:33,20:02:00,10.0,2.0,Present
ATT00984,EMP104,2025-10-07,08:28:56,17:45:00,8.0,0.0,Present
ATT00985,EMP105,2025-10-07,08:26:28,17:30:00,8.0,0.0,Present
ATT00986,EMP106,2025-10-07,08:21:30,17:37:00,8.0,0.0,Present
ATT00987,EMP107,2025-10-07,08:33:58,17:49:00,8.0,0.0,Present
ATT00988,EMP108,2025-10-07,08:29:08,17:42:00,8.0,0.0,Present
ATT00989,EMP109,2025-10-07,08:30:00,16:50:00,6.5,0.0,Early Departure
ATT00990,EMP110,2025-10-07,08:20:39,17:32:00,8.0,0.0,Present
ATT00991,EMP111,2025-10-07,08:19:11,20:33:00,10.5,2.5,Present
ATT00992,EMP112,2025-10-07,08:30:19,17:47:00,8.0,0.0,Present
ATT00993,EMP113,2025-10-07,08:15:22,17:41:00,8.0,0.0,Present
ATT00994,EMP114,2025-10-07,08:20:52,17:46:00,8.0,0.0,Present
ATT00995,EMP115,2025-10-07,08:17:21,17:49:00,8.0,0.0,Present
ATT00996,EMP116,2025-10-07,08:32:14,17:40:00,8.0,0.0,Present
ATT00997,EMP117,2025-10-07,08:16:49,17:38:00,8.0,0.0,Present
ATT00998,EMP120,2025-10-07,08:52:00,17:49:00,7.6,0.0,Late
ATT00999,EMP121,2025-10-07,08:16:59,17:44:00,8.0,0.0,Present
ATT01000,EMP122,2025-10-07,,,0.0,0.0,On Leave
ATT01001,EMP123,2025-10-07,08:18:50,17:33:00,8.0,0.0,Present
ATT01002,EMP124,2025-10-07,08:16:32,19:06:00,9.0,1.0,Present
ATT01003,EMP126,2025-10-07,08:41:00,17:53:00,7.8,0.0,Late
ATT01004,EMP127,2025-10-07,08:29:48,17:33:00,8.0,0.0,Present
ATT01005,EMP128,2025-10-07,08:26:21,17:33:00,8.0,0.0,Present
ATT01006,EMP129,2025-10-07,08:29:26,17:30:00,8.0,0.0,Present
ATT01007,EMP130,2025-10-07,08:30:21,17:35:00,8.0,0.0,Present
ATT01008,EMP131,2025-10-07,08:26:45,17:41:00,8.0,0.0,Present
ATT01009,EMP132,2025-10-07,08:22:09,17:46:00,8.0,0.0,Present
ATT01010,EMP133,2025-10-07,08:22:08,17:43:00,8.0,0.0,Present
ATT01011,EMP134,2025-10-07,08:50:00,17:46:00,7.7,0.0,Late
ATT01012,EMP135,2025-10-07,08:26:01,17:30:00,8.0,0.0,Present
ATT01013,EMP136,2025-10-07,08:31:04,20:12:00,10.0,2.0,Present
ATT01014,EMP137,2025-10-07,,,0.0,0.0,On Leave
ATT01015,EMP138,2025-10-07,08:16:25,17:50:00,8.0,0.0,Present
ATT01016,EMP139,2025-10-07,08:33:03,17:46:00,8.0,0.0,Present
ATT01017,EMP141,2025-10-07,,,0.0,0.0,On Leave
ATT01018,EMP142,2025-10-07,08:32:55,17:40:00,8.0,0.0,Present
ATT01019,EMP143,2025-10-07,08:36:00,17:38:00,7.9,0.0,Late
ATT01020,EMP144,2025-10-07,08:55:00,17:34:00,7.6,0.0,Late
ATT01021,EMP145,2025-10-07,08:29:41,17:47:00,8.0,0.0,Present
ATT01022,EMP146,2025-10-07,08:34:41,17:41:00,8.0,0.0,Present
ATT01023,EMP147,2025-10-07,08:48:00,17:54:00,7.7,0.0,Late
ATT01024,EMP148,2025-10-07,08:24:05,20:12:00,10.0,2.0,Present
ATT01025,EMP149,2025-10-07,08:19:33,17:39:00,8.0,0.0,Present
ATT01026,EMP151,2025-10-07,08:31:35,17:40:00,8.0,0.0,Present
ATT01027,EMP152,2025-10-07,08:20:01,20:07:00,10.0,2.0,Present
ATT01028,EMP153,2025-10-07,08:24:46,17:46:00,8.0,0.0,Present
ATT01029,EMP155,2025-10-07,08:16:53,17:50:00,8.0,0.0,Present
ATT01030,EMP156,2025-10-07,08:18:03,17:33:00,8.0,0.0,Present
ATT01031,EMP157,2025-10-07,08:33:47,20:07:00,10.0,2.0,Present
ATT01032,EMP158,2025-10-07,08:33:36,17:50:00,8.0,0.0,Present
ATT01033,EMP159,2025-10-07,08:34:14,17:39:00,8.0,0.0,Present
ATT01034,EMP160,2025-10-07,08:33:43,20:37:00,10.5,2.5,Present
ATT01035,EMP162,2025-10-07,08:31:37,20:14:00,10.0,2.0,Present
ATT01036,EMP163,2025-10-07,08:28:53,17:32:00,8.0,0.0,Present
ATT01037,EMP164,2025-10-07,08:19:30,17:32:00,8.0,0.0,Present
ATT01038,EMP165,2025-10-07,08:31:25,17:46:00,8.0,0.0,Present
ATT01039,EMP166,2025-10-07,08:23:37,17:43:00,8.0,0.0,Present
ATT01040,EMP167,2025-10-07,,,0.0,0.0,Absent
ATT01041,EMP168,2025-10-07,08:30:46,17:35:00,8.0,0.0,Present
ATT01042,EMP169,2025-10-07,08:19:31,17:34:00,8.0,0.0,Present
ATT01043,EMP170,2025-10-07,,,0.0,0.0,On Leave
ATT01044,EMP171,2025-10-07,08:31:07,17:44:00,8.0,0.0,Present
ATT01045,EMP172,2025-10-07,08:20:35,17:33:00,8.0,0.0,Present
ATT01046,EMP173,2025-10-07,08:28:07,20:01:00,10.0,2.0,Present
ATT01047,EMP175,2025-10-07,08:18:23,17:41:00,8.0,0.0,Present
ATT01048,EMP176,2025-10-07,08:30:01,17:34:00,8.0,0.0,Present
ATT01049,EMP178,2025-10-07,08:28:03,17:39:00,8.0,0.0,Present
ATT01050,EMP179,2025-10-07,08:42:00,17:35:00,7.8,0.0,Late
ATT01051,EMP180,2025-10-07,08:30:00,20:02:00,10.0,2.0,Present
ATT01052,EMP181,2025-10-07,08:28:30,17:48:00,8.0,0.0,Present
ATT01053,EMP182,2025-10-07,08:25:50,17:49:00,8.0,0.0,Present
ATT01054,EMP183,2025-10-07,08:19:32,17:44:00,8.0,0.0,Present
ATT01055,EMP185,2025-10-07,08:19:55,17:32:00,8.0,0.0,Present
ATT01056,EMP186,2025-10-07,08:34:26,17:42:00,8.0,0.0,Present
ATT01057,EMP187,2025-10-07,08:16:42,17:38:00,8.0,0.0,Present
ATT01058,EMP188,2025-10-07,08:20:45,20:03:00,10.0,2.0,Present
ATT01059,EMP189,2025-10-07,08:17:12,17:47:00,8.0,0.0,Present
ATT01060,EMP191,2025-10-07,08:16:36,17:45:00,8.0,0.0,Present
ATT01061,EMP192,2025-10-07,08:15:07,17:47:00,8.0,0.0,Present
ATT01062,EMP193,2025-10-07,08:15:17,17:37:00,8.0,0.0,Present
ATT01063,EMP194,2025-10-07,08:33:28,20:12:00,10.0,2.0,Present
ATT01064,EMP195,2025-10-07,08:30:55,17:40:00,8.0,0.0,Present
ATT01065,EMP196,2025-10-07,08:28:01,17:40:00,8.0,0.0,Present
ATT01066,EMP197,2025-10-07,08:17:07,17:47:00,8.0,0.0,Present
ATT01067,EMP198,2025-10-07,08:19:11,17:32:00,8.0,0.0,Present
ATT01068,EMP201,2025-10-07,08:28:43,20:05:00,10.0,2.0,Present
ATT01069,EMP202,2025-10-07,08:16:19,17:40:00,8.0,0.0,Present
ATT01070,EMP203,2025-10-07,08:25:16,17:33:00,8.0,0.0,Present
ATT01071,EMP204,2025-10-07,08:22:48,17:37:00,8.0,0.0,Present
ATT01072,EMP205,2025-10-07,08:31:24,17:38:00,8.0,0.0,Present
ATT01073,EMP206,2025-10-07,08:29:35,17:45:00,8.0,0.0,Present
ATT01074,EMP207,2025-10-07,08:22:58,17:38:00,8.0,0.0,Present
ATT01075,EMP208,2025-10-07,08:33:43,19:39:00,9.5,1.5,Present
ATT01076,EMP209,2025-10-07,08:29:05,17:46:00,8.0,0.0,Present
ATT01077,EMP210,2025-10-07,08:19:23,17:35:00,8.0,0.0,Present
ATT01078,EMP211,2025-10-07,08:32:27,17:47:00,8.0,0.0,Present
ATT01079,EMP212,2025-10-07,08:15:52,17:49:00,8.0,0.0,Present
ATT01080,EMP213,2025-10-07,08:20:00,20:38:00,10.5,2.5,Present
ATT01081,EMP214,2025-10-07,08:27:22,17:36:00,8.0,0.0,Present
ATT01082,EMP215,2025-10-07,08:31:18,19:09:00,9.0,1.0,Present
ATT01083,EMP216,2025-10-07,08:18:53,20:13:00,10.0,2.0,Present
ATT01084,EMP217,2025-10-07,08:31:51,17:40:00,8.0,0.0,Present
ATT01085,EMP218,2025-10-07,08:29:17,17:40:00,8.0,0.0,Present
ATT01086,EMP219,2025-10-07,08:29:38,17:34:00,8.0,0.0,Present
ATT01087,EMP220,2025-10-07,08:15:38,17:30:00,8.0,0.0,Present
ATT01088,EMP221,2025-10-07,08:28:35,17:45:00,8.0,0.0,Present
ATT01089,EMP222,2025-10-07,08:32:05,17:50:00,8.0,0.0,Present
ATT01090,EMP223,2025-10-07,08:32:01,17:44:00,8.0,0.0,Present
ATT01091,EMP224,2025-10-07,08:26:52,17:49:00,8.0,0.0,Present
ATT01092,EMP225,2025-10-07,08:20:53,17:30:00,8.0,0.0,Present
ATT01093,EMP226,2025-10-07,08:26:59,19:07:00,9.0,1.0,Present
ATT01094,EMP227,2025-10-07,08:23:43,17:41:00,8.0,0.0,Present
ATT01095,EMP228,2025-10-07,08:34:40,17:37:00,8.0,0.0,Present
ATT01096,EMP229,2025-10-07,08:30:23,20:36:00,10.5,2.5,Present
ATT01097,EMP230,2025-10-07,08:27:07,17:48:00,8.0,0.0,Present
ATT01098,EMP231,2025-10-07,08:20:35,19:32:00,9.5,1.5,Present
ATT01099,EMP232,2025-10-07,08:17:08,17:48:00,8.0,0.0,Present
ATT01100,EMP233,2025-10-07,08:31:46,17:36:00,8.0,0.0,Present
ATT01101,EMP234,2025-10-07,08:15:44,17:49:00,8.0,0.0,Present
ATT01102,EMP235,2025-10-07,08:32:56,17:43:00,8.0,0.0,Present
ATT01103,EMP236,2025-10-07,08:16:54,17:43:00,8.0,0.0,Present
ATT01104,EMP237,2025-10-07,08:28:17,20:45:00,10.5,2.5,Present
ATT01105,EMP239,2025-10-07,08:16:56,17:31:00,8.0,0.0,Present
ATT01106,EMP240,2025-10-07,08:28:34,17:30:00,8.0,0.0,Present
ATT01107,EMP241,2025-10-07,08:25:05,17:30:00,8.0,0.0,Present
ATT01108,EMP242,2025-10-07,,,0.0,0.0,Absent
ATT01109,EMP243,2025-10-07,08:28:04,17:36:00,8.0,0.0,Present
ATT01110,EMP244,2025-10-07,08:24:04,17:33:00,8.0,0.0,Present
ATT01111,EMP245,2025-10-07,08:28:51,20:08:00,10.0,2.0,Present
ATT01112,EMP246,2025-10-07,08:30:15,17:31:00,8.0,0.0,Present
ATT01113,EMP248,2025-10-07,08:31:50,17:32:00,8.0,0.0,Present
ATT01114,EMP249,2025-10-07,08:34:28,17:50:00,8.0,0.0,Present
ATT01115,EMP250,2025-10-07,08:18:05,17:31:00,8.0,0.0,Present
ATT01116,EMP001,2025-10-08,08:17:50,20:31:00,10.5,2.5,Present
ATT01117,EMP002,2025-10-08,08:28:04,19:01:00,9.0,1.0,Present
ATT01118,EMP003,2025-10-08,08:27:25,20:37:00,10.5,2.5,Present
ATT01119,EMP004,2025-10-08,08:34:00,17:44:00,8.0,0.0,Present
ATT01120,EMP005,2025-10-08,08:34:39,19:14:00,9.0,1.0,Present
ATT01121,EMP006,2025-10-08,08:33:12,19:02:00,9.0,1.0,Present
ATT01122,EMP007,2025-10-08,08:21:57,17:50:00,8.0,0.0,Present
ATT01123,EMP008,2025-10-08,08:26:26,17:49:00,8.0,0.0,Present
ATT01124,EMP009,2025-10-08,08:22:08,17:31:00,8.0,0.0,Present
ATT01125,EMP010,2025-10-08,08:33:27,17:50:00,8.0,0.0,Present
ATT01126,EMP011,2025-10-08,08:24:37,17:34:00,8.0,0.0,Present
ATT01127,EMP012,2025-10-08,08:24:38,17:41:00,8.0,0.0,Present
ATT01128,EMP013,2025-10-08,,,0.0,0.0,On Leave
ATT01129,EMP014,2025-10-08,08:19:03,17:47:00,8.0,0.0,Present
ATT01130,EMP015,2025-10-08,08:28:22,19:36:00,9.5,1.5,Present
ATT01131,EMP016,2025-10-08,08:25:12,17:44:00,8.0,0.0,Present
ATT01132,EMP019,2025-10-08,08:25:54,17:40:00,8.0,0.0,Present
ATT01133,EMP020,2025-10-08,08:28:21,20:31:00,10.5,2.5,Present
ATT01134,EMP021,2025-10-08,08:15:40,17:37:00,8.0,0.0,Present
ATT01135,EMP022,2025-10-08,08:21:15,17:40:00,8.0,0.0,Present
ATT01136,EMP023,2025-10-08,08:27:13,17:30:00,8.0,0.0,Present
ATT01137,EMP024,2025-10-08,08:17:22,19:04:00,9.0,1.0,Present
ATT01138,EMP025,2025-10-08,08:21:40,17:41:00,8.0,0.0,Present
ATT01139,EMP026,2025-10-08,08:15:12,19:37:00,9.5,1.5,Present
ATT01140,EMP027,2025-10-08,08:41:00,17:40:00,7.8,0.0,Late
ATT01141,EMP028,2025-10-08,08:22:11,19:38:00,9.5,1.5,Present
ATT01142,EMP029,2025-10-08,08:36:00,17:51:00,7.9,0.0,Late
ATT01143,EMP030,2025-10-08,08:18:21,17:39:00,8.0,0.0,Present
ATT01144,EMP031,2025-10-08,08:26:51,17:35:00,8.0,0.0,Present
ATT01145,EMP032,2025-10-08,08:29:00,16:56:00,6.5,0.0,Early Departure
ATT01146,EMP035,2025-10-08,08:18:09,17:34:00,8.0,0.0,Present
ATT01147,EMP036,2025-10-08,08:21:34,17:41:00,8.0,0.0,Present
ATT01148,EMP037,2025-10-08,08:28:40,17:31:00,8.0,0.0,Present
ATT01149,EMP038,2025-10-08,08:33:12,17:39:00,8.0,0.0,Present
ATT01150,EMP040,2025-10-08,08:25:15,20:04:00,10.0,2.0,Present
ATT01151,EMP041,2025-10-08,08:33:56,17:32:00,8.0,0.0,Present
ATT01152,EMP042,2025-10-08,08:34:04,20:41:00,10.5,2.5,Present
ATT01153,EMP043,2025-10-08,08:29:11,17:41:00,8.0,0.0,Present
ATT01154,EMP044,2025-10-08,08:30:45,17:45:00,8.0,0.0,Present
ATT01155,EMP045,2025-10-08,08:27:40,17:48:00,8.0,0.0,Present
ATT01156,EMP046,2025-10-08,08:21:14,17:44:00,8.0,0.0,Present
ATT01157,EMP047,2025-10-08,08:27:13,17:42:00,8.0,0.0,Present
ATT01158,EMP048,2025-10-08,08:26:16,17:34:00,8.0,0.0,Present
ATT01159,EMP049,2025-10-08,08:24:28,17:37:00,8.0,0.0,Present
ATT01160,EMP050,2025-10-08,08:29:32,17:43:00,8.0,0.0,Present
ATT01161,EMP051,2025-10-08,08:28:26,17:45:00,8.0,0.0,Present
ATT01162,EMP052,2025-10-08,08:27:01,19:38:00,9.5,1.5,Present
ATT01163,EMP053,2025-10-08,08:26:57,19:08:00,9.0,1.0,Present
ATT01164,EMP054,2025-10-08,08:39:00,17:33:00,7.8,0.0,Late
ATT01165,EMP055,2025-10-08,08:16:34,17:36:00,8.0,0.0,Present
ATT01166,EMP056,2025-10-08,08:23:19,17:38:00,8.0,0.0,Present
ATT01167,EMP057,2025-10-08,08:34:08,17:47:00,8.0,0.0,Present
ATT01168,EMP058,2025-10-08,08:36:00,17:54:00,7.9,0.0,Late
ATT01169,EMP059,2025-10-08,08:26:50,17:42:00,8.0,0.0,Present
ATT01170,EMP060,2025-10-08,08:15:30,17:34:00,8.0,0.0,Present
ATT01171,EMP062,2025-10-08,08:22:14,17:36:00,8.0,0.0,Present
ATT01172,EMP063,2025-10-08,08:31:37,17:44:00,8.0,0.0,Present
ATT01173,EMP064,2025-10-08,08:29:21,17:40:00,8.0,0.0,Present
ATT01174,EMP065,2025-10-08,08:28:49,17:43:00,8.0,0.0,Present
ATT01175,EMP069,2025-10-08,08:29:54,17:41:00,8.0,0.0,Present
ATT01176,EMP070,2025-10-08,08:19:19,17:30:00,8.0,0.0,Present
ATT01177,EMP071,2025-10-08,08:26:21,17:43:00,8.0,0.0,Present
ATT01178,EMP072,2025-10-08,08:27:48,17:47:00,8.0,0.0,Present
ATT01179,EMP074,2025-10-08,08:33:01,17:31:00,8.0,0.0,Present
ATT01180,EMP075,2025-10-08,08:40:00,17:40:00,7.8,0.0,Late
ATT01181,EMP076,2025-10-08,08:34:58,17:42:00,8.0,0.0,Present
ATT01182,EMP077,2025-10-08,,,0.0,0.0,On Leave
ATT01183,EMP078,2025-10-08,08:27:04,17:36:00,8.0,0.0,Present
ATT01184,EMP079,2025-10-08,08:25:36,17:50:00,8.0,0.0,Present
ATT01185,EMP080,2025-10-08,08:38:00,17:35:00,7.9,0.0,Late
ATT01186,EMP083,2025-10-08,08:32:11,20:30:00,10.5,2.5,Present
ATT01187,EMP084,2025-10-08,08:17:58,17:39:00,8.0,0.0,Present
ATT01188,EMP085,2025-10-08,08:24:42,17:44:00,8.0,0.0,Present
ATT01189,EMP086,2025-10-08,08:31:00,20:42:00,10.5,2.5,Present
ATT01190,EMP087,2025-10-08,08:18:08,17:45:00,8.0,0.0,Present
ATT01191,EMP088,2025-10-08,08:27:57,17:34:00,8.0,0.0,Present
ATT01192,EMP089,2025-10-08,08:24:27,17:45:00,8.0,0.0,Present
ATT01193,EMP090,2025-10-08,08:33:19,17:46:00,8.0,0.0,Present
ATT01194,EMP091,2025-10-08,08:29:17,17:34:00,8.0,0.0,Present
ATT01195,EMP092,2025-10-08,08:27:38,17:46:00,8.0,0.0,Present
ATT01196,EMP093,2025-10-08,08:33:56,17:44:00,8.0,0.0,Present
ATT01197,EMP094,2025-10-08,08:17:18,17:44:00,8.0,0.0,Present
ATT01198,EMP095,2025-10-08,08:24:25,17:35:00,8.0,0.0,Present
ATT01199,EMP096,2025-10-08,08:20:57,17:43:00,8.0,0.0,Present
ATT01200,EMP097,2025-10-08,08:20:44,17:42:00,8.0,0.0,Present
ATT01201,EMP098,2025-10-08,08:16:15,17:35:00,8.0,0.0,Present
ATT01202,EMP099,2025-10-08,08:32:18,17:32:00,8.0,0.0,Present
ATT01203,EMP100,2025-10-08,08:21:58,17:47:00,8.0,0.0,Present
ATT01204,EMP101,2025-10-08,08:26:04,17:46:00,8.0,0.0,Present
ATT01205,EMP102,2025-10-08,08:25:26,17:38:00,8.0,0.0,Present
ATT01206,EMP103,2025-10-08,08:16:29,20:42:00,10.5,2.5,Present
ATT01207,EMP104,2025-10-08,08:27:54,19:00:00,9.0,1.0,Present
ATT01208,EMP105,2025-10-08,08:19:20,17:44:00,8.0,0.0,Present
ATT01209,EMP106,2025-10-08,08:17:05,17:37:00,8.0,0.0,Present
ATT01210,EMP107,2025-10-08,08:29:08,17:38:00,8.0,0.0,Present
ATT01211,EMP108,2025-10-08,08:20:53,19:05:00,9.0,1.0,Present
ATT01212,EMP109,2025-10-08,08:32:47,17:32:00,8.0,0.0,Present
ATT01213,EMP110,2025-10-08,08:15:43,17:44:00,8.0,0.0,Present
ATT01214,EMP111,2025-10-08,08:21:45,19:44:00,9.5,1.5,Present
ATT01215,EMP112,2025-10-08,08:31:41,17:33:00,8.0,0.0,Present
ATT01216,EMP113,2025-10-08,08:24:28,19:01:00,9.0,1.0,Present
ATT01217,EMP114,2025-10-08,08:21:59,17:37:00,8.0,0.0,Present
ATT01218,EMP115,2025-10-08,08:15:26,19:10:00,9.0,1.0,Present
ATT01219,EMP116,2025-10-08,08:17:14,17:33:00,8.0,0.0,Present
ATT01220,EMP117,2025-10-08,08:20:46,20:33:00,10.5,2.5,Present
ATT01221,EMP120,2025-10-08,08:25:35,17:49:00,8.0,0.0,Present
ATT01222,EMP121,2025-10-08,08:32:25,17:33:00,8.0,0.0,Present
ATT01223,EMP122,2025-10-08,08:18:22,17:30:00,8.0,0.0,Present
ATT01224,EMP123,2025-10-08,08:25:00,17:44:00,8.0,0.0,Present
ATT01225,EMP124,2025-10-08,08:23:41,17:31:00,8.0,0.0,Present
ATT01226,EMP126,2025-10-08,08:21:26,17:49:00,8.0,0.0,Present
ATT01227,EMP127,2025-10-08,08:18:45,17:48:00,8.0,0.0,Present
ATT01228,EMP128,2025-10-08,08:18:38,17:50:00,8.0,0.0,Present
ATT01229,EMP129,2025-10-08,08:19:21,20:15:00,10.0,2.0,Present
ATT01230,EMP130,2025-10-08,08:15:38,17:44:00,8.0,0.0,Present
ATT01231,EMP131,2025-10-08,08:22:32,17:30:00,8.0,0.0,Present
ATT01232,EMP132,2025-10-08,08:34:48,17:39:00,8.0,0.0,Present
ATT01233,EMP133,2025-10-08,08:28:48,17:32:00,8.0,0.0,Present
ATT01234,EMP134,2025-10-08,08:26:31,17:34:00,8.0,0.0,Present
ATT01235,EMP135,2025-10-08,08:16:15,17:49:00,8.0,0.0,Present
ATT01236,EMP136,2025-10-08,,,0.0,0.0,On Leave
ATT01237,EMP137,2025-10-08,08:25:08,17:50:00,8.0,0.0,Present
ATT01238,EMP138,2025-10-08,08:16:33,17:43:00,8.0,0.0,Present
ATT01239,EMP139,2025-10-08,08:24:48,20:10:00,10.0,2.0,Present
ATT01240,EMP141,2025-10-08,08:32:03,17:37:00,8.0,0.0,Present
ATT01241,EMP142,2025-10-08,08:22:38,17:46:00,8.0,0.0,Present
ATT01242,EMP143,2025-10-08,08:29:40,20:32:00,10.5,2.5,Present
ATT01243,EMP144,2025-10-08,08:20:00,15:13:00,5.5,0.0,Early Departure
ATT01244,EMP145,2025-10-08,08:20:37,17:36:00,8.0,0.0,Present
ATT01245,EMP146,2025-10-08,08:17:27,17:39:00,8.0,0.0,Present
ATT01246,EMP147,2025-10-08,08:21:15,17:49:00,8.0,0.0,Present
ATT01247,EMP148,2025-10-08,08:24:36,17:50:00,8.0,0.0,Present
ATT01248,EMP149,2025-10-08,08:30:05,17:41:00,8.0,0.0,Present
ATT01249,EMP151,2025-10-08,08:20:30,17:46:00,8.0,0.0,Present
ATT01250,EMP152,2025-10-08,08:28:48,20:30:00,10.5,2.5,Present
ATT01251,EMP153,2025-10-08,08:28:54,20:04:00,10.0,2.0,Present
ATT01252,EMP155,2025-10-08,08:20:16,17:39:00,8.0,0.0,Present
ATT01253,EMP156,2025-10-08,08:27:35,17:32:00,8.0,0.0,Present
ATT01254,EMP157,2025-10-08,08:30:12,19:30:00,9.5,1.5,Present
ATT01255,EMP158,2025-10-08,08:31:46,17:45:00,8.0,0.0,Present
ATT01256,EMP159,2025-10-08,08:28:25,17:41:00,8.0,0.0,Present
ATT01257,EMP160,2025-10-08,08:24:41,17:32:00,8.0,0.0,Present
ATT01258,EMP162,2025-10-08,08:16:58,19:36:00,9.5,1.5,Present
ATT01259,EMP163,2025-10-08,08:23:49,17:41:00,8.0,0.0,Present
ATT01260,EMP164,2025-10-08,08:30:40,17:31:00,8.0,0.0,Present
ATT01261,EMP165,2025-10-08,08:28:47,17:45:00,8.0,0.0,Present
ATT01262,EMP166,2025-10-08,08:26:40,17:30:00,8.0,0.0,Present
ATT01263,EMP167,2025-10-08,08:19:16,17:34:00,8.0,0.0,Present
ATT01264,EMP168,2025-10-08,08:34:37,17:35:00,8.0,0.0,Present
ATT01265,EMP169,2025-10-08,08:17:41,17:42:00,8.0,0.0,Present
ATT01266,EMP170,2025-10-08,08:33:57,19:43:00,9.5,1.5,Present
ATT01267,EMP171,2025-10-08,08:28:16,17:46:00,8.0,0.0,Present
ATT01268,EMP172,2025-10-08,,,0.0,0.0,On Leave
ATT01269,EMP173,2025-10-08,08:27:37,17:43:00,8.0,0.0,Present
ATT01270,EMP175,2025-10-08,08:17:06,17:41:00,8.0,0.0,Present
ATT01271,EMP176,2025-10-08,08:23:47,17:42:00,8.0,0.0,Present
ATT01272,EMP178,2025-10-08,08:15:10,17:30:00,8.0,0.0,Present
ATT01273,EMP179,2025-10-08,08:28:33,17:39:00,8.0,0.0,Present
ATT01274,EMP180,2025-10-08,08:20:11,17:34:00,8.0,0.0,Present
ATT01275,EMP181,2025-10-08,08:20:32,17:44:00,8.0,0.0,Present
ATT01276,EMP182,2025-10-08,08:21:11,17:35:00,8.0,0.0,Present
ATT01277,EMP183,2025-10-08,08:21:16,17:43:00,8.0,0.0,Present
ATT01278,EMP185,2025-10-08,08:34:06,17:35:00,8.0,0.0,Present
ATT01279,EMP186,2025-10-08,08:17:24,19:10:00,9.0,1.0,Present
ATT01280,EMP187,2025-10-08,08:22:30,17:33:00,8.0,0.0,Present
ATT01281,EMP188,2025-10-08,08:23:48,17:48:00,8.0,0.0,Present
ATT01282,EMP189,2025-10-08,08:16:06,17:30:00,8.0,0.0,Present
ATT01283,EMP191,2025-10-08,08:31:48,17:45:00,8.0,0.0,Present
ATT01284,EMP192,2025-10-08,08:25:38,17:41:00,8.0,0.0,Present
ATT01285,EMP193,2025-10-08,08:25:20,17:41:00,8.0,0.0,Present
ATT01286,EMP194,2025-10-08,08:27:39,20:10:00,10.0,2.0,Present
ATT01287,EMP195,2025-10-08,08:15:29,17:42:00,8.0,0.0,Present
ATT01288,EMP196,2025-10-08,08:19:01,17:46:00,8.0,0.0,Present
ATT01289,EMP197,2025-10-08,08:22:23,17:45:00,8.0,0.0,Present
ATT01290,EMP198,2025-10-08,08:21:00,17:40:00,8.0,0.0,Present
ATT01291,EMP201,2025-10-08,08:26:55,20:14:00,10.0,2.0,Present
ATT01292,EMP202,2025-10-08,08:30:25,17:32:00,8.0,0.0,Present
ATT01293,EMP203,2025-10-08,08:30:42,17:33:00,8.0,0.0,Present
ATT01294,EMP204,2025-10-08,08:24:38,19:31:00,9.5,1.5,Present
ATT01295,EMP205,2025-10-08,08:17:19,17:47:00,8.0,0.0,Present
ATT01296,EMP206,2025-10-08,,,0.0,0.0,On Leave
ATT01297,EMP207,2025-10-08,08:29:07,17:47:00,8.0,0.0,Present
ATT01298,EMP208,2025-10-08,08:21:10,17:32:00,8.0,0.0,Present
ATT01299,EMP209,2025-10-08,08:15:10,17:40:00,8.0,0.0,Present
ATT01300,EMP210,2025-10-08,08:44:00,17:37:00,7.8,0.0,Late
ATT01301,EMP211,2025-10-08,08:30:57,17:34:00,8.0,0.0,Present
ATT01302,EMP212,2025-10-08,08:51:00,17:32:00,7.7,0.0,Late
ATT01303,EMP213,2025-10-08,08:25:55,17:48:00,8.0,0.0,Present
ATT01304,EMP214,2025-10-08,08:34:04,17:42:00,8.0,0.0,Present
ATT01305,EMP215,2025-10-08,08:48:00,17:50:00,7.7,0.0,Late
ATT01306,EMP216,2025-10-08,08:32:54,17:37:00,8.0,0.0,Present
ATT01307,EMP217,2025-10-08,08:18:18,19:10:00,9.0,1.0,Present
ATT01308,EMP218,2025-10-08,08:21:47,17:48:00,8.0,0.0,Present
ATT01309,EMP219,2025-10-08,08:25:24,17:30:00,8.0,0.0,Present
ATT01310,EMP220,2025-10-08,08:33:34,20:43:00,10.5,2.5,Present
ATT01311,EMP221,2025-10-08,08:26:51,17:34:00,8.0,0.0,Present
ATT01312,EMP222,2025-10-08,08:34:37,17:42:00,8.0,0.0,Present
ATT01313,EMP223,2025-10-08,08:29:20,20:07:00,10.0,2.0,Present
ATT01314,EMP224,2025-10-08,08:29:09,17:34:00,8.0,0.0,Present
ATT01315,EMP225,2025-10-08,08:16:38,17:46:00,8.0,0.0,Present
ATT01316,EMP226,2025-10-08,,,0.0,0.0,Absent
ATT01317,EMP227,2025-10-08,08:33:30,17:36:00,8.0,0.0,Present
ATT01318,EMP228,2025-10-08,08:27:03,17:40:00,8.0,0.0,Present
ATT01319,EMP229,2025-10-08,08:21:54,17:37:00,8.0,0.0,Present
ATT01320,EMP230,2025-10-08,08:16:59,17:35:00,8.0,0.0,Present
ATT01321,EMP231,2025-10-08,08:27:19,17:35:00,8.0,0.0,Present
ATT01322,EMP232,2025-10-08,,,0.0,0.0,Absent
ATT01323,EMP233,2025-10-08,08:25:27,17:41:00,8.0,0.0,Present
ATT01324,EMP234,2025-10-08,08:27:04,17:39:00,8.0,0.0,Present
ATT01325,EMP235,2025-10-08,08:21:44,17:42:00,8.0,0.0,Present
ATT01326,EMP236,2025-10-08,08:25:48,17:31:00,8.0,0.0,Present
ATT01327,EMP237,2025-10-08,08:24:29,17:48:00,8.0,0.0,Present
ATT01328,EMP239,2025-10-08,08:30:18,17:36:00,8.0,0.0,Present
ATT01329,EMP240,2025-10-08,08:21:47,17:41:00,8.0,0.0,Present
ATT01330,EMP241,2025-10-08,08:33:06,17:34:00,8.0,0.0,Present
ATT01331,EMP242,2025-10-08,08:28:43,17:31:00,8.0,0.0,Present
ATT01332,EMP243,2025-10-08,08:30:11,17:33:00,8.0,0.0,Present
ATT01333,EMP244,2025-10-08,,,0.0,0.0,On Leave
ATT01334,EMP245,2025-10-08,08:33:27,17:50:00,8.0,0.0,Present
ATT01335,EMP246,2025-10-08,08:22:02,20:45:00,10.5,2.5,Present
ATT01336,EMP248,2025-10-08,08:34:11,17:42:00,8.0,0.0,Present
ATT01337,EMP249,2025-10-08,08:17:49,17:50:00,8.0,0.0,Present
ATT01338,EMP250,2025-10-08,08:29:23,19:02:00,9.0,1.0,Present
ATT01339,EMP001,2025-10-11,08:31:14,20:38:00,10.5,2.5,Present
ATT01340,EMP002,2025-10-11,08:18:50,17:42:00,8.0,0.0,Present
ATT01341,EMP003,2025-10-11,08:28:19,17:33:00,8.0,0.0,Present
ATT01342,EMP004,2025-10-11,08:32:11,17:30:00,8.0,0.0,Present
ATT01343,EMP005,2025-10-11,08:32:50,17:45:00,8.0,0.0,Present
ATT01344,EMP006,2025-10-11,08:33:34,17:50:00,8.0,0.0,Present
ATT01345,EMP007,2025-10-11,08:21:42,17:35:00,8.0,0.0,Present
ATT01346,EMP008,2025-10-11,08:20:00,17:40:00,8.0,0.0,Present
ATT01347,EMP009,2025-10-11,08:19:36,17:35:00,8.0,0.0,Present
ATT01348,EMP010,2025-10-11,08:23:54,17:32:00,8.0,0.0,Present
ATT01349,EMP011,2025-10-11,,,0.0,0.0,On Leave
ATT01350,EMP012,2025-10-11,08:26:34,19:07:00,9.0,1.0,Present
ATT01351,EMP013,2025-10-11,08:31:57,17:47:00,8.0,0.0,Present
ATT01352,EMP014,2025-10-11,08:33:31,17:46:00,8.0,0.0,Present
ATT01353,EMP015,2025-10-11,08:47:00,17:49:00,7.7,0.0,Late
ATT01354,EMP016,2025-10-11,08:21:44,19:07:00,9.0,1.0,Present
ATT01355,EMP019,2025-10-11,08:19:19,17:36:00,8.0,0.0,Present
ATT01356,EMP020,2025-10-11,08:29:00,15:37:00,5.5,0.0,Early Departure
ATT01357,EMP021,2025-10-11,08:19:46,17:32:00,8.0,0.0,Present
ATT01358,EMP022,2025-10-11,08:23:24,17:35:00,8.0,0.0,Present
ATT01359,EMP023,2025-10-11,08:17:16,17:34:00,8.0,0.0,Present
ATT01360,EMP024,2025-10-11,08:17:40,17:50:00,8.0,0.0,Present
ATT01361,EMP025,2025-10-11,08:21:45,17:50:00,8.0,0.0,Present
ATT01362,EMP026,2025-10-11,08:34:10,17:34:00,8.0,0.0,Present
ATT01363,EMP027,2025-10-11,08:28:24,19:32:00,9.5,1.5,Present
ATT01364,EMP028,2025-10-11,08:32:07,17:43:00,8.0,0.0,Present
ATT01365,EMP029,2025-10-11,08:17:23,17:38:00,8.0,0.0,Present
ATT01366,EMP030,2025-10-11,08:22:17,20:37:00,10.5,2.5,Present
ATT01367,EMP031,2025-10-11,08:18:50,17:35:00,8.0,0.0,Present
ATT01368,EMP032,2025-10-11,08:24:37,17:45:00,8.0,0.0,Present
ATT01369,EMP035,2025-10-11,08:26:44,17:39:00,8.0,0.0,Present
ATT01370,EMP036,2025-10-11,08:34:06,17:35:00,8.0,0.0,Present
ATT01371,EMP037,2025-10-11,08:27:11,17:47:00,8.0,0.0,Present
ATT01372,EMP038,2025-10-11,08:27:30,17:38:00,8.0,0.0,Present
ATT01373,EMP040,2025-10-11,08:31:45,19:34:00,9.5,1.5,Present
ATT01374,EMP041,2025-10-11,08:23:03,17:50:00,8.0,0.0,Present
ATT01375,EMP042,2025-10-11,,,0.0,0.0,On Leave
ATT01376,EMP043,2025-10-11,08:22:43,17:44:00,8.0,0.0,Present
ATT01377,EMP044,2025-10-11,08:26:51,17:39:00,8.0,0.0,Present
ATT01378,EMP045,2025-10-11,08:28:33,17:37:00,8.0,0.0,Present
ATT01379,EMP046,2025-10-11,08:17:19,17:40:00,8.0,0.0,Present
ATT01380,EMP047,2025-10-11,08:17:04,17:32:00,8.0,0.0,Present
ATT01381,EMP048,2025-10-11,08:16:05,17:47:00,8.0,0.0,Present
ATT01382,EMP049,2025-10-11,08:36:00,17:43:00,7.9,0.0,Late
ATT01383,EMP050,2025-10-11,08:19:30,17:47:00,8.0,0.0,Present
ATT01384,EMP051,2025-10-11,08:27:00,17:30:00,8.0,0.0,Present
ATT01385,EMP052,2025-10-11,08:32:47,17:46:00,8.0,0.0,Present
ATT01386,EMP053,2025-10-11,08:16:38,17:35:00,8.0,0.0,Present
ATT01387,EMP054,2025-10-11,08:31:57,17:32:00,8.0,0.0,Present
ATT01388,EMP055,2025-10-11,08:19:32,17:31:00,8.0,0.0,Present
ATT01389,EMP056,2025-10-11,08:27:10,17:33:00,8.0,0.0,Present
ATT01390,EMP057,2025-10-11,08:22:53,17:33:00,8.0,0.0,Present
ATT01391,EMP058,2025-10-11,08:30:18,17:30:00,8.0,0.0,Present
ATT01392,EMP059,2025-10-11,08:33:25,17:39:00,8.0,0.0,Present
ATT01393,EMP060,2025-10-11,08:52:00,17:31:00,7.6,0.0,Late
ATT01394,EMP062,2025-10-11,08:55:00,17:45:00,7.6,0.0,Late
ATT01395,EMP063,2025-10-11,08:15:39,17:39:00,8.0,0.0,Present
ATT01396,EMP064,2025-10-11,08:15:22,17:35:00,8.0,0.0,Present
ATT01397,EMP065,2025-10-11,08:15:06,17:36:00,8.0,0.0,Present
ATT01398,EMP069,2025-10-11,08:31:57,19:15:00,9.0,1.0,Present
ATT01399,EMP070,2025-10-11,08:23:14,17:41:00,8.0,0.0,Present
ATT01400,EMP071,2025-10-11,08:28:57,20:03:00,10.0,2.0,Present
ATT01401,EMP072,2025-10-11,,,0.0,0.0,On Leave
ATT01402,EMP074,2025-10-11,08:29:10,20:30:00,10.5,2.5,Present
ATT01403,EMP075,2025-10-11,08:21:07,19:04:00,9.0,1.0,Present
ATT01404,EMP076,2025-10-11,08:25:57,19:45:00,9.5,1.5,Present
ATT01405,EMP077,2025-10-11,08:24:00,15:26:00,5.5,0.0,Early Departure
ATT01406,EMP078,2025-10-11,08:30:51,17:34:00,8.0,0.0,Present
ATT01407,EMP079,2025-10-11,08:27:32,17:42:00,8.0,0.0,Present
ATT01408,EMP080,2025-10-11,08:18:50,19:41:00,9.5,1.5,Present
ATT01409,EMP083,2025-10-11,08:22:03,17:40:00,8.0,0.0,Present
ATT01410,EMP084,2025-10-11,08:34:47,20:39:00,10.5,2.5,Present
ATT01411,EMP085,2025-10-11,08:17:48,17:49:00,8.0,0.0,Present
ATT01412,EMP086,2025-10-11,08:31:11,17:33:00,8.0,0.0,Present
ATT01413,EMP087,2025-10-11,08:22:42,17:36:00,8.0,0.0,Present
ATT01414,EMP088,2025-10-11,08:18:44,17:49:00,8.0,0.0,Present
ATT01415,EMP089,2025-10-11,08:33:40,17:37:00,8.0,0.0,Present
ATT01416,EMP090,2025-10-11,08:27:02,17:36:00,8.0,0.0,Present
ATT01417,EMP091,2025-10-11,08:49:00,17:30:00,7.7,0.0,Late
ATT01418,EMP092,2025-10-11,08:17:55,20:39:00,10.5,2.5,Present
ATT01419,EMP093,2025-10-11,08:22:14,17:45:00,8.0,0.0,Present
ATT01420,EMP094,2025-10-11,08:28:41,19:08:00,9.0,1.0,Present
ATT01421,EMP095,2025-10-11,08:26:45,17:40:00,8.0,0.0,Present
ATT01422,EMP096,2025-10-11,08:41:00,17:31:00,7.8,0.0,Late
ATT01423,EMP097,2025-10-11,08:25:13,17:38:00,8.0,0.0,Present
ATT01424,EMP098,2025-10-11,08:39:00,17:43:00,7.8,0.0,Late
ATT01425,EMP099,2025-10-11,08:30:23,17:33:00,8.0,0.0,Present
ATT01426,EMP100,2025-10-11,08:15:43,17:34:00,8.0,0.0,Present
ATT01427,EMP101,2025-10-11,08:26:47,17:46:00,8.0,0.0,Present
ATT01428,EMP102,2025-10-11,08:22:41,17:48:00,8.0,0.0,Present
ATT01429,EMP103,2025-10-11,08:18:08,17:49:00,8.0,0.0,Present
ATT01430,EMP104,2025-10-11,08:33:58,17:36:00,8.0,0.0,Present
ATT01431,EMP105,2025-10-11,08:29:59,20:09:00,10.0,2.0,Present
ATT01432,EMP106,2025-10-11,08:21:34,17:31:00,8.0,0.0,Present
ATT01433,EMP107,2025-10-11,08:28:35,17:47:00,8.0,0.0,Present
ATT01434,EMP108,2025-10-11,,,0.0,0.0,On Leave
ATT01435,EMP109,2025-10-11,08:50:00,17:50:00,7.7,0.0,Late
ATT01436,EMP110,2025-10-11,08:28:04,17:46:00,8.0,0.0,Present
ATT01437,EMP111,2025-10-11,08:52:00,17:55:00,7.6,0.0,Late
ATT01438,EMP112,2025-10-11,08:34:17,17:34:00,8.0,0.0,Present
ATT01439,EMP113,2025-10-11,08:33:03,17:36:00,8.0,0.0,Present
ATT01440,EMP114,2025-10-11,08:27:31,17:46:00,8.0,0.0,Present
ATT01441,EMP115,2025-10-11,,,0.0,0.0,On Leave
ATT01442,EMP116,2025-10-11,08:31:24,17:42:00,8.0,0.0,Present
ATT01443,EMP117,2025-10-11,08:23:13,19:36:00,9.5,1.5,Present
ATT01444,EMP120,2025-10-11,08:15:56,17:46:00,8.0,0.0,Present
ATT01445,EMP121,2025-10-11,08:31:16,17:37:00,8.0,0.0,Present
ATT01446,EMP122,2025-10-11,08:23:35,19:31:00,9.5,1.5,Present
ATT01447,EMP123,2025-10-11,08:24:02,17:38:00,8.0,0.0,Present
ATT01448,EMP124,2025-10-11,08:44:00,17:55:00,7.8,0.0,Late
ATT01449,EMP126,2025-10-11,08:22:52,17:33:00,8.0,0.0,Present
ATT01450,EMP127,2025-10-11,08:26:40,17:41:00,8.0,0.0,Present
ATT01451,EMP128,2025-10-11,08:32:16,17:43:00,8.0,0.0,Present
ATT01452,EMP129,2025-10-11,08:45:00,17:40:00,7.8,0.0,Late
ATT01453,EMP130,2025-10-11,,,0.0,0.0,On Leave
ATT01454,EMP131,2025-10-11,08:15:52,17:38:00,8.0,0.0,Present
ATT01455,EMP132,2025-10-11,08:15:34,17:48:00,8.0,0.0,Present
ATT01456,EMP133,2025-10-11,08:27:41,17:50:00,8.0,0.0,Present
ATT01457,EMP134,2025-10-11,08:32:13,17:37:00,8.0,0.0,Present
ATT01458,EMP135,2025-10-11,08:21:37,17:42:00,8.0,0.0,Present
ATT01459,EMP136,2025-10-11,08:22:46,17:41:00,8.0,0.0,Present
ATT01460,EMP137,2025-10-11,08:30:05,17:44:00,8.0,0.0,Present
ATT01461,EMP138,2025-10-11,08:20:12,17:35:00,8.0,0.0,Present
ATT01462,EMP139,2025-10-11,08:15:19,19:42:00,9.5,1.5,Present
ATT01463,EMP141,2025-10-11,08:21:04,20:37:00,10.5,2.5,Present
ATT01464,EMP142,2025-10-11,08:27:06,17:34:00,8.0,0.0,Present
ATT01465,EMP143,2025-10-11,08:15:38,20:30:00,10.5,2.5,Present
ATT01466,EMP144,2025-10-11,08:15:48,17:31:00,8.0,0.0,Present
ATT01467,EMP145,2025-10-11,08:17:17,19:00:00,9.0,1.0,Present
ATT01468,EMP146,2025-10-11,08:21:00,16:54:00,6.5,0.0,Early Departure
ATT01469,EMP147,2025-10-11,08:21:08,17:48:00,8.0,0.0,Present
ATT01470,EMP148,2025-10-11,08:41:00,17:39:00,7.8,0.0,Late
ATT01471,EMP149,2025-10-11,08:19:15,20:03:00,10.0,2.0,Present
ATT01472,EMP151,2025-10-11,08:16:06,17:33:00,8.0,0.0,Present
ATT01473,EMP152,2025-10-11,08:28:09,19:30:00,9.5,1.5,Present
ATT01474,EMP153,2025-10-11,08:27:09,17:39:00,8.0,0.0,Present
ATT01475,EMP155,2025-10-11,08:27:43,17:33:00,8.0,0.0,Present
ATT01476,EMP156,2025-10-11,08:18:14,20:11:00,10.0,2.0,Present
ATT01477,EMP157,2025-10-11,08:25:07,17:32:00,8.0,0.0,Present
ATT01478,EMP158,2025-10-11,08:55:00,17:34:00,7.6,0.0,Late
ATT01479,EMP159,2025-10-11,08:31:21,17:43:00,8.0,0.0,Present
ATT01480,EMP160,2025-10-11,08:24:39,17:41:00,8.0,0.0,Present
ATT01481,EMP162,2025-10-11,08:23:58,17:41:00,8.0,0.0,Present
ATT01482,EMP163,2025-10-11,08:38:00,17:55:00,7.9,0.0,Late
ATT01483,EMP164,2025-10-11,08:19:49,17:40:00,8.0,0.0,Present
ATT01484,EMP165,2025-10-11,08:29:46,17:45:00,8.0,0.0,Present
ATT01485,EMP166,2025-10-11,08:18:36,17:38:00,8.0,0.0,Present
ATT01486,EMP167,2025-10-11,08:25:08,20:41:00,10.5,2.5,Present
ATT01487,EMP168,2025-10-11,08:28:30,17:43:00,8.0,0.0,Present
ATT01488,EMP169,2025-10-11,08:25:08,17:50:00,8.0,0.0,Present
ATT01489,EMP170,2025-10-11,08:48:00,17:43:00,7.7,0.0,Late
ATT01490,EMP171,2025-10-11,08:32:34,17:47:00,8.0,0.0,Present
ATT01491,EMP172,2025-10-11,08:27:05,17:43:00,8.0,0.0,Present
ATT01492,EMP173,2025-10-11,08:22:44,20:00:00,10.0,2.0,Present
ATT01493,EMP175,2025-10-11,08:15:23,17:34:00,8.0,0.0,Present
ATT01494,EMP176,2025-10-11,08:37:00,17:41:00,7.9,0.0,Late
ATT01495,EMP178,2025-10-11,08:19:18,17:47:00,8.0,0.0,Present
ATT01496,EMP179,2025-10-11,,,0.0,0.0,On Leave
ATT01497,EMP180,2025-10-11,08:43:00,17:36:00,7.8,0.0,Late
ATT01498,EMP181,2025-10-11,08:16:47,19:42:00,9.5,1.5,Present
ATT01499,EMP182,2025-10-11,08:28:23,19:02:00,9.0,1.0,Present
ATT01500,EMP183,2025-10-11,08:34:55,19:41:00,9.5,1.5,Present
ATT01501,EMP185,2025-10-11,08:22:04,20:34:00,10.5,2.5,Present
ATT01502,EMP186,2025-10-11,08:30:47,20:15:00,10.0,2.0,Present
ATT01503,EMP187,2025-10-11,08:25:28,17:30:00,8.0,0.0,Present
ATT01504,EMP188,2025-10-11,08:19:03,17:31:00,8.0,0.0,Present
ATT01505,EMP189,2025-10-11,08:20:32,20:43:00,10.5,2.5,Present
ATT01506,EMP191,2025-10-11,08:29:35,17:38:00,8.0,0.0,Present
ATT01507,EMP192,2025-10-11,08:52:00,17:39:00,7.6,0.0,Late
ATT01508,EMP193,2025-10-11,08:28:59,19:12:00,9.0,1.0,Present
ATT01509,EMP194,2025-10-11,,,0.0,0.0,On Leave
ATT01510,EMP195,2025-10-11,08:21:25,17:37:00,8.0,0.0,Present
ATT01511,EMP196,2025-10-11,08:32:38,17:44:00,8.0,0.0,Present
ATT01512,EMP197,2025-10-11,08:27:52,17:31:00,8.0,0.0,Present
ATT01513,EMP198,2025-10-11,08:28:12,17:33:00,8.0,0.0,Present
ATT01514,EMP201,2025-10-11,08:34:49,17:30:00,8.0,0.0,Present
ATT01515,EMP202,2025-10-11,08:20:34,19:30:00,9.5,1.5,Present
ATT01516,EMP203,2025-10-11,08:24:12,17:50:00,8.0,0.0,Present
ATT01517,EMP204,2025-10-11,08:43:00,17:38:00,7.8,0.0,Late
ATT01518,EMP205,2025-10-11,08:33:36,20:31:00,10.5,2.5,Present
ATT01519,EMP206,2025-10-11,08:17:19,20:09:00,10.0,2.0,Present
ATT01520,EMP207,2025-10-11,08:28:00,15:20:00,5.5,0.0,Early Departure
ATT01521,EMP208,2025-10-11,08:26:08,17:33:00,8.0,0.0,Present
ATT01522,EMP209,2025-10-11,08:31:06,17:34:00,8.0,0.0,Present
ATT01523,EMP210,2025-10-11,08:27:30,17:31:00,8.0,0.0,Present
ATT01524,EMP211,2025-10-11,08:19:43,17:50:00,8.0,0.0,Present
ATT01525,EMP212,2025-10-11,08:22:56,17:50:00,8.0,0.0,Present
ATT01526,EMP213,2025-10-11,08:20:32,17:49:00,8.0,0.0,Present
ATT01527,EMP214,2025-10-11,08:25:28,17:40:00,8.0,0.0,Present
ATT01528,EMP215,2025-10-11,08:34:54,17:31:00,8.0,0.0,Present
ATT01529,EMP216,2025-10-11,08:48:00,17:37:00,7.7,0.0,Late
ATT01530,EMP217,2025-10-11,08:34:38,19:45:00,9.5,1.5,Present
ATT01531,EMP218,2025-10-11,08:15:09,17:39:00,8.0,0.0,Present
ATT01532,EMP219,2025-10-11,08:17:31,20:05:00,10.0,2.0,Present
ATT01533,EMP220,2025-10-11,08:41:00,17:32:00,7.8,0.0,Late
ATT01534,EMP221,2025-10-11,08:26:22,19:44:00,9.5,1.5,Present
ATT01535,EMP222,2025-10-11,08:30:16,17:44:00,8.0,0.0,Present
ATT01536,EMP223,2025-10-11,08:19:07,17:45:00,8.0,0.0,Present
ATT01537,EMP224,2025-10-11,08:24:25,17:49:00,8.0,0.0,Present
ATT01538,EMP225,2025-10-11,08:40:00,17:44:00,7.8,0.0,Late
ATT01539,EMP226,2025-10-11,08:34:20,17:43:00,8.0,0.0,Present
ATT01540,EMP227,2025-10-11,08:23:56,17:31:00,8.0,0.0,Present
ATT01541,EMP228,2025-10-11,08:16:47,17:47:00,8.0,0.0,Present
ATT01542,EMP229,2025-10-11,08:18:18,17:48:00,8.0,0.0,Present
ATT01543,EMP230,2025-10-11,08:17:14,17:44:00,8.0,0.0,Present
ATT01544,EMP231,2025-10-11,08:26:29,17:47:00,8.0,0.0,Present
ATT01545,EMP232,2025-10-11,08:50:00,17:33:00,7.7,0.0,Late
ATT01546,EMP233,2025-10-11,08:18:58,17:42:00,8.0,0.0,Present
ATT01547,EMP234,2025-10-11,08:21:25,17:40:00,8.0,0.0,Present
ATT01548,EMP235,2025-10-11,08:34:31,17:45:00,8.0,0.0,Present
ATT01549,EMP236,2025-10-11,08:29:02,17:45:00,8.0,0.0,Present
ATT01550,EMP237,2025-10-11,08:21:20,17:49:00,8.0,0.0,Present
ATT01551,EMP239,2025-10-11,08:16:59,17:43:00,8.0,0.0,Present
ATT01552,EMP240,2025-10-11,,,0.0,0.0,On Leave
ATT01553,EMP241,2025-10-11,08:21:55,20:38:00,10.5,2.5,Present
ATT01554,EMP242,2025-10-11,08:20:05,20:12:00,10.0,2.0,Present
ATT01555,EMP243,2025-10-11,08:29:55,17:36:00,8.0,0.0,Present
ATT01556,EMP244,2025-10-11,08:23:11,17:32:00,8.0,0.0,Present
ATT01557,EMP245,2025-10-11,08:49:00,17:40:00,7.7,0.0,Late
ATT01558,EMP246,2025-10-11,,,0.0,0.0,On Leave
ATT01559,EMP248,2025-10-11,08:21:22,17:45:00,8.0,0.0,Present
ATT01560,EMP249,2025-10-11,08:20:44,17:48:00,8.0,0.0,Present
ATT01561,EMP250,2025-10-11,08:15:35,17:49:00,8.0,0.0,Present
ATT01562,EMP001,2025-10-12,08:33:39,20:00:00,10.0,2.0,Present
ATT01563,EMP002,2025-10-12,08:29:59,20:03:00,10.0,2.0,Present
ATT01564,EMP003,2025-10-12,08:28:16,17:30:00,8.0,0.0,Present
ATT01565,EMP004,2025-10-12,,,0.0,0.0,On Leave
ATT01566,EMP005,2025-10-12,08:22:00,16:40:00,6.5,0.0,Early Departure
ATT01567,EMP006,2025-10-12,,,0.0,0.0,On Leave
ATT01568,EMP007,2025-10-12,08:21:47,17:43:00,8.0,0.0,Present
ATT01569,EMP008,2025-10-12,08:20:38,17:41:00,8.0,0.0,Present
ATT01570,EMP009,2025-10-12,08:21:43,17:30:00,8.0,0.0,Present
ATT01571,EMP010,2025-10-12,08:26:01,17:39:00,8.0,0.0,Present
ATT01572,EMP011,2025-10-12,08:18:44,17:44:00,8.0,0.0,Present
ATT01573,EMP012,2025-10-12,08:26:22,17:43:00,8.0,0.0,Present
ATT01574,EMP013,2025-10-12,08:25:07,17:44:00,8.0,0.0,Present
ATT01575,EMP014,2025-10-12,08:20:35,17:47:00,8.0,0.0,Present
ATT01576,EMP015,2025-10-12,08:24:54,17:43:00,8.0,0.0,Present
ATT01577,EMP016,2025-10-12,08:34:59,17:33:00,8.0,0.0,Present
ATT01578,EMP019,2025-10-12,,,0.0,0.0,Absent
ATT01579,EMP020,2025-10-12,08:18:05,17:49:00,8.0,0.0,Present
ATT01580,EMP021,2025-10-12,08:39:00,17:45:00,7.8,0.0,Late
ATT01581,EMP022,2025-10-12,08:34:59,17:50:00,8.0,0.0,Present
ATT01582,EMP023,2025-10-12,08:33:51,20:13:00,10.0,2.0,Present
ATT01583,EMP024,2025-10-12,08:29:35,17:36:00,8.0,0.0,Present
ATT01584,EMP025,2025-10-12,08:18:22,17:44:00,8.0,0.0,Present
ATT01585,EMP026,2025-10-12,08:27:00,17:37:00,8.0,0.0,Present
ATT01586,EMP027,2025-10-12,08:23:56,17:39:00,8.0,0.0,Present
ATT01587,EMP028,2025-10-12,08:28:43,17:43:00,8.0,0.0,Present
ATT01588,EMP029,2025-10-12,08:15:09,17:46:00,8.0,0.0,Present
ATT01589,EMP030,2025-10-12,08:34:20,17:48:00,8.0,0.0,Present
ATT01590,EMP031,2025-10-12,,,0.0,0.0,Absent
ATT01591,EMP032,2025-10-12,08:27:12,17:42:00,8.0,0.0,Present
ATT01592,EMP035,2025-10-12,08:33:27,20:35:00,10.5,2.5,Present
ATT01593,EMP036,2025-10-12,08:25:33,19:33:00,9.5,1.5,Present
ATT01594,EMP037,2025-10-12,08:19:32,20:38:00,10.5,2.5,Present
ATT01595,EMP038,2025-10-12,08:20:20,17:32:00,8.0,0.0,Present
ATT01596,EMP040,2025-10-12,08:15:40,17:34:00,8.0,0.0,Present
ATT01597,EMP041,2025-10-12,08:32:58,17:48:00,8.0,0.0,Present
ATT01598,EMP042,2025-10-12,08:19:29,17:41:00,8.0,0.0,Present
ATT01599,EMP043,2025-10-12,08:22:19,19:42:00,9.5,1.5,Present
ATT01600,EMP044,2025-10-12,08:16:17,19:30:00,9.5,1.5,Present
ATT01601,EMP045,2025-10-12,08:33:55,20:33:00,10.5,2.5,Present
ATT01602,EMP046,2025-10-12,08:24:16,17:32:00,8.0,0.0,Present
ATT01603,EMP047,2025-10-12,08:26:58,17:42:00,8.0,0.0,Present
ATT01604,EMP048,2025-10-12,08:15:26,19:06:00,9.0,1.0,Present
ATT01605,EMP049,2025-10-12,08:27:56,17:44:00,8.0,0.0,Present
ATT01606,EMP050,2025-10-12,08:20:19,19:31:00,9.5,1.5,Present
ATT01607,EMP051,2025-10-12,08:25:22,17:49:00,8.0,0.0,Present
ATT01608,EMP052,2025-10-12,08:15:10,17:38:00,8.0,0.0,Present
ATT01609,EMP053,2025-10-12,08:42:00,17:49:00,7.8,0.0,Late
ATT01610,EMP054,2025-10-12,08:15:33,17:34:00,8.0,0.0,Present
ATT01611,EMP055,2025-10-12,08:26:07,17:30:00,8.0,0.0,Present
ATT01612,EMP056,2025-10-12,08:22:05,17:34:00,8.0,0.0,Present
ATT01613,EMP057,2025-10-12,08:30:12,17:41:00,8.0,0.0,Present
ATT01614,EMP058,2025-10-12,08:24:29,17:45:00,8.0,0.0,Present
ATT01615,EMP059,2025-10-12,08:27:59,19:36:00,9.5,1.5,Present
ATT01616,EMP060,2025-10-12,08:23:25,20:05:00,10.0,2.0,Present
ATT01617,EMP062,2025-10-12,08:30:27,17:43:00,8.0,0.0,Present
ATT01618,EMP063,2025-10-12,08:23:52,17:33:00,8.0,0.0,Present
ATT01619,EMP064,2025-10-12,08:28:12,17:41:00,8.0,0.0,Present
ATT01620,EMP065,2025-10-12,08:38:00,17:44:00,7.9,0.0,Late
ATT01621,EMP069,2025-10-12,08:16:32,17:43:00,8.0,0.0,Present
ATT01622,EMP070,2025-10-12,08:31:22,17:33:00,8.0,0.0,Present
ATT01623,EMP071,2025-10-12,08:25:27,17:41:00,8.0,0.0,Present
ATT01624,EMP072,2025-10-12,08:21:42,17:34:00,8.0,0.0,Present
ATT01625,EMP074,2025-10-12,08:18:00,17:30:00,8.0,0.0,Present
ATT01626,EMP075,2025-10-12,08:21:29,17:40:00,8.0,0.0,Present
ATT01627,EMP076,2025-10-12,08:53:00,17:32:00,7.6,0.0,Late
ATT01628,EMP077,2025-10-12,08:34:13,17:33:00,8.0,0.0,Present
ATT01629,EMP078,2025-10-12,08:34:56,17:32:00,8.0,0.0,Present
ATT01630,EMP079,2025-10-12,08:28:43,17:40:00,8.0,0.0,Present
ATT01631,EMP080,2025-10-12,08:21:12,20:45:00,10.5,2.5,Present
ATT01632,EMP083,2025-10-12,08:23:26,20:35:00,10.5,2.5,Present
ATT01633,EMP084,2025-10-12,08:33:24,17:30:00,8.0,0.0,Present
ATT01634,EMP085,2025-10-12,08:33:00,17:39:00,8.0,0.0,Present
ATT01635,EMP086,2025-10-12,08:27:02,17:46:00,8.0,0.0,Present
ATT01636,EMP087,2025-10-12,08:15:04,17:43:00,8.0,0.0,Present
ATT01637,EMP088,2025-10-12,08:23:20,17:42:00,8.0,0.0,Present
ATT01638,EMP089,2025-10-12,08:25:31,17:42:00,8.0,0.0,Present
ATT01639,EMP090,2025-10-12,08:29:31,17:33:00,8.0,0.0,Present
ATT01640,EMP091,2025-10-12,08:34:06,19:00:00,9.0,1.0,Present
ATT01641,EMP092,2025-10-12,08:25:55,17:43:00,8.0,0.0,Present
ATT01642,EMP093,2025-10-12,08:17:12,17:41:00,8.0,0.0,Present
ATT01643,EMP094,2025-10-12,08:32:00,17:31:00,8.0,0.0,Present
ATT01644,EMP095,2025-10-12,08:16:07,20:02:00,10.0,2.0,Present
ATT01645,EMP096,2025-10-12,08:34:50,17:38:00,8.0,0.0,Present
ATT01646,EMP097,2025-10-12,08:19:37,17:34:00,8.0,0.0,Present
ATT01647,EMP098,2025-10-12,08:19:48,17:43:00,8.0,0.0,Present
ATT01648,EMP099,2025-10-12,08:18:33,17:48:00,8.0,0.0,Present
ATT01649,EMP100,2025-10-12,08:30:17,17:45:00,8.0,0.0,Present
ATT01650,EMP101,2025-10-12,08:23:49,17:32:00,8.0,0.0,Present
ATT01651,EMP102,2025-10-12,08:22:42,17:36:00,8.0,0.0,Present
ATT01652,EMP103,2025-10-12,08:17:31,19:06:00,9.0,1.0,Present
ATT01653,EMP104,2025-10-12,08:27:12,17:40:00,8.0,0.0,Present
ATT01654,EMP105,2025-10-12,08:33:48,17:40:00,8.0,0.0,Present
ATT01655,EMP106,2025-10-12,08:24:45,17:34:00,8.0,0.0,Present
ATT01656,EMP107,2025-10-12,08:18:58,20:12:00,10.0,2.0,Present
ATT01657,EMP108,2025-10-12,,,0.0,0.0,On Leave
ATT01658,EMP109,2025-10-12,08:31:12,17:36:00,8.0,0.0,Present
ATT01659,EMP110,2025-10-12,08:28:10,17:48:00,8.0,0.0,Present
ATT01660,EMP111,2025-10-12,08:19:29,17:33:00,8.0,0.0,Present
ATT01661,EMP112,2025-10-12,08:29:11,17:45:00,8.0,0.0,Present
ATT01662,EMP113,2025-10-12,08:29:22,17:47:00,8.0,0.0,Present
ATT01663,EMP114,2025-10-12,08:28:13,20:40:00,10.5,2.5,Present
ATT01664,EMP115,2025-10-12,08:23:23,20:43:00,10.5,2.5,Present
ATT01665,EMP116,2025-10-12,08:21:25,20:15:00,10.0,2.0,Present
ATT01666,EMP117,2025-10-12,08:18:43,19:33:00,9.5,1.5,Present
ATT01667,EMP120,2025-10-12,08:16:57,20:07:00,10.0,2.0,Present
ATT01668,EMP121,2025-10-12,08:18:17,17:49:00,8.0,0.0,Present
ATT01669,EMP122,2025-10-12,08:27:25,17:37:00,8.0,0.0,Present
ATT01670,EMP123,2025-10-12,08:23:31,17:36:00,8.0,0.0,Present
ATT01671,EMP124,2025-10-12,08:24:45,17:30:00,8.0,0.0,Present
ATT01672,EMP126,2025-10-12,08:31:58,17:45:00,8.0,0.0,Present
ATT01673,EMP127,2025-10-12,08:22:10,17:32:00,8.0,0.0,Present
ATT01674,EMP128,2025-10-12,08:25:57,17:30:00,8.0,0.0,Present
ATT01675,EMP129,2025-10-12,08:28:21,20:02:00,10.0,2.0,Present
ATT01676,EMP130,2025-10-12,08:15:38,17:45:00,8.0,0.0,Present
ATT01677,EMP131,2025-10-12,08:30:55,17:33:00,8.0,0.0,Present
ATT01678,EMP132,2025-10-12,08:15:36,17:39:00,8.0,0.0,Present
ATT01679,EMP133,2025-10-12,08:31:32,19:33:00,9.5,1.5,Present
ATT01680,EMP134,2025-10-12,08:25:28,17:41:00,8.0,0.0,Present
ATT01681,EMP135,2025-10-12,,,0.0,0.0,On Leave
ATT01682,EMP136,2025-10-12,08:30:16,17:30:00,8.0,0.0,Present
ATT01683,EMP137,2025-10-12,08:24:45,17:46:00,8.0,0.0,Present
ATT01684,EMP138,2025-10-12,08:34:30,19:04:00,9.0,1.0,Present
ATT01685,EMP139,2025-10-12,,,0.0,0.0,On Leave
ATT01686,EMP141,2025-10-12,08:19:22,17:37:00,8.0,0.0,Present
ATT01687,EMP142,2025-10-12,08:28:23,17:32:00,8.0,0.0,Present
ATT01688,EMP143,2025-10-12,08:27:40,20:14:00,10.0,2.0,Present
ATT01689,EMP144,2025-10-12,,,0.0,0.0,On Leave
ATT01690,EMP145,2025-10-12,08:20:16,17:41:00,8.0,0.0,Present
ATT01691,EMP146,2025-10-12,08:48:00,17:48:00,7.7,0.0,Late
ATT01692,EMP147,2025-10-12,08:23:19,20:03:00,10.0,2.0,Present
ATT01693,EMP148,2025-10-12,08:29:36,17:41:00,8.0,0.0,Present
ATT01694,EMP149,2025-10-12,08:15:31,17:34:00,8.0,0.0,Present
ATT01695,EMP151,2025-10-12,08:19:33,17:49:00,8.0,0.0,Present
ATT01696,EMP152,2025-10-12,08:20:19,17:32:00,8.0,0.0,Present
ATT01697,EMP153,2025-10-12,08:15:29,20:03:00,10.0,2.0,Present
ATT01698,EMP155,2025-10-12,08:24:00,17:30:00,8.0,0.0,Present
ATT01699,EMP156,2025-10-12,08:19:22,17:46:00,8.0,0.0,Present
ATT01700,EMP157,2025-10-12,08:32:09,17:38:00,8.0,0.0,Present
ATT01701,EMP158,2025-10-12,08:21:27,17:32:00,8.0,0.0,Present
ATT01702,EMP159,2025-10-12,08:16:30,17:37:00,8.0,0.0,Present
ATT01703,EMP160,2025-10-12,08:27:27,17:33:00,8.0,0.0,Present
ATT01704,EMP162,2025-10-12,08:45:00,17:49:00,7.8,0.0,Late
ATT01705,EMP163,2025-10-12,08:33:27,17:40:00,8.0,0.0,Present
ATT01706,EMP164,2025-10-12,08:19:43,17:38:00,8.0,0.0,Present
ATT01707,EMP165,2025-10-12,08:32:12,17:32:00,8.0,0.0,Present
ATT01708,EMP166,2025-10-12,08:29:34,20:33:00,10.5,2.5,Present
ATT01709,EMP167,2025-10-12,08:29:44,17:41:00,8.0,0.0,Present
ATT01710,EMP168,2025-10-12,08:28:29,17:43:00,8.0,0.0,Present
ATT01711,EMP169,2025-10-12,08:32:01,17:43:00,8.0,0.0,Present
ATT01712,EMP170,2025-10-12,08:19:39,17:37:00,8.0,0.0,Present
ATT01713,EMP171,2025-10-12,08:26:08,17:48:00,8.0,0.0,Present
ATT01714,EMP172,2025-10-12,08:16:48,17:34:00,8.0,0.0,Present
ATT01715,EMP173,2025-10-12,08:15:29,17:46:00,8.0,0.0,Present
ATT01716,EMP175,2025-10-12,08:16:05,19:10:00,9.0,1.0,Present
ATT01717,EMP176,2025-10-12,08:24:36,17:40:00,8.0,0.0,Present
ATT01718,EMP178,2025-10-12,08:18:47,17:46:00,8.0,0.0,Present
ATT01719,EMP179,2025-10-12,08:16:44,17:34:00,8.0,0.0,Present
ATT01720,EMP180,2025-10-12,08:30:08,17:50:00,8.0,0.0,Present
ATT01721,EMP181,2025-10-12,08:24:40,17:30:00,8.0,0.0,Present
ATT01722,EMP182,2025-10-12,08:34:44,17:32:00,8.0,0.0,Present
ATT01723,EMP183,2025-10-12,08:34:56,19:07:00,9.0,1.0,Present
ATT01724,EMP185,2025-10-12,08:30:01,17:44:00,8.0,0.0,Present
ATT01725,EMP186,2025-10-12,08:18:19,17:35:00,8.0,0.0,Present
ATT01726,EMP187,2025-10-12,08:32:16,17:44:00,8.0,0.0,Present
ATT01727,EMP188,2025-10-12,08:34:07,17:50:00,8.0,0.0,Present
ATT01728,EMP189,2025-10-12,08:19:52,17:37:00,8.0,0.0,Present
ATT01729,EMP191,2025-10-12,08:32:12,17:39:00,8.0,0.0,Present
ATT01730,EMP192,2025-10-12,08:18:37,17:38:00,8.0,0.0,Present
ATT01731,EMP193,2025-10-12,08:18:29,17:43:00,8.0,0.0,Present
ATT01732,EMP194,2025-10-12,08:24:29,20:30:00,10.5,2.5,Present
ATT01733,EMP195,2025-10-12,08:16:41,17:49:00,8.0,0.0,Present
ATT01734,EMP196,2025-10-12,08:26:08,17:44:00,8.0,0.0,Present
ATT01735,EMP197,2025-10-12,08:20:22,17:46:00,8.0,0.0,Present
ATT01736,EMP198,2025-10-12,08:31:24,17:35:00,8.0,0.0,Present
ATT01737,EMP201,2025-10-12,08:26:41,17:40:00,8.0,0.0,Present
ATT01738,EMP202,2025-10-12,08:19:17,17:39:00,8.0,0.0,Present
ATT01739,EMP203,2025-10-12,08:38:00,17:50:00,7.9,0.0,Late
ATT01740,EMP204,2025-10-12,08:30:38,17:48:00,8.0,0.0,Present
ATT01741,EMP205,2025-10-12,08:31:49,17:38:00,8.0,0.0,Present
ATT01742,EMP206,2025-10-12,08:25:37,17:41:00,8.0,0.0,Present
ATT01743,EMP207,2025-10-12,08:27:04,19:37:00,9.5,1.5,Present
ATT01744,EMP208,2025-10-12,08:18:31,17:45:00,8.0,0.0,Present
ATT01745,EMP209,2025-10-12,08:22:49,17:37:00,8.0,0.0,Present
ATT01746,EMP210,2025-10-12,08:20:46,17:43:00,8.0,0.0,Present
ATT01747,EMP211,2025-10-12,08:37:00,17:49:00,7.9,0.0,Late
ATT01748,EMP212,2025-10-12,08:16:54,17:44:00,8.0,0.0,Present
ATT01749,EMP213,2025-10-12,08:34:40,17:35:00,8.0,0.0,Present
ATT01750,EMP214,2025-10-12,08:29:24,19:36:00,9.5,1.5,Present
ATT01751,EMP215,2025-10-12,08:29:43,17:36:00,8.0,0.0,Present
ATT01752,EMP216,2025-10-12,08:28:52,17:36:00,8.0,0.0,Present
ATT01753,EMP217,2025-10-12,08:15:40,17:33:00,8.0,0.0,Present
ATT01754,EMP218,2025-10-12,08:19:57,20:32:00,10.5,2.5,Present
ATT01755,EMP219,2025-10-12,08:31:31,19:45:00,9.5,1.5,Present
ATT01756,EMP220,2025-10-12,08:26:39,17:34:00,8.0,0.0,Present
ATT01757,EMP221,2025-10-12,08:29:27,17:32:00,8.0,0.0,Present
ATT01758,EMP222,2025-10-12,08:19:50,17:33:00,8.0,0.0,Present
ATT01759,EMP223,2025-10-12,08:22:03,17:40:00,8.0,0.0,Present
ATT01760,EMP224,2025-10-12,08:24:59,17:42:00,8.0,0.0,Present
ATT01761,EMP225,2025-10-12,08:17:55,17:39:00,8.0,0.0,Present
ATT01762,EMP226,2025-10-12,08:33:15,17:49:00,8.0,0.0,Present
ATT01763,EMP227,2025-10-12,08:27:39,19:15:00,9.0,1.0,Present
ATT01764,EMP228,2025-10-12,08:44:00,17:50:00,7.8,0.0,Late
ATT01765,EMP229,2025-10-12,08:25:26,17:40:00,8.0,0.0,Present
ATT01766,EMP230,2025-10-12,08:37:00,17:34:00,7.9,0.0,Late
ATT01767,EMP231,2025-10-12,08:25:59,17:31:00,8.0,0.0,Present
ATT01768,EMP232,2025-10-12,08:17:51,17:49:00,8.0,0.0,Present
ATT01769,EMP233,2025-10-12,08:16:22,17:43:00,8.0,0.0,Present
ATT01770,EMP234,2025-10-12,08:34:59,20:34:00,10.5,2.5,Present
ATT01771,EMP235,2025-10-12,08:16:06,19:41:00,9.5,1.5,Present
ATT01772,EMP236,2025-10-12,08:24:50,17:37:00,8.0,0.0,Present
ATT01773,EMP237,2025-10-12,08:16:01,17:36:00,8.0,0.0,Present
ATT01774,EMP239,2025-10-12,08:27:43,17:30:00,8.0,0.0,Present
ATT01775,EMP240,2025-10-12,08:16:24,17:34:00,8.0,0.0,Present
ATT01776,EMP241,2025-10-12,08:28:35,20:33:00,10.5,2.5,Present
ATT01777,EMP242,2025-10-12,08:47:00,17:41:00,7.7,0.0,Late
ATT01778,EMP243,2025-10-12,08:28:58,19:32:00,9.5,1.5,Present
ATT01779,EMP244,2025-10-12,08:22:26,17:47:00,8.0,0.0,Present
ATT01780,EMP245,2025-10-12,08:15:55,17:31:00,8.0,0.0,Present
ATT01781,EMP246,2025-10-12,08:19:28,19:10:00,9.0,1.0,Present
ATT01782,EMP248,2025-10-12,08:22:18,20:45:00,10.5,2.5,Present
ATT01783,EMP249,2025-10-12,08:17:04,17:47:00,8.0,0.0,Present
ATT01784,EMP250,2025-10-12,08:26:57,17:37:00,8.0,0.0,Present
ATT01785,EMP001,2025-10-13,08:24:23,17:39:00,8.0,0.0,Present
ATT01786,EMP002,2025-10-13,08:22:33,17:40:00,8.0,0.0,Present
ATT01787,EMP003,2025-10-13,08:31:06,20:45:00,10.5,2.5,Present
ATT01788,EMP004,2025-10-13,08:21:58,19:39:00,9.5,1.5,Present
ATT01789,EMP005,2025-10-13,08:21:07,17:34:00,8.0,0.0,Present
ATT01790,EMP006,2025-10-13,08:22:44,17:44:00,8.0,0.0,Present
ATT01791,EMP007,2025-10-13,08:20:00,16:53:00,6.5,0.0,Early Departure
ATT01792,EMP008,2025-10-13,08:23:37,17:32:00,8.0,0.0,Present
ATT01793,EMP009,2025-10-13,08:34:24,17:42:00,8.0,0.0,Present
ATT01794,EMP010,2025-10-13,08:16:14,17:35:00,8.0,0.0,Present
ATT01795,EMP011,2025-10-13,08:32:03,17:31:00,8.0,0.0,Present
ATT01796,EMP012,2025-10-13,08:26:59,20:08:00,10.0,2.0,Present
ATT01797,EMP013,2025-10-13,08:33:13,17:40:00,8.0,0.0,Present
ATT01798,EMP014,2025-10-13,08:34:27,17:31:00,8.0,0.0,Present
ATT01799,EMP015,2025-10-13,08:32:24,17:39:00,8.0,0.0,Present
ATT01800,EMP016,2025-10-13,08:32:29,17:48:00,8.0,0.0,Present
ATT01801,EMP019,2025-10-13,08:23:10,17:44:00,8.0,0.0,Present
ATT01802,EMP020,2025-10-13,08:22:08,17:38:00,8.0,0.0,Present
ATT01803,EMP021,2025-10-13,08:23:05,17:47:00,8.0,0.0,Present
ATT01804,EMP022,2025-10-13,08:33:25,20:11:00,10.0,2.0,Present
ATT01805,EMP023,2025-10-13,08:23:50,17:49:00,8.0,0.0,Present
ATT01806,EMP024,2025-10-13,08:24:36,17:38:00,8.0,0.0,Present
ATT01807,EMP025,2025-10-13,08:29:29,19:14:00,9.0,1.0,Present
ATT01808,EMP026,2025-10-13,08:26:30,17:47:00,8.0,0.0,Present
ATT01809,EMP027,2025-10-13,08:16:37,17:38:00,8.0,0.0,Present
ATT01810,EMP028,2025-10-13,08:53:00,17:40:00,7.6,0.0,Late
ATT01811,EMP029,2025-10-13,08:27:00,15:16:00,5.5,0.0,Early Departure
ATT01812,EMP030,2025-10-13,08:23:16,17:34:00,8.0,0.0,Present
ATT01813,EMP031,2025-10-13,08:20:09,17:50:00,8.0,0.0,Present
ATT01814,EMP032,2025-10-13,08:18:41,20:40:00,10.5,2.5,Present
ATT01815,EMP035,2025-10-13,08:22:03,17:38:00,8.0,0.0,Present
ATT01816,EMP036,2025-10-13,,,0.0,0.0,On Leave
ATT01817,EMP037,2025-10-13,08:26:34,17:49:00,8.0,0.0,Present
ATT01818,EMP038,2025-10-13,08:18:04,17:33:00,8.0,0.0,Present
ATT01819,EMP040,2025-10-13,08:22:13,17:41:00,8.0,0.0,Present
ATT01820,EMP041,2025-10-13,08:28:04,17:39:00,8.0,0.0,Present
ATT01821,EMP042,2025-10-13,08:25:38,17:40:00,8.0,0.0,Present
ATT01822,EMP043,2025-10-13,,,0.0,0.0,On Leave
ATT01823,EMP044,2025-10-13,08:47:00,17:45:00,7.7,0.0,Late
ATT01824,EMP045,2025-10-13,08:24:00,15:10:00,5.5,0.0,Early Departure
ATT01825,EMP046,2025-10-13,08:24:59,19:03:00,9.0,1.0,Present
ATT01826,EMP047,2025-10-13,08:25:32,17:46:00,8.0,0.0,Present
ATT01827,EMP048,2025-10-13,08:26:13,17:48:00,8.0,0.0,Present
ATT01828,EMP049,2025-10-13,08:19:24,17:50:00,8.0,0.0,Present
ATT01829,EMP050,2025-10-13,08:17:59,17:48:00,8.0,0.0,Present
ATT01830,EMP051,2025-10-13,08:33:40,17:43:00,8.0,0.0,Present
ATT01831,EMP052,2025-10-13,08:18:54,17:31:00,8.0,0.0,Present
ATT01832,EMP053,2025-10-13,08:31:33,17:38:00,8.0,0.0,Present
ATT01833,EMP054,2025-10-13,08:33:18,17:40:00,8.0,0.0,Present
ATT01834,EMP055,2025-10-13,08:26:14,17:33:00,8.0,0.0,Present
ATT01835,EMP056,2025-10-13,08:29:46,17:43:00,8.0,0.0,Present
ATT01836,EMP057,2025-10-13,08:26:35,17:41:00,8.0,0.0,Present
ATT01837,EMP058,2025-10-13,08:34:14,17:43:00,8.0,0.0,Present
ATT01838,EMP059,2025-10-13,08:19:59,17:43:00,8.0,0.0,Present
ATT01839,EMP060,2025-10-13,08:19:38,17:39:00,8.0,0.0,Present
ATT01840,EMP062,2025-10-13,08:18:05,17:46:00,8.0,0.0,Present
ATT01841,EMP063,2025-10-13,,,0.0,0.0,On Leave
ATT01842,EMP064,2025-10-13,08:21:57,20:30:00,10.5,2.5,Present
ATT01843,EMP065,2025-10-13,08:28:16,17:45:00,8.0,0.0,Present
ATT01844,EMP069,2025-10-13,08:19:55,20:30:00,10.5,2.5,Present
ATT01845,EMP070,2025-10-13,08:17:08,17:46:00,8.0,0.0,Present
ATT01846,EMP071,2025-10-13,08:49:00,17:41:00,7.7,0.0,Late
ATT01847,EMP072,2025-10-13,08:32:15,17:33:00,8.0,0.0,Present
ATT01848,EMP074,2025-10-13,08:25:37,17:33:00,8.0,0.0,Present
ATT01849,EMP075,2025-10-13,,,0.0,0.0,Absent
ATT01850,EMP076,2025-10-13,08:26:28,17:50:00,8.0,0.0,Present
ATT01851,EMP077,2025-10-13,08:28:18,17:34:00,8.0,0.0,Present
ATT01852,EMP078,2025-10-13,08:33:58,17:46:00,8.0,0.0,Present
ATT01853,EMP079,2025-10-13,08:15:37,17:50:00,8.0,0.0,Present
ATT01854,EMP080,2025-10-13,08:25:28,20:03:00,10.0,2.0,Present
ATT01855,EMP083,2025-10-13,08:30:21,20:39:00,10.5,2.5,Present
ATT01856,EMP084,2025-10-13,08:25:48,19:31:00,9.5,1.5,Present
ATT01857,EMP085,2025-10-13,08:21:27,17:48:00,8.0,0.0,Present
ATT01858,EMP086,2025-10-13,08:25:06,17:35:00,8.0,0.0,Present
ATT01859,EMP087,2025-10-13,08:23:31,17:35:00,8.0,0.0,Present
ATT01860,EMP088,2025-10-13,08:23:38,17:37:00,8.0,0.0,Present
ATT01861,EMP089,2025-10-13,08:19:06,17:46:00,8.0,0.0,Present
ATT01862,EMP090,2025-10-13,08:15:38,17:47:00,8.0,0.0,Present
ATT01863,EMP091,2025-10-13,08:21:00,17:30:00,8.0,0.0,Present
ATT01864,EMP092,2025-10-13,08:24:36,17:44:00,8.0,0.0,Present
ATT01865,EMP093,2025-10-13,08:29:18,17:33:00,8.0,0.0,Present
ATT01866,EMP094,2025-10-13,08:28:31,17:34:00,8.0,0.0,Present
ATT01867,EMP095,2025-10-13,,,0.0,0.0,Absent
ATT01868,EMP096,2025-10-13,08:18:22,17:37:00,8.0,0.0,Present
ATT01869,EMP097,2025-10-13,08:25:10,17:38:00,8.0,0.0,Present
ATT01870,EMP098,2025-10-13,08:31:43,17:40:00,8.0,0.0,Present
ATT01871,EMP099,2025-10-13,08:37:00,17:43:00,7.9,0.0,Late
ATT01872,EMP100,2025-10-13,08:31:20,19:00:00,9.0,1.0,Present
ATT01873,EMP101,2025-10-13,08:33:24,17:37:00,8.0,0.0,Present
ATT01874,EMP102,2025-10-13,08:23:30,19:45:00,9.5,1.5,Present
ATT01875,EMP103,2025-10-13,08:21:40,17:46:00,8.0,0.0,Present
ATT01876,EMP104,2025-10-13,08:21:00,17:45:00,8.0,0.0,Present
ATT01877,EMP105,2025-10-13,08:21:45,20:38:00,10.5,2.5,Present
ATT01878,EMP106,2025-10-13,08:33:15,17:45:00,8.0,0.0,Present
ATT01879,EMP107,2025-10-13,08:20:56,17:37:00,8.0,0.0,Present
ATT01880,EMP108,2025-10-13,08:30:31,17:42:00,8.0,0.0,Present
ATT01881,EMP109,2025-10-13,08:32:30,17:37:00,8.0,0.0,Present
ATT01882,EMP110,2025-10-13,08:24:26,17:40:00,8.0,0.0,Present
ATT01883,EMP111,2025-10-13,08:28:07,20:03:00,10.0,2.0,Present
ATT01884,EMP112,2025-10-13,08:27:45,20:45:00,10.5,2.5,Present
ATT01885,EMP113,2025-10-13,08:22:01,17:46:00,8.0,0.0,Present
ATT01886,EMP114,2025-10-13,08:28:03,17:40:00,8.0,0.0,Present
ATT01887,EMP115,2025-10-13,08:25:26,17:44:00,8.0,0.0,Present
ATT01888,EMP116,2025-10-13,08:23:58,20:37:00,10.5,2.5,Present
ATT01889,EMP117,2025-10-13,08:16:19,17:37:00,8.0,0.0,Present
ATT01890,EMP120,2025-10-13,08:20:34,17:50:00,8.0,0.0,Present
ATT01891,EMP121,2025-10-13,08:34:39,17:49:00,8.0,0.0,Present
ATT01892,EMP122,2025-10-13,08:15:51,17:40:00,8.0,0.0,Present
ATT01893,EMP123,2025-10-13,08:53:00,17:32:00,7.6,0.0,Late
ATT01894,EMP124,2025-10-13,08:31:13,17:36:00,8.0,0.0,Present
ATT01895,EMP126,2025-10-13,,,0.0,0.0,On Leave
ATT01896,EMP127,2025-10-13,08:27:55,17:39:00,8.0,0.0,Present
ATT01897,EMP128,2025-10-13,08:26:21,17:47:00,8.0,0.0,Present
ATT01898,EMP129,2025-10-13,08:15:02,17:46:00,8.0,0.0,Present
ATT01899,EMP130,2025-10-13,08:27:50,17:35:00,8.0,0.0,Present
ATT01900,EMP131,2025-10-13,08:15:14,17:37:00,8.0,0.0,Present
ATT01901,EMP132,2025-10-13,08:18:52,17:50:00,8.0,0.0,Present
ATT01902,EMP133,2025-10-13,08:23:55,19:13:00,9.0,1.0,Present
ATT01903,EMP134,2025-10-13,08:32:38,17:33:00,8.0,0.0,Present
ATT01904,EMP135,2025-10-13,08:27:12,17:39:00,8.0,0.0,Present
ATT01905,EMP136,2025-10-13,08:28:32,17:39:00,8.0,0.0,Present
ATT01906,EMP137,2025-10-13,08:21:06,17:50:00,8.0,0.0,Present
ATT01907,EMP138,2025-10-13,08:27:18,17:37:00,8.0,0.0,Present
ATT01908,EMP139,2025-10-13,,,0.0,0.0,On Leave
ATT01909,EMP141,2025-10-13,08:30:18,17:47:00,8.0,0.0,Present
ATT01910,EMP142,2025-10-13,08:27:01,17:42:00,8.0,0.0,Present
ATT01911,EMP143,2025-10-13,08:28:00,15:28:00,5.5,0.0,Early Departure
ATT01912,EMP144,2025-10-13,08:15:25,17:44:00,8.0,0.0,Present
ATT01913,EMP145,2025-10-13,08:33:06,17:40:00,8.0,0.0,Present
ATT01914,EMP146,2025-10-13,08:17:06,17:36:00,8.0,0.0,Present
ATT01915,EMP147,2025-10-13,08:30:37,17:34:00,8.0,0.0,Present
ATT01916,EMP148,2025-10-13,08:30:33,17:48:00,8.0,0.0,Present
ATT01917,EMP149,2025-10-13,08:16:49,17:43:00,8.0,0.0,Present
ATT01918,EMP151,2025-10-13,08:25:53,20:13:00,10.0,2.0,Present
ATT01919,EMP152,2025-10-13,08:23:44,17:47:00,8.0,0.0,Present
ATT01920,EMP153,2025-10-13,08:32:31,17:50:00,8.0,0.0,Present
ATT01921,EMP155,2025-10-13,08:29:45,17:47:00,8.0,0.0,Present
ATT01922,EMP156,2025-10-13,08:17:58,19:12:00,9.0,1.0,Present
ATT01923,EMP157,2025-10-13,08:15:10,17:33:00,8.0,0.0,Present
ATT01924,EMP158,2025-10-13,08:29:55,17:31:00,8.0,0.0,Present
ATT01925,EMP159,2025-10-13,08:51:00,17:35:00,7.7,0.0,Late
ATT01926,EMP160,2025-10-13,08:31:31,20:42:00,10.5,2.5,Present
ATT01927,EMP162,2025-10-13,08:18:27,17:38:00,8.0,0.0,Present
ATT01928,EMP163,2025-10-13,08:34:56,17:50:00,8.0,0.0,Present
ATT01929,EMP164,2025-10-13,08:24:33,17:49:00,8.0,0.0,Present
ATT01930,EMP165,2025-10-13,08:25:00,16:30:00,6.5,0.0,Early Departure
ATT01931,EMP166,2025-10-13,08:25:59,17:34:00,8.0,0.0,Present
ATT01932,EMP167,2025-10-13,08:30:00,17:35:00,8.0,0.0,Present
ATT01933,EMP168,2025-10-13,08:17:00,17:36:00,8.0,0.0,Present
ATT01934,EMP169,2025-10-13,08:18:34,17:33:00,8.0,0.0,Present
ATT01935,EMP170,2025-10-13,08:29:38,20:07:00,10.0,2.0,Present
ATT01936,EMP171,2025-10-13,08:15:59,20:13:00,10.0,2.0,Present
ATT01937,EMP172,2025-10-13,08:24:23,17:42:00,8.0,0.0,Present
ATT01938,EMP173,2025-10-13,08:53:00,17:47:00,7.6,0.0,Late
ATT01939,EMP175,2025-10-13,08:21:04,17:33:00,8.0,0.0,Present
ATT01940,EMP176,2025-10-13,08:23:11,17:33:00,8.0,0.0,Present
ATT01941,EMP178,2025-10-13,08:31:37,17:42:00,8.0,0.0,Present
ATT01942,EMP179,2025-10-13,08:33:38,17:49:00,8.0,0.0,Present
ATT01943,EMP180,2025-10-13,08:30:13,19:36:00,9.5,1.5,Present
ATT01944,EMP181,2025-10-13,08:34:09,20:30:00,10.5,2.5,Present
ATT01945,EMP182,2025-10-13,08:16:08,17:44:00,8.0,0.0,Present
ATT01946,EMP183,2025-10-13,08:30:20,17:33:00,8.0,0.0,Present
ATT01947,EMP185,2025-10-13,08:27:24,17:45:00,8.0,0.0,Present
ATT01948,EMP186,2025-10-13,08:31:20,17:49:00,8.0,0.0,Present
ATT01949,EMP187,2025-10-13,08:20:40,17:34:00,8.0,0.0,Present
ATT01950,EMP188,2025-10-13,08:32:28,17:38:00,8.0,0.0,Present
ATT01951,EMP189,2025-10-13,08:32:57,17:41:00,8.0,0.0,Present
ATT01952,EMP191,2025-10-13,08:26:54,17:41:00,8.0,0.0,Present
ATT01953,EMP192,2025-10-13,08:21:39,17:36:00,8.0,0.0,Present
ATT01954,EMP193,2025-10-13,08:20:59,17:30:00,8.0,0.0,Present
ATT01955,EMP194,2025-10-13,08:26:33,20:10:00,10.0,2.0,Present
ATT01956,EMP195,2025-10-13,08:26:58,17:30:00,8.0,0.0,Present
ATT01957,EMP196,2025-10-13,08:16:41,17:45:00,8.0,0.0,Present
ATT01958,EMP197,2025-10-13,08:23:17,17:48:00,8.0,0.0,Present
ATT01959,EMP198,2025-10-13,08:30:38,17:45:00,8.0,0.0,Present
ATT01960,EMP201,2025-10-13,08:32:51,20:00:00,10.0,2.0,Present
ATT01961,EMP202,2025-10-13,08:19:45,17:34:00,8.0,0.0,Present
ATT01962,EMP203,2025-10-13,08:18:03,17:31:00,8.0,0.0,Present
ATT01963,EMP204,2025-10-13,08:32:17,17:36:00,8.0,0.0,Present
ATT01964,EMP205,2025-10-13,08:15:21,17:40:00,8.0,0.0,Present
ATT01965,EMP206,2025-10-13,08:41:00,17:48:00,7.8,0.0,Late
ATT01966,EMP207,2025-10-13,08:26:33,20:43:00,10.5,2.5,Present
ATT01967,EMP208,2025-10-13,08:16:04,19:38:00,9.5,1.5,Present
ATT01968,EMP209,2025-10-13,08:29:02,17:36:00,8.0,0.0,Present
ATT01969,EMP210,2025-10-13,08:28:11,17:30:00,8.0,0.0,Present
ATT01970,EMP211,2025-10-13,08:32:22,20:32:00,10.5,2.5,Present
ATT01971,EMP212,2025-10-13,08:29:05,19:05:00,9.0,1.0,Present
ATT01972,EMP213,2025-10-13,08:20:20,17:30:00,8.0,0.0,Present
ATT01973,EMP214,2025-10-13,08:15:13,17:44:00,8.0,0.0,Present
ATT01974,EMP215,2025-10-13,08:22:19,17:50:00,8.0,0.0,Present
ATT01975,EMP216,2025-10-13,08:23:00,15:19:00,5.5,0.0,Early Departure
ATT01976,EMP217,2025-10-13,08:24:11,17:48:00,8.0,0.0,Present
ATT01977,EMP218,2025-10-13,08:22:53,19:35:00,9.5,1.5,Present
ATT01978,EMP219,2025-10-13,,,0.0,0.0,On Leave
ATT01979,EMP220,2025-10-13,08:29:16,20:11:00,10.0,2.0,Present
ATT01980,EMP221,2025-10-13,08:31:28,17:35:00,8.0,0.0,Present
ATT01981,EMP222,2025-10-13,08:33:24,19:43:00,9.5,1.5,Present
ATT01982,EMP223,2025-10-13,08:24:13,17:46:00,8.0,0.0,Present
ATT01983,EMP224,2025-10-13,08:23:05,17:36:00,8.0,0.0,Present
ATT01984,EMP225,2025-10-13,08:29:16,19:05:00,9.0,1.0,Present
ATT01985,EMP226,2025-10-13,08:29:37,17:48:00,8.0,0.0,Present
ATT01986,EMP227,2025-10-13,08:33:57,19:11:00,9.0,1.0,Present
ATT01987,EMP228,2025-10-13,08:15:10,17:40:00,8.0,0.0,Present
ATT01988,EMP229,2025-10-13,08:18:11,17:39:00,8.0,0.0,Present
ATT01989,EMP230,2025-10-13,08:32:11,17:44:00,8.0,0.0,Present
ATT01990,EMP231,2025-10-13,08:29:37,17:43:00,8.0,0.0,Present
ATT01991,EMP232,2025-10-13,08:30:53,17:41:00,8.0,0.0,Present
ATT01992,EMP233,2025-10-13,08:30:43,17:31:00,8.0,0.0,Present
ATT01993,EMP234,2025-10-13,,,0.0,0.0,On Leave
ATT01994,EMP235,2025-10-13,08:31:06,17:38:00,8.0,0.0,Present
ATT01995,EMP236,2025-10-13,08:26:00,15:10:00,5.5,0.0,Early Departure
ATT01996,EMP237,2025-10-13,08:24:56,17:46:00,8.0,0.0,Present
ATT01997,EMP239,2025-10-13,08:33:48,20:01:00,10.0,2.0,Present
ATT01998,EMP240,2025-10-13,,,0.0,0.0,On Leave
ATT01999,EMP241,2025-10-13,08:19:51,17:42:00,8.0,0.0,Present
ATT02000,EMP242,2025-10-13,08:15:42,19:39:00,9.5,1.5,Present
ATT02001,EMP243,2025-10-13,08:20:15,17:43:00,8.0,0.0,Present
ATT02002,EMP244,2025-10-13,08:22:09,17:41:00,8.0,0.0,Present
ATT02003,EMP245,2025-10-13,08:20:22,20:36:00,10.5,2.5,Present
ATT02004,EMP246,2025-10-13,08:48:00,17:44:00,7.7,0.0,Late
ATT02005,EMP248,2025-10-13,08:18:24,19:42:00,9.5,1.5,Present
ATT02006,EMP249,2025-10-13,08:24:52,17:43:00,8.0,0.0,Present
ATT02007,EMP250,2025-10-13,08:32:04,17:48:00,8.0,0.0,Present
ATT02008,EMP001,2025-10-14,08:34:11,17:41:00,8.0,0.0,Present
ATT02009,EMP002,2025-10-14,08:31:52,20:32:00,10.5,2.5,Present
ATT02010,EMP003,2025-10-14,08:19:31,19:39:00,9.5,1.5,Present
ATT02011,EMP004,2025-10-14,08:25:24,17:43:00,8.0,0.0,Present
ATT02012,EMP005,2025-10-14,08:24:24,17:45:00,8.0,0.0,Present
ATT02013,EMP006,2025-10-14,08:28:11,19:14:00,9.0,1.0,Present
ATT02014,EMP007,2025-10-14,08:26:43,17:50:00,8.0,0.0,Present
ATT02015,EMP008,2025-10-14,08:15:10,17:48:00,8.0,0.0,Present
ATT02016,EMP009,2025-10-14,08:29:00,17:42:00,8.0,0.0,Present
ATT02017,EMP010,2025-10-14,08:16:19,17:50:00,8.0,0.0,Present
ATT02018,EMP011,2025-10-14,08:29:32,17:45:00,8.0,0.0,Present
ATT02019,EMP012,2025-10-14,08:32:23,19:43:00,9.5,1.5,Present
ATT02020,EMP013,2025-10-14,08:27:55,17:34:00,8.0,0.0,Present
ATT02021,EMP014,2025-10-14,08:33:16,20:43:00,10.5,2.5,Present
ATT02022,EMP015,2025-10-14,08:24:02,20:44:00,10.5,2.5,Present
ATT02023,EMP016,2025-10-14,08:34:43,17:43:00,8.0,0.0,Present
ATT02024,EMP019,2025-10-14,08:24:49,17:47:00,8.0,0.0,Present
ATT02025,EMP020,2025-10-14,08:24:22,17:44:00,8.0,0.0,Present
ATT02026,EMP021,2025-10-14,08:16:38,19:12:00,9.0,1.0,Present
ATT02027,EMP022,2025-10-14,08:17:34,19:45:00,9.5,1.5,Present
ATT02028,EMP023,2025-10-14,08:23:22,17:49:00,8.0,0.0,Present
ATT02029,EMP024,2025-10-14,08:31:36,17:32:00,8.0,0.0,Present
ATT02030,EMP025,2025-10-14,08:16:09,17:50:00,8.0,0.0,Present
ATT02031,EMP026,2025-10-14,08:18:24,17:32:00,8.0,0.0,Present
ATT02032,EMP027,2025-10-14,08:24:27,17:35:00,8.0,0.0,Present
ATT02033,EMP028,2025-10-14,08:24:00,15:53:00,5.5,0.0,Early Departure
ATT02034,EMP029,2025-10-14,08:39:00,17:55:00,7.8,0.0,Late
ATT02035,EMP030,2025-10-14,08:23:19,17:47:00,8.0,0.0,Present
ATT02036,EMP031,2025-10-14,08:22:44,17:41:00,8.0,0.0,Present
ATT02037,EMP032,2025-10-14,08:21:48,17:38:00,8.0,0.0,Present
ATT02038,EMP035,2025-10-14,08:20:17,17:31:00,8.0,0.0,Present
ATT02039,EMP036,2025-10-14,08:20:43,17:30:00,8.0,0.0,Present
ATT02040,EMP037,2025-10-14,08:15:50,17:34:00,8.0,0.0,Present
ATT02041,EMP038,2025-10-14,08:29:38,17:50:00,8.0,0.0,Present
ATT02042,EMP040,2025-10-14,08:22:14,20:07:00,10.0,2.0,Present
ATT02043,EMP041,2025-10-14,08:24:46,17:44:00,8.0,0.0,Present
ATT02044,EMP042,2025-10-14,08:34:21,17:45:00,8.0,0.0,Present
ATT02045,EMP043,2025-10-14,08:36:00,17:40:00,7.9,0.0,Late
ATT02046,EMP044,2025-10-14,08:26:52,17:44:00,8.0,0.0,Present
ATT02047,EMP045,2025-10-14,08:30:13,17:35:00,8.0,0.0,Present
ATT02048,EMP046,2025-10-14,08:23:25,19:15:00,9.0,1.0,Present
ATT02049,EMP047,2025-10-14,08:26:05,17:46:00,8.0,0.0,Present
ATT02050,EMP048,2025-10-14,08:24:48,17:44:00,8.0,0.0,Present
ATT02051,EMP049,2025-10-14,08:34:37,20:13:00,10.0,2.0,Present
ATT02052,EMP050,2025-10-14,08:15:48,17:47:00,8.0,0.0,Present
ATT02053,EMP051,2025-10-14,08:22:24,17:34:00,8.0,0.0,Present
ATT02054,EMP052,2025-10-14,08:18:06,17:36:00,8.0,0.0,Present
ATT02055,EMP053,2025-10-14,,,0.0,0.0,Absent
ATT02056,EMP054,2025-10-14,08:20:55,20:43:00,10.5,2.5,Present
ATT02057,EMP055,2025-10-14,08:21:26,17:38:00,8.0,0.0,Present
ATT02058,EMP056,2025-10-14,08:26:40,20:12:00,10.0,2.0,Present
ATT02059,EMP057,2025-10-14,08:27:31,17:39:00,8.0,0.0,Present
ATT02060,EMP058,2025-10-14,08:29:10,17:35:00,8.0,0.0,Present
ATT02061,EMP059,2025-10-14,08:15:34,17:44:00,8.0,0.0,Present
ATT02062,EMP060,2025-10-14,08:18:24,17:43:00,8.0,0.0,Present
ATT02063,EMP062,2025-10-14,,,0.0,0.0,On Leave
ATT02064,EMP063,2025-10-14,08:15:39,17:49:00,8.0,0.0,Present
ATT02065,EMP064,2025-10-14,08:17:38,17:43:00,8.0,0.0,Present
ATT02066,EMP065,2025-10-14,08:25:00,15:10:00,5.5,0.0,Early Departure
ATT02067,EMP069,2025-10-14,08:30:43,20:00:00,10.0,2.0,Present
ATT02068,EMP070,2025-10-14,08:27:35,17:36:00,8.0,0.0,Present
ATT02069,EMP071,2025-10-14,08:20:29,17:37:00,8.0,0.0,Present
ATT02070,EMP072,2025-10-14,08:21:20,19:00:00,9.0,1.0,Present
ATT02071,EMP074,2025-10-14,08:29:29,17:49:00,8.0,0.0,Present
ATT02072,EMP075,2025-10-14,08:22:50,20:33:00,10.5,2.5,Present
ATT02073,EMP076,2025-10-14,08:25:55,17:35:00,8.0,0.0,Present
ATT02074,EMP077,2025-10-14,08:17:00,17:43:00,8.0,0.0,Present
ATT02075,EMP078,2025-10-14,08:30:55,17:43:00,8.0,0.0,Present
ATT02076,EMP079,2025-10-14,08:28:00,15:45:00,5.5,0.0,Early Departure
ATT02077,EMP080,2025-10-14,08:32:45,20:31:00,10.5,2.5,Present
ATT02078,EMP083,2025-10-14,08:27:53,17:31:00,8.0,0.0,Present
ATT02079,EMP084,2025-10-14,08:31:40,17:43:00,8.0,0.0,Present
ATT02080,EMP085,2025-10-14,08:18:09,17:48:00,8.0,0.0,Present
ATT02081,EMP086,2025-10-14,08:18:46,20:40:00,10.5,2.5,Present
ATT02082,EMP087,2025-10-14,08:22:50,17:38:00,8.0,0.0,Present
ATT02083,EMP088,2025-10-14,08:17:29,17:45:00,8.0,0.0,Present
ATT02084,EMP089,2025-10-14,08:23:21,17:44:00,8.0,0.0,Present
ATT02085,EMP090,2025-10-14,08:29:44,17:38:00,8.0,0.0,Present
ATT02086,EMP091,2025-10-14,08:19:09,17:30:00,8.0,0.0,Present
ATT02087,EMP092,2025-10-14,08:26:36,17:39:00,8.0,0.0,Present
ATT02088,EMP093,2025-10-14,08:20:36,17:45:00,8.0,0.0,Present
ATT02089,EMP094,2025-10-14,08:24:09,17:34:00,8.0,0.0,Present
ATT02090,EMP095,2025-10-14,08:24:54,17:50:00,8.0,0.0,Present
ATT02091,EMP096,2025-10-14,08:21:37,17:48:00,8.0,0.0,Present
ATT02092,EMP097,2025-10-14,08:26:46,17:46:00,8.0,0.0,Present
ATT02093,EMP098,2025-10-14,08:34:57,20:04:00,10.0,2.0,Present
ATT02094,EMP099,2025-10-14,08:31:20,17:42:00,8.0,0.0,Present
ATT02095,EMP100,2025-10-14,08:30:41,20:35:00,10.5,2.5,Present
ATT02096,EMP101,2025-10-14,08:27:00,17:32:00,8.0,0.0,Present
ATT02097,EMP102,2025-10-14,08:24:13,17:38:00,8.0,0.0,Present
ATT02098,EMP103,2025-10-14,08:18:41,20:44:00,10.5,2.5,Present
ATT02099,EMP104,2025-10-14,08:15:53,17:46:00,8.0,0.0,Present
ATT02100,EMP105,2025-10-14,08:42:00,17:41:00,7.8,0.0,Late
ATT02101,EMP106,2025-10-14,08:27:40,20:02:00,10.0,2.0,Present
ATT02102,EMP107,2025-10-14,08:32:54,17:32:00,8.0,0.0,Present
ATT02103,EMP108,2025-10-14,,,0.0,0.0,On Leave
ATT02104,EMP109,2025-10-14,08:33:33,17:38:00,8.0,0.0,Present
ATT02105,EMP110,2025-10-14,08:20:44,17:37:00,8.0,0.0,Present
ATT02106,EMP111,2025-10-14,08:29:11,20:08:00,10.0,2.0,Present
ATT02107,EMP112,2025-10-14,08:21:46,17:32:00,8.0,0.0,Present
ATT02108,EMP113,2025-10-14,08:40:00,17:46:00,7.8,0.0,Late
ATT02109,EMP114,2025-10-14,08:21:14,17:48:00,8.0,0.0,Present
ATT02110,EMP115,2025-10-14,08:18:34,17:31:00,8.0,0.0,Present
ATT02111,EMP116,2025-10-14,08:17:12,17:44:00,8.0,0.0,Present
ATT02112,EMP117,2025-10-14,08:21:06,17:36:00,8.0,0.0,Present
ATT02113,EMP120,2025-10-14,08:24:36,20:33:00,10.5,2.5,Present
ATT02114,EMP121,2025-10-14,08:29:49,17:48:00,8.0,0.0,Present
ATT02115,EMP122,2025-10-14,08:34:48,17:30:00,8.0,0.0,Present
ATT02116,EMP123,2025-10-14,08:28:38,17:50:00,8.0,0.0,Present
ATT02117,EMP124,2025-10-14,08:31:30,17:50:00,8.0,0.0,Present
ATT02118,EMP126,2025-10-14,08:32:15,17:47:00,8.0,0.0,Present
ATT02119,EMP127,2025-10-14,08:29:07,17:35:00,8.0,0.0,Present
ATT02120,EMP128,2025-10-14,08:25:57,17:45:00,8.0,0.0,Present
ATT02121,EMP129,2025-10-14,08:20:04,17:39:00,8.0,0.0,Present
ATT02122,EMP130,2025-10-14,08:29:21,17:47:00,8.0,0.0,Present
ATT02123,EMP131,2025-10-14,08:21:49,19:36:00,9.5,1.5,Present
ATT02124,EMP132,2025-10-14,08:24:20,17:45:00,8.0,0.0,Present
ATT02125,EMP133,2025-10-14,08:24:59,17:48:00,8.0,0.0,Present
ATT02126,EMP134,2025-10-14,08:25:10,20:35:00,10.5,2.5,Present
ATT02127,EMP135,2025-10-14,08:34:42,20:43:00,10.5,2.5,Present
ATT02128,EMP136,2025-10-14,08:23:14,17:45:00,8.0,0.0,Present
ATT02129,EMP137,2025-10-14,08:45:00,17:41:00,7.8,0.0,Late
ATT02130,EMP138,2025-10-14,08:25:46,17:40:00,8.0,0.0,Present
ATT02131,EMP139,2025-10-14,08:28:36,17:43:00,8.0,0.0,Present
ATT02132,EMP141,2025-10-14,08:27:03,17:41:00,8.0,0.0,Present
ATT02133,EMP142,2025-10-14,08:19:29,17:30:00,8.0,0.0,Present
ATT02134,EMP143,2025-10-14,08:21:13,17:38:00,8.0,0.0,Present
ATT02135,EMP144,2025-10-14,08:26:01,17:42:00,8.0,0.0,Present
ATT02136,EMP145,2025-10-14,08:32:47,19:44:00,9.5,1.5,Present
ATT02137,EMP146,2025-10-14,08:18:04,17:40:00,8.0,0.0,Present
ATT02138,EMP147,2025-10-14,08:33:30,17:31:00,8.0,0.0,Present
ATT02139,EMP148,2025-10-14,08:27:44,17:45:00,8.0,0.0,Present
ATT02140,EMP149,2025-10-14,08:34:37,17:33:00,8.0,0.0,Present
ATT02141,EMP151,2025-10-14,08:25:17,17:44:00,8.0,0.0,Present
ATT02142,EMP152,2025-10-14,08:39:00,17:45:00,7.8,0.0,Late
ATT02143,EMP153,2025-10-14,08:17:20,17:43:00,8.0,0.0,Present
ATT02144,EMP155,2025-10-14,08:19:37,17:36:00,8.0,0.0,Present
ATT02145,EMP156,2025-10-14,08:29:15,17:47:00,8.0,0.0,Present
ATT02146,EMP157,2025-10-14,08:23:35,17:39:00,8.0,0.0,Present
ATT02147,EMP158,2025-10-14,08:19:49,17:40:00,8.0,0.0,Present
ATT02148,EMP159,2025-10-14,08:25:00,16:47:00,6.5,0.0,Early Departure
ATT02149,EMP160,2025-10-14,08:41:00,17:40:00,7.8,0.0,Late
ATT02150,EMP162,2025-10-14,08:29:23,17:38:00,8.0,0.0,Present
ATT02151,EMP163,2025-10-14,08:15:08,20:43:00,10.5,2.5,Present
ATT02152,EMP164,2025-10-14,08:30:51,19:11:00,9.0,1.0,Present
ATT02153,EMP165,2025-10-14,08:28:02,17:40:00,8.0,0.0,Present
ATT02154,EMP166,2025-10-14,08:30:18,17:50:00,8.0,0.0,Present
ATT02155,EMP167,2025-10-14,08:17:36,19:05:00,9.0,1.0,Present
ATT02156,EMP168,2025-10-14,08:17:36,17:49:00,8.0,0.0,Present
ATT02157,EMP169,2025-10-14,08:21:48,20:38:00,10.5,2.5,Present
ATT02158,EMP170,2025-10-14,08:19:41,17:35:00,8.0,0.0,Present
ATT02159,EMP171,2025-10-14,08:25:29,17:43:00,8.0,0.0,Present
ATT02160,EMP172,2025-10-14,08:48:00,17:48:00,7.7,0.0,Late
ATT02161,EMP173,2025-10-14,08:34:53,17:30:00,8.0,0.0,Present
ATT02162,EMP175,2025-10-14,08:28:09,17:37:00,8.0,0.0,Present
ATT02163,EMP176,2025-10-14,08:25:34,17:36:00,8.0,0.0,Present
ATT02164,EMP178,2025-10-14,08:33:59,17:48:00,8.0,0.0,Present
ATT02165,EMP179,2025-10-14,08:19:13,17:33:00,8.0,0.0,Present
ATT02166,EMP180,2025-10-14,08:34:54,19:41:00,9.5,1.5,Present
ATT02167,EMP181,2025-10-14,08:25:00,16:59:00,6.5,0.0,Early Departure
ATT02168,EMP182,2025-10-14,08:21:12,17:43:00,8.0,0.0,Present
ATT02169,EMP183,2025-10-14,,,0.0,0.0,Absent
ATT02170,EMP185,2025-10-14,08:21:49,17:34:00,8.0,0.0,Present
ATT02171,EMP186,2025-10-14,08:29:07,17:42:00,8.0,0.0,Present
ATT02172,EMP187,2025-10-14,08:21:24,20:42:00,10.5,2.5,Present
ATT02173,EMP188,2025-10-14,08:27:37,17:32:00,8.0,0.0,Present
ATT02174,EMP189,2025-10-14,,,0.0,0.0,On Leave
ATT02175,EMP191,2025-10-14,08:33:46,17:35:00,8.0,0.0,Present
ATT02176,EMP192,2025-10-14,08:18:31,17:41:00,8.0,0.0,Present
ATT02177,EMP193,2025-10-14,08:25:26,19:11:00,9.0,1.0,Present
ATT02178,EMP194,2025-10-14,08:31:07,17:30:00,8.0,0.0,Present
ATT02179,EMP195,2025-10-14,08:28:25,17:33:00,8.0,0.0,Present
ATT02180,EMP196,2025-10-14,08:24:53,20:07:00,10.0,2.0,Present
ATT02181,EMP197,2025-10-14,,,0.0,0.0,Absent
ATT02182,EMP198,2025-10-14,08:27:56,17:38:00,8.0,0.0,Present
ATT02183,EMP201,2025-10-14,08:25:02,19:35:00,9.5,1.5,Present
ATT02184,EMP202,2025-10-14,08:19:33,20:31:00,10.5,2.5,Present
ATT02185,EMP203,2025-10-14,08:21:55,17:39:00,8.0,0.0,Present
ATT02186,EMP204,2025-10-14,08:28:52,19:35:00,9.5,1.5,Present
ATT02187,EMP205,2025-10-14,08:40:00,17:53:00,7.8,0.0,Late
ATT02188,EMP206,2025-10-14,08:20:23,17:33:00,8.0,0.0,Present
ATT02189,EMP207,2025-10-14,08:15:31,17:42:00,8.0,0.0,Present
ATT02190,EMP208,2025-10-14,08:23:39,17:30:00,8.0,0.0,Present
ATT02191,EMP209,2025-10-14,08:30:02,17:34:00,8.0,0.0,Present
ATT02192,EMP210,2025-10-14,08:37:00,17:47:00,7.9,0.0,Late
ATT02193,EMP211,2025-10-14,08:34:46,17:35:00,8.0,0.0,Present
ATT02194,EMP212,2025-10-14,08:26:57,17:43:00,8.0,0.0,Present
ATT02195,EMP213,2025-10-14,,,0.0,0.0,On Leave
ATT02196,EMP214,2025-10-14,08:30:29,17:47:00,8.0,0.0,Present
ATT02197,EMP215,2025-10-14,08:34:51,17:39:00,8.0,0.0,Present
ATT02198,EMP216,2025-10-14,08:23:08,17:47:00,8.0,0.0,Present
ATT02199,EMP217,2025-10-14,08:34:42,17:45:00,8.0,0.0,Present
ATT02200,EMP218,2025-10-14,08:33:12,19:34:00,9.5,1.5,Present
ATT02201,EMP219,2025-10-14,08:17:47,20:39:00,10.5,2.5,Present
ATT02202,EMP220,2025-10-14,08:39:00,17:37:00,7.8,0.0,Late
ATT02203,EMP221,2025-10-14,08:20:46,17:40:00,8.0,0.0,Present
ATT02204,EMP222,2025-10-14,08:29:42,17:46:00,8.0,0.0,Present
ATT02205,EMP223,2025-10-14,08:23:48,17:40:00,8.0,0.0,Present
ATT02206,EMP224,2025-10-14,08:19:37,17:31:00,8.0,0.0,Present
ATT02207,EMP225,2025-10-14,08:27:40,19:35:00,9.5,1.5,Present
ATT02208,EMP226,2025-10-14,08:16:53,17:35:00,8.0,0.0,Present
ATT02209,EMP227,2025-10-14,08:15:36,17:41:00,8.0,0.0,Present
ATT02210,EMP228,2025-10-14,08:33:25,17:36:00,8.0,0.0,Present
ATT02211,EMP229,2025-10-14,08:23:34,17:38:00,8.0,0.0,Present
ATT02212,EMP230,2025-10-14,08:31:59,17:35:00,8.0,0.0,Present
ATT02213,EMP231,2025-10-14,08:30:49,17:33:00,8.0,0.0,Present
ATT02214,EMP232,2025-10-14,08:25:48,17:32:00,8.0,0.0,Present
ATT02215,EMP233,2025-10-14,08:28:41,19:33:00,9.5,1.5,Present
ATT02216,EMP234,2025-10-14,08:29:53,20:04:00,10.0,2.0,Present
ATT02217,EMP235,2025-10-14,08:24:28,17:32:00,8.0,0.0,Present
ATT02218,EMP236,2025-10-14,,,0.0,0.0,On Leave
ATT02219,EMP237,2025-10-14,,,0.0,0.0,On Leave
ATT02220,EMP239,2025-10-14,08:31:12,19:30:00,9.5,1.5,Present
ATT02221,EMP240,2025-10-14,08:26:33,17:34:00,8.0,0.0,Present
ATT02222,EMP241,2025-10-14,08:31:33,20:07:00,10.0,2.0,Present
ATT02223,EMP242,2025-10-14,08:31:10,17:33:00,8.0,0.0,Present
ATT02224,EMP243,2025-10-14,08:34:14,17:34:00,8.0,0.0,Present
ATT02225,EMP244,2025-10-14,08:34:27,17:38:00,8.0,0.0,Present
ATT02226,EMP245,2025-10-14,08:27:18,17:46:00,8.0,0.0,Present
ATT02227,EMP246,2025-10-14,,,0.0,0.0,On Leave
ATT02228,EMP248,2025-10-14,08:50:00,17:40:00,7.7,0.0,Late
ATT02229,EMP249,2025-10-14,08:24:00,20:06:00,10.0,2.0,Present
ATT02230,EMP250,2025-10-14,08:55:00,17:49:00,7.6,0.0,Late
ATT02231,EMP001,2025-10-15,08:20:00,16:08:00,6.5,0.0,Early Departure
ATT02232,EMP002,2025-10-15,08:20:48,17:37:00,8.0,0.0,Present
ATT02233,EMP003,2025-10-15,08:20:41,17:48:00,8.0,0.0,Present
ATT02234,EMP004,2025-10-15,08:26:04,17:38:00,8.0,0.0,Present
ATT02235,EMP005,2025-10-15,08:27:07,17:48:00,8.0,0.0,Present
ATT02236,EMP006,2025-10-15,08:22:00,15:28:00,5.5,0.0,Early Departure
ATT02237,EMP007,2025-10-15,08:23:48,17:50:00,8.0,0.0,Present
ATT02238,EMP008,2025-10-15,08:24:33,20:37:00,10.5,2.5,Present
ATT02239,EMP009,2025-10-15,08:24:52,20:34:00,10.5,2.5,Present
ATT02240,EMP010,2025-10-15,08:25:56,17:31:00,8.0,0.0,Present
ATT02241,EMP011,2025-10-15,08:23:07,17:43:00,8.0,0.0,Present
ATT02242,EMP012,2025-10-15,08:30:48,17:46:00,8.0,0.0,Present
ATT02243,EMP013,2025-10-15,08:34:38,17:37:00,8.0,0.0,Present
ATT02244,EMP014,2025-10-15,08:30:53,17:43:00,8.0,0.0,Present
ATT02245,EMP015,2025-10-15,08:18:55,17:38:00,8.0,0.0,Present
ATT02246,EMP016,2025-10-15,08:52:00,17:40:00,7.6,0.0,Late
ATT02247,EMP019,2025-10-15,08:23:22,19:15:00,9.0,1.0,Present
ATT02248,EMP020,2025-10-15,08:30:14,17:38:00,8.0,0.0,Present
ATT02249,EMP021,2025-10-15,08:30:35,17:48:00,8.0,0.0,Present
ATT02250,EMP022,2025-10-15,08:31:55,17:42:00,8.0,0.0,Present
ATT02251,EMP023,2025-10-15,08:18:37,17:50:00,8.0,0.0,Present
ATT02252,EMP024,2025-10-15,08:29:00,15:07:00,5.5,0.0,Early Departure
ATT02253,EMP025,2025-10-15,,,0.0,0.0,On Leave
ATT02254,EMP026,2025-10-15,08:33:43,17:49:00,8.0,0.0,Present
ATT02255,EMP027,2025-10-15,08:27:45,17:41:00,8.0,0.0,Present
ATT02256,EMP028,2025-10-15,08:29:54,17:46:00,8.0,0.0,Present
ATT02257,EMP029,2025-10-15,08:27:52,17:43:00,8.0,0.0,Present
ATT02258,EMP030,2025-10-15,08:15:13,17:30:00,8.0,0.0,Present
ATT02259,EMP031,2025-10-15,08:25:06,17:43:00,8.0,0.0,Present
ATT02260,EMP032,2025-10-15,08:29:54,17:41:00,8.0,0.0,Present
ATT02261,EMP035,2025-10-15,08:26:22,17:37:00,8.0,0.0,Present
ATT02262,EMP036,2025-10-15,08:16:20,17:50:00,8.0,0.0,Present
ATT02263,EMP037,2025-10-15,08:20:13,17:47:00,8.0,0.0,Present
ATT02264,EMP038,2025-10-15,08:27:48,17:35:00,8.0,0.0,Present
ATT02265,EMP040,2025-10-15,08:17:21,17:47:00,8.0,0.0,Present
ATT02266,EMP041,2025-10-15,08:22:20,17:33:00,8.0,0.0,Present
ATT02267,EMP042,2025-10-15,08:38:00,17:50:00,7.9,0.0,Late
ATT02268,EMP043,2025-10-15,08:34:31,17:42:00,8.0,0.0,Present
ATT02269,EMP044,2025-10-15,08:30:22,17:44:00,8.0,0.0,Present
ATT02270,EMP045,2025-10-15,08:41:00,17:35:00,7.8,0.0,Late
ATT02271,EMP047,2025-10-15,08:18:12,17:46:00,8.0,0.0,Present
ATT02272,EMP048,2025-10-15,08:32:18,17:47:00,8.0,0.0,Present
ATT02273,EMP049,2025-10-15,08:34:44,19:02:00,9.0,1.0,Present
ATT02274,EMP050,2025-10-15,08:27:54,17:40:00,8.0,0.0,Present
ATT02275,EMP051,2025-10-15,08:27:08,17:33:00,8.0,0.0,Present
ATT02276,EMP052,2025-10-15,08:24:39,17:32:00,8.0,0.0,Present
ATT02277,EMP053,2025-10-15,08:22:28,17:37:00,8.0,0.0,Present
ATT02278,EMP054,2025-10-15,08:23:01,17:37:00,8.0,0.0,Present
ATT02279,EMP055,2025-10-15,08:22:28,17:36:00,8.0,0.0,Present
ATT02280,EMP056,2025-10-15,08:24:15,17:49:00,8.0,0.0,Present
ATT02281,EMP057,2025-10-15,08:29:26,17:48:00,8.0,0.0,Present
ATT02282,EMP058,2025-10-15,08:20:54,17:42:00,8.0,0.0,Present
ATT02283,EMP059,2025-10-15,08:27:47,17:41:00,8.0,0.0,Present
ATT02284,EMP060,2025-10-15,08:23:27,17:37:00,8.0,0.0,Present
ATT02285,EMP062,2025-10-15,08:26:04,17:34:00,8.0,0.0,Present
ATT02286,EMP063,2025-10-15,08:22:50,17:34:00,8.0,0.0,Present
ATT02287,EMP064,2025-10-15,08:31:45,17:40:00,8.0,0.0,Present
ATT02288,EMP065,2025-10-15,08:34:14,17:50:00,8.0,0.0,Present
ATT02289,EMP069,2025-10-15,,,0.0,0.0,On Leave
ATT02290,EMP070,2025-10-15,08:22:29,17:31:00,8.0,0.0,Present
ATT02291,EMP071,2025-10-15,08:29:31,17:32:00,8.0,0.0,Present
ATT02292,EMP072,2025-10-15,08:22:00,15:35:00,5.5,0.0,Early Departure
ATT02293,EMP074,2025-10-15,08:16:57,17:34:00,8.0,0.0,Present
ATT02294,EMP075,2025-10-15,08:26:04,17:38:00,8.0,0.0,Present
ATT02295,EMP076,2025-10-15,08:15:45,17:43:00,8.0,0.0,Present
ATT02296,EMP077,2025-10-15,08:19:25,17:44:00,8.0,0.0,Present
ATT02297,EMP078,2025-10-15,08:24:21,17:46:00,8.0,0.0,Present
ATT02298,EMP079,2025-10-15,08:22:00,16:55:00,6.5,0.0,Early Departure
ATT02299,EMP080,2025-10-15,08:34:03,17:41:00,8.0,0.0,Present
ATT02300,EMP083,2025-10-15,08:17:39,20:35:00,10.5,2.5,Present
ATT02301,EMP084,2025-10-15,08:22:38,17:35:00,8.0,0.0,Present
ATT02302,EMP085,2025-10-15,08:15:41,17:33:00,8.0,0.0,Present
ATT02303,EMP086,2025-10-15,08:18:25,17:42:00,8.0,0.0,Present
ATT02304,EMP087,2025-10-15,08:27:44,17:40:00,8.0,0.0,Present
ATT02305,EMP088,2025-10-15,08:24:22,20:38:00,10.5,2.5,Present
ATT02306,EMP089,2025-10-15,08:20:16,17:37:00,8.0,0.0,Present
ATT02307,EMP090,2025-10-15,08:17:21,17:33:00,8.0,0.0,Present
ATT02308,EMP091,2025-10-15,08:15:56,17:47:00,8.0,0.0,Present
ATT02309,EMP092,2025-10-15,08:26:06,19:00:00,9.0,1.0,Present
ATT02310,EMP093,2025-10-15,08:24:01,17:48:00,8.0,0.0,Present
ATT02311,EMP094,2025-10-15,08:17:11,20:35:00,10.5,2.5,Present
ATT02312,EMP095,2025-10-15,08:26:06,17:34:00,8.0,0.0,Present
ATT02313,EMP096,2025-10-15,08:33:11,17:35:00,8.0,0.0,Present
ATT02314,EMP097,2025-10-15,08:29:01,17:47:00,8.0,0.0,Present
ATT02315,EMP098,2025-10-15,08:39:00,17:55:00,7.8,0.0,Late
ATT02316,EMP099,2025-10-15,08:45:00,17:33:00,7.8,0.0,Late
ATT02317,EMP100,2025-10-15,08:20:37,17:33:00,8.0,0.0,Present
ATT02318,EMP101,2025-10-15,08:34:09,17:40:00,8.0,0.0,Present
ATT02319,EMP102,2025-10-15,08:53:00,17:42:00,7.6,0.0,Late
ATT02320,EMP103,2025-10-15,08:18:42,17:40:00,8.0,0.0,Present
ATT02321,EMP104,2025-10-15,08:19:15,17:45:00,8.0,0.0,Present
ATT02322,EMP105,2025-10-15,08:27:02,17:45:00,8.0,0.0,Present
ATT02323,EMP106,2025-10-15,08:33:06,17:32:00,8.0,0.0,Present
ATT02324,EMP107,2025-10-15,08:25:58,17:48:00,8.0,0.0,Present
ATT02325,EMP108,2025-10-15,08:31:25,17:50:00,8.0,0.0,Present
ATT02326,EMP109,2025-10-15,08:25:08,17:36:00,8.0,0.0,Present
ATT02327,EMP110,2025-10-15,08:28:25,17:32:00,8.0,0.0,Present
ATT02328,EMP111,2025-10-15,08:30:06,17:45:00,8.0,0.0,Present
ATT02329,EMP112,2025-10-15,08:24:31,17:39:00,8.0,0.0,Present
ATT02330,EMP113,2025-10-15,08:16:33,17:36:00,8.0,0.0,Present
ATT02331,EMP114,2025-10-15,08:24:00,15:41:00,5.5,0.0,Early Departure
ATT02332,EMP115,2025-10-15,08:16:34,20:12:00,10.0,2.0,Present
ATT02333,EMP116,2025-10-15,08:32:03,17:43:00,8.0,0.0,Present
ATT02334,EMP117,2025-10-15,08:31:54,20:01:00,10.0,2.0,Present
ATT02335,EMP120,2025-10-15,08:39:00,17:44:00,7.8,0.0,Late
ATT02336,EMP121,2025-10-15,08:23:00,16:04:00,6.5,0.0,Early Departure
ATT02337,EMP122,2025-10-15,08:30:13,17:49:00,8.0,0.0,Present
ATT02338,EMP123,2025-10-15,08:27:13,17:33:00,8.0,0.0,Present
ATT02339,EMP124,2025-10-15,08:36:00,17:37:00,7.9,0.0,Late
ATT02340,EMP126,2025-10-15,08:25:11,17:37:00,8.0,0.0,Present
ATT02341,EMP127,2025-10-15,08:27:02,19:38:00,9.5,1.5,Present
ATT02342,EMP128,2025-10-15,08:49:00,17:51:00,7.7,0.0,Late
ATT02343,EMP129,2025-10-15,08:24:13,17:50:00,8.0,0.0,Present
ATT02344,EMP130,2025-10-15,08:23:26,17:43:00,8.0,0.0,Present
ATT02345,EMP131,2025-10-15,08:27:17,17:36:00,8.0,0.0,Present
ATT02346,EMP132,2025-10-15,08:30:16,17:50:00,8.0,0.0,Present
ATT02347,EMP133,2025-10-15,08:16:44,17:34:00,8.0,0.0,Present
ATT02348,EMP134,2025-10-15,08:22:04,17:33:00,8.0,0.0,Present
ATT02349,EMP135,2025-10-15,08:30:04,20:05:00,10.0,2.0,Present
ATT02350,EMP136,2025-10-15,08:24:00,16:18:00,6.5,0.0,Early Departure
ATT02351,EMP137,2025-10-15,08:24:54,17:33:00,8.0,0.0,Present
ATT02352,EMP138,2025-10-15,08:27:52,17:36:00,8.0,0.0,Present
ATT02353,EMP139,2025-10-15,08:28:00,16:12:00,6.5,0.0,Early Departure
ATT02354,EMP141,2025-10-15,08:16:30,17:33:00,8.0,0.0,Present
ATT02355,EMP142,2025-10-15,08:27:11,19:07:00,9.0,1.0,Present
ATT02356,EMP143,2025-10-15,08:26:28,17:44:00,8.0,0.0,Present
ATT02357,EMP144,2025-10-15,08:16:42,17:36:00,8.0,0.0,Present
ATT02358,EMP145,2025-10-15,08:25:02,17:34:00,8.0,0.0,Present
ATT02359,EMP146,2025-10-15,08:23:58,20:36:00,10.5,2.5,Present
ATT02360,EMP147,2025-10-15,08:37:00,17:42:00,7.9,0.0,Late
ATT02361,EMP148,2025-10-15,08:24:32,19:36:00,9.5,1.5,Present
ATT02362,EMP149,2025-10-15,08:29:01,17:32:00,8.0,0.0,Present
ATT02363,EMP151,2025-10-15,08:34:33,17:35:00,8.0,0.0,Present
ATT02364,EMP152,2025-10-15,08:25:03,19:13:00,9.0,1.0,Present
ATT02365,EMP153,2025-10-15,08:15:39,17:40:00,8.0,0.0,Present
ATT02366,EMP155,2025-10-15,08:19:57,19:30:00,9.5,1.5,Present
ATT02367,EMP156,2025-10-15,08:33:03,17:48:00,8.0,0.0,Present
ATT02368,EMP157,2025-10-15,08:22:48,17:48:00,8.0,0.0,Present
ATT02369,EMP158,2025-10-15,08:15:41,17:45:00,8.0,0.0,Present
ATT02370,EMP159,2025-10-15,08:48:00,17:39:00,7.7,0.0,Late
ATT02371,EMP160,2025-10-15,08:27:28,17:37:00,8.0,0.0,Present
ATT02372,EMP162,2025-10-15,08:34:16,17:50:00,8.0,0.0,Present
ATT02373,EMP163,2025-10-15,08:19:29,17:41:00,8.0,0.0,Present
ATT02374,EMP164,2025-10-15,08:24:40,17:42:00,8.0,0.0,Present
ATT02375,EMP165,2025-10-15,,,0.0,0.0,Absent
ATT02376,EMP166,2025-10-15,08:47:00,17:53:00,7.7,0.0,Late
ATT02377,EMP167,2025-10-15,08:24:09,20:37:00,10.5,2.5,Present
ATT02378,EMP168,2025-10-15,,,0.0,0.0,On Leave
ATT02379,EMP169,2025-10-15,08:26:13,17:43:00,8.0,0.0,Present
ATT02380,EMP170,2025-10-15,08:50:00,17:53:00,7.7,0.0,Late
ATT02381,EMP171,2025-10-15,08:27:29,17:40:00,8.0,0.0,Present
ATT02382,EMP172,2025-10-15,08:19:46,17:37:00,8.0,0.0,Present
ATT02383,EMP173,2025-10-15,08:21:36,20:14:00,10.0,2.0,Present
ATT02384,EMP175,2025-10-15,08:28:23,17:36:00,8.0,0.0,Present
ATT02385,EMP176,2025-10-15,08:30:06,17:44:00,8.0,0.0,Present
ATT02386,EMP178,2025-10-15,08:34:26,19:40:00,9.5,1.5,Present
ATT02387,EMP179,2025-10-15,08:20:42,17:46:00,8.0,0.0,Present
ATT02388,EMP180,2025-10-15,08:29:01,17:42:00,8.0,0.0,Present
ATT02389,EMP181,2025-10-15,08:20:17,17:48:00,8.0,0.0,Present
ATT02390,EMP182,2025-10-15,08:27:36,17:36:00,8.0,0.0,Present
ATT02391,EMP183,2025-10-15,08:25:29,17:34:00,8.0,0.0,Present
ATT02392,EMP185,2025-10-15,08:30:20,17:49:00,8.0,0.0,Present
ATT02393,EMP186,2025-10-15,08:16:43,19:02:00,9.0,1.0,Present
ATT02394,EMP187,2025-10-15,08:16:21,17:40:00,8.0,0.0,Present
ATT02395,EMP188,2025-10-15,08:47:00,17:36:00,7.7,0.0,Late
ATT02396,EMP189,2025-10-15,08:21:19,17:41:00,8.0,0.0,Present
ATT02397,EMP191,2025-10-15,08:25:37,17:44:00,8.0,0.0,Present
ATT02398,EMP192,2025-10-15,08:20:18,17:47:00,8.0,0.0,Present
ATT02399,EMP193,2025-10-15,08:19:10,17:47:00,8.0,0.0,Present
ATT02400,EMP194,2025-10-15,08:49:00,17:35:00,7.7,0.0,Late
ATT02401,EMP195,2025-10-15,08:30:44,17:37:00,8.0,0.0,Present
ATT02402,EMP196,2025-10-15,,,0.0,0.0,On Leave
ATT02403,EMP197,2025-10-15,08:19:58,17:31:00,8.0,0.0,Present
ATT02404,EMP198,2025-10-15,08:27:30,17:35:00,8.0,0.0,Present
ATT02405,EMP201,2025-10-15,08:33:44,17:41:00,8.0,0.0,Present
ATT02406,EMP202,2025-10-15,08:54:00,17:48:00,7.6,0.0,Late
ATT02407,EMP203,2025-10-15,08:15:31,17:48:00,8.0,0.0,Present
ATT02408,EMP204,2025-10-15,08:25:05,17:32:00,8.0,0.0,Present
ATT02409,EMP205,2025-10-15,08:34:19,17:34:00,8.0,0.0,Present
ATT02410,EMP206,2025-10-15,08:21:40,17:32:00,8.0,0.0,Present
ATT02411,EMP207,2025-10-15,08:30:01,17:48:00,8.0,0.0,Present
ATT02412,EMP208,2025-10-15,08:20:23,17:36:00,8.0,0.0,Present
ATT02413,EMP209,2025-10-15,08:31:57,17:45:00,8.0,0.0,Present
ATT02414,EMP210,2025-10-15,08:20:03,17:39:00,8.0,0.0,Present
ATT02415,EMP211,2025-10-15,08:28:21,20:32:00,10.5,2.5,Present
ATT02416,EMP212,2025-10-15,08:16:08,17:49:00,8.0,0.0,Present
ATT02417,EMP213,2025-10-15,08:33:01,17:36:00,8.0,0.0,Present
ATT02418,EMP214,2025-10-15,08:48:00,17:42:00,7.7,0.0,Late
ATT02419,EMP215,2025-10-15,08:23:44,17:41:00,8.0,0.0,Present
ATT02420,EMP216,2025-10-15,08:28:26,17:34:00,8.0,0.0,Present
ATT02421,EMP217,2025-10-15,08:24:00,15:31:00,5.5,0.0,Early Departure
ATT02422,EMP218,2025-10-15,08:17:58,17:32:00,8.0,0.0,Present
ATT02423,EMP219,2025-10-15,08:25:55,17:33:00,8.0,0.0,Present
ATT02424,EMP220,2025-10-15,08:19:51,17:37:00,8.0,0.0,Present
ATT02425,EMP221,2025-10-15,08:26:04,19:32:00,9.5,1.5,Present
ATT02426,EMP222,2025-10-15,08:15:46,20:02:00,10.0,2.0,Present
ATT02427,EMP223,2025-10-15,08:29:40,17:33:00,8.0,0.0,Present
ATT02428,EMP224,2025-10-15,08:16:45,19:05:00,9.0,1.0,Present
ATT02429,EMP225,2025-10-15,08:17:00,17:37:00,8.0,0.0,Present
ATT02430,EMP226,2025-10-15,08:17:24,17:46:00,8.0,0.0,Present
ATT02431,EMP227,2025-10-15,08:21:45,17:49:00,8.0,0.0,Present
ATT02432,EMP228,2025-10-15,08:30:18,17:48:00,8.0,0.0,Present
ATT02433,EMP229,2025-10-15,08:16:28,19:02:00,9.0,1.0,Present
ATT02434,EMP230,2025-10-15,08:21:16,19:33:00,9.5,1.5,Present
ATT02435,EMP231,2025-10-15,08:17:12,20:07:00,10.0,2.0,Present
ATT02436,EMP232,2025-10-15,08:33:18,17:46:00,8.0,0.0,Present
ATT02437,EMP233,2025-10-15,08:21:27,17:41:00,8.0,0.0,Present
ATT02438,EMP234,2025-10-15,08:31:00,17:38:00,8.0,0.0,Present
ATT02439,EMP235,2025-10-15,08:20:04,20:41:00,10.5,2.5,Present
ATT02440,EMP236,2025-10-15,08:37:00,17:49:00,7.9,0.0,Late
ATT02441,EMP237,2025-10-15,08:28:05,17:44:00,8.0,0.0,Present
ATT02442,EMP239,2025-10-15,08:17:20,17:41:00,8.0,0.0,Present
ATT02443,EMP240,2025-10-15,08:34:43,17:48:00,8.0,0.0,Present
ATT02444,EMP241,2025-10-15,08:25:28,17:45:00,8.0,0.0,Present
ATT02445,EMP242,2025-10-15,08:24:48,17:47:00,8.0,0.0,Present
ATT02446,EMP243,2025-10-15,,,0.0,0.0,Absent
ATT02447,EMP244,2025-10-15,08:33:10,20:13:00,10.0,2.0,Present
ATT02448,EMP245,2025-10-15,08:29:20,17:42:00,8.0,0.0,Present
ATT02449,EMP246,2025-10-15,08:29:28,20:43:00,10.5,2.5,Present
ATT02450,EMP248,2025-10-15,08:22:00,16:24:00,6.5,0.0,Early Departure
ATT02451,EMP249,2025-10-15,,,0.0,0.0,On Leave
ATT02452,EMP250,2025-10-15,08:27:23,19:34:00,9.5,1.5,Present
ATT02453,EMP001,2025-10-18,08:20:13,20:45:00,10.5,2.5,Present
ATT02454,EMP002,2025-10-18,08:25:12,20:35:00,10.5,2.5,Present
ATT02455,EMP003,2025-10-18,08:32:17,17:45:00,8.0,0.0,Present
ATT02456,EMP004,2025-10-18,08:30:27,17:35:00,8.0,0.0,Present
ATT02457,EMP005,2025-10-18,08:16:22,17:32:00,8.0,0.0,Present
ATT02458,EMP006,2025-10-18,08:27:00,16:09:00,6.5,0.0,Early Departure
ATT02459,EMP007,2025-10-18,08:30:51,17:45:00,8.0,0.0,Present
ATT02460,EMP008,2025-10-18,08:24:40,20:13:00,10.0,2.0,Present
ATT02461,EMP009,2025-10-18,08:34:08,17:40:00,8.0,0.0,Present
ATT02462,EMP010,2025-10-18,08:19:23,17:45:00,8.0,0.0,Present
ATT02463,EMP011,2025-10-18,08:29:23,17:36:00,8.0,0.0,Present
ATT02464,EMP012,2025-10-18,08:23:00,16:40:00,6.5,0.0,Early Departure
ATT02465,EMP013,2025-10-18,08:51:00,17:55:00,7.7,0.0,Late
ATT02466,EMP014,2025-10-18,08:25:36,17:36:00,8.0,0.0,Present
ATT02467,EMP015,2025-10-18,08:46:00,17:55:00,7.7,0.0,Late
ATT02468,EMP016,2025-10-18,08:22:45,17:37:00,8.0,0.0,Present
ATT02469,EMP019,2025-10-18,08:22:31,17:30:00,8.0,0.0,Present
ATT02470,EMP020,2025-10-18,08:18:24,17:49:00,8.0,0.0,Present
ATT02471,EMP021,2025-10-18,08:31:31,17:38:00,8.0,0.0,Present
ATT02472,EMP022,2025-10-18,08:27:49,20:04:00,10.0,2.0,Present
ATT02473,EMP023,2025-10-18,08:16:30,17:50:00,8.0,0.0,Present
ATT02474,EMP024,2025-10-18,08:26:52,17:47:00,8.0,0.0,Present
ATT02475,EMP025,2025-10-18,08:23:20,17:40:00,8.0,0.0,Present
ATT02476,EMP026,2025-10-18,08:32:12,17:50:00,8.0,0.0,Present
ATT02477,EMP027,2025-10-18,08:34:38,19:06:00,9.0,1.0,Present
ATT02478,EMP028,2025-10-18,08:31:18,17:42:00,8.0,0.0,Present
ATT02479,EMP029,2025-10-18,08:15:19,17:34:00,8.0,0.0,Present
ATT02480,EMP030,2025-10-18,08:15:41,17:43:00,8.0,0.0,Present
ATT02481,EMP031,2025-10-18,08:29:49,17:34:00,8.0,0.0,Present
ATT02482,EMP032,2025-10-18,08:27:35,20:40:00,10.5,2.5,Present
ATT02483,EMP035,2025-10-18,08:23:29,17:49:00,8.0,0.0,Present
ATT02484,EMP036,2025-10-18,08:20:37,19:03:00,9.0,1.0,Present
ATT02485,EMP037,2025-10-18,08:25:35,17:34:00,8.0,0.0,Present
ATT02486,EMP038,2025-10-18,08:27:35,20:40:00,10.5,2.5,Present
ATT02487,EMP040,2025-10-18,08:25:39,17:31:00,8.0,0.0,Present
ATT02488,EMP041,2025-10-18,08:25:36,17:31:00,8.0,0.0,Present
ATT02489,EMP042,2025-10-18,08:37:00,17:53:00,7.9,0.0,Late
ATT02490,EMP043,2025-10-18,08:19:31,19:04:00,9.0,1.0,Present
ATT02491,EMP044,2025-10-18,08:31:10,17:37:00,8.0,0.0,Present
ATT02492,EMP045,2025-10-18,08:26:22,17:43:00,8.0,0.0,Present
ATT02493,EMP047,2025-10-18,08:17:31,17:31:00,8.0,0.0,Present
ATT02494,EMP048,2025-10-18,08:27:44,19:06:00,9.0,1.0,Present
ATT02495,EMP049,2025-10-18,08:18:48,17:38:00,8.0,0.0,Present
ATT02496,EMP050,2025-10-18,08:16:41,17:30:00,8.0,0.0,Present
ATT02497,EMP051,2025-10-18,08:22:30,19:37:00,9.5,1.5,Present
ATT02498,EMP052,2025-10-18,08:22:00,16:20:00,6.5,0.0,Early Departure
ATT02499,EMP053,2025-10-18,08:27:01,17:39:00,8.0,0.0,Present
ATT02500,EMP054,2025-10-18,08:28:35,19:31:00,9.5,1.5,Present
ATT02501,EMP055,2025-10-18,08:33:31,19:11:00,9.0,1.0,Present
ATT02502,EMP056,2025-10-18,08:20:25,17:47:00,8.0,0.0,Present
ATT02503,EMP057,2025-10-18,08:34:18,17:41:00,8.0,0.0,Present
ATT02504,EMP058,2025-10-18,08:20:53,17:49:00,8.0,0.0,Present
ATT02505,EMP059,2025-10-18,08:21:20,17:42:00,8.0,0.0,Present
ATT02506,EMP060,2025-10-18,08:24:28,20:36:00,10.5,2.5,Present
ATT02507,EMP062,2025-10-18,08:16:24,17:36:00,8.0,0.0,Present
ATT02508,EMP063,2025-10-18,08:33:47,17:36:00,8.0,0.0,Present
ATT02509,EMP064,2025-10-18,08:45:00,17:41:00,7.8,0.0,Late
ATT02510,EMP065,2025-10-18,08:22:36,17:38:00,8.0,0.0,Present
ATT02511,EMP069,2025-10-18,08:15:19,19:40:00,9.5,1.5,Present
ATT02512,EMP070,2025-10-18,08:27:46,17:42:00,8.0,0.0,Present
ATT02513,EMP071,2025-10-18,08:20:58,17:47:00,8.0,0.0,Present
ATT02514,EMP072,2025-10-18,08:22:04,17:30:00,8.0,0.0,Present
ATT02515,EMP074,2025-10-18,08:34:03,17:38:00,8.0,0.0,Present
ATT02516,EMP075,2025-10-18,08:45:00,17:44:00,7.8,0.0,Late
ATT02517,EMP076,2025-10-18,08:33:10,20:06:00,10.0,2.0,Present
ATT02518,EMP077,2025-10-18,08:28:47,17:32:00,8.0,0.0,Present
ATT02519,EMP078,2025-10-18,08:15:19,17:33:00,8.0,0.0,Present
ATT02520,EMP079,2025-10-18,08:23:29,17:36:00,8.0,0.0,Present
ATT02521,EMP080,2025-10-18,08:15:56,17:45:00,8.0,0.0,Present
ATT02522,EMP083,2025-10-18,08:18:05,17:44:00,8.0,0.0,Present
ATT02523,EMP084,2025-10-18,08:33:44,17:38:00,8.0,0.0,Present
ATT02524,EMP085,2025-10-18,08:33:30,19:36:00,9.5,1.5,Present
ATT02525,EMP086,2025-10-18,08:27:01,20:44:00,10.5,2.5,Present
ATT02526,EMP087,2025-10-18,08:15:36,17:32:00,8.0,0.0,Present
ATT02527,EMP088,2025-10-18,08:24:00,16:46:00,6.5,0.0,Early Departure
ATT02528,EMP089,2025-10-18,08:23:01,17:36:00,8.0,0.0,Present
ATT02529,EMP090,2025-10-18,08:29:51,19:13:00,9.0,1.0,Present
ATT02530,EMP091,2025-10-18,08:30:50,17:31:00,8.0,0.0,Present
ATT02531,EMP092,2025-10-18,08:17:38,17:45:00,8.0,0.0,Present
ATT02532,EMP093,2025-10-18,08:26:42,17:47:00,8.0,0.0,Present
ATT02533,EMP094,2025-10-18,08:25:47,17:43:00,8.0,0.0,Present
ATT02534,EMP095,2025-10-18,08:27:23,17:41:00,8.0,0.0,Present
ATT02535,EMP096,2025-10-18,08:19:52,17:45:00,8.0,0.0,Present
ATT02536,EMP097,2025-10-18,08:28:23,17:32:00,8.0,0.0,Present
ATT02537,EMP098,2025-10-18,08:19:21,17:50:00,8.0,0.0,Present
ATT02538,EMP099,2025-10-18,08:32:55,17:31:00,8.0,0.0,Present
ATT02539,EMP100,2025-10-18,08:19:38,17:50:00,8.0,0.0,Present
ATT02540,EMP101,2025-10-18,08:20:54,17:34:00,8.0,0.0,Present
ATT02541,EMP102,2025-10-18,,,0.0,0.0,On Leave
ATT02542,EMP103,2025-10-18,08:27:05,17:33:00,8.0,0.0,Present
ATT02543,EMP104,2025-10-18,,,0.0,0.0,Absent
ATT02544,EMP105,2025-10-18,08:31:06,17:38:00,8.0,0.0,Present
ATT02545,EMP106,2025-10-18,08:41:00,17:53:00,7.8,0.0,Late
ATT02546,EMP107,2025-10-18,08:25:31,20:12:00,10.0,2.0,Present
ATT02547,EMP108,2025-10-18,08:27:14,17:43:00,8.0,0.0,Present
ATT02548,EMP109,2025-10-18,08:18:14,17:44:00,8.0,0.0,Present
ATT02549,EMP110,2025-10-18,08:21:45,19:15:00,9.0,1.0,Present
ATT02550,EMP111,2025-10-18,08:17:44,17:37:00,8.0,0.0,Present
ATT02551,EMP112,2025-10-18,08:24:52,17:50:00,8.0,0.0,Present
ATT02552,EMP113,2025-10-18,08:21:01,20:03:00,10.0,2.0,Present
ATT02553,EMP114,2025-10-18,08:17:04,17:33:00,8.0,0.0,Present
ATT02554,EMP115,2025-10-18,08:26:42,17:49:00,8.0,0.0,Present
ATT02555,EMP116,2025-10-18,08:27:23,17:43:00,8.0,0.0,Present
ATT02556,EMP117,2025-10-18,08:30:40,17:31:00,8.0,0.0,Present
ATT02557,EMP120,2025-10-18,08:16:31,17:30:00,8.0,0.0,Present
ATT02558,EMP121,2025-10-18,08:30:55,17:47:00,8.0,0.0,Present
ATT02559,EMP122,2025-10-18,08:28:44,17:41:00,8.0,0.0,Present
ATT02560,EMP123,2025-10-18,08:30:00,16:01:00,6.5,0.0,Early Departure
ATT02561,EMP124,2025-10-18,08:30:48,17:45:00,8.0,0.0,Present
ATT02562,EMP126,2025-10-18,08:17:05,17:50:00,8.0,0.0,Present
ATT02563,EMP127,2025-10-18,08:50:00,17:42:00,7.7,0.0,Late
ATT02564,EMP128,2025-10-18,08:22:38,17:31:00,8.0,0.0,Present
ATT02565,EMP129,2025-10-18,08:32:49,17:44:00,8.0,0.0,Present
ATT02566,EMP130,2025-10-18,08:28:06,19:30:00,9.5,1.5,Present
ATT02567,EMP131,2025-10-18,08:50:00,17:32:00,7.7,0.0,Late
ATT02568,EMP132,2025-10-18,08:29:17,17:42:00,8.0,0.0,Present
ATT02569,EMP133,2025-10-18,08:32:41,17:38:00,8.0,0.0,Present
ATT02570,EMP134,2025-10-18,08:31:31,20:39:00,10.5,2.5,Present
ATT02571,EMP135,2025-10-18,08:16:18,17:43:00,8.0,0.0,Present
ATT02572,EMP136,2025-10-18,08:19:53,20:45:00,10.5,2.5,Present
ATT02573,EMP137,2025-10-18,08:27:49,17:50:00,8.0,0.0,Present
ATT02574,EMP138,2025-10-18,08:48:00,17:31:00,7.7,0.0,Late
ATT02575,EMP139,2025-10-18,08:22:21,17:48:00,8.0,0.0,Present
ATT02576,EMP141,2025-10-18,08:22:45,17:33:00,8.0,0.0,Present
ATT02577,EMP142,2025-10-18,08:19:08,17:49:00,8.0,0.0,Present
ATT02578,EMP143,2025-10-18,08:29:31,17:43:00,8.0,0.0,Present
ATT02579,EMP144,2025-10-18,08:31:57,17:50:00,8.0,0.0,Present
ATT02580,EMP145,2025-10-18,08:28:30,20:43:00,10.5,2.5,Present
ATT02581,EMP146,2025-10-18,08:17:16,17:41:00,8.0,0.0,Present
ATT02582,EMP147,2025-10-18,08:31:58,17:34:00,8.0,0.0,Present
ATT02583,EMP148,2025-10-18,08:20:05,17:36:00,8.0,0.0,Present
ATT02584,EMP149,2025-10-18,08:32:23,17:45:00,8.0,0.0,Present
ATT02585,EMP151,2025-10-18,08:20:37,17:47:00,8.0,0.0,Present
ATT02586,EMP152,2025-10-18,08:21:09,17:42:00,8.0,0.0,Present
ATT02587,EMP153,2025-10-18,08:16:32,17:33:00,8.0,0.0,Present
ATT02588,EMP155,2025-10-18,08:23:37,17:39:00,8.0,0.0,Present
ATT02589,EMP156,2025-10-18,08:40:00,17:40:00,7.8,0.0,Late
ATT02590,EMP157,2025-10-18,08:51:00,17:55:00,7.7,0.0,Late
ATT02591,EMP158,2025-10-18,08:30:30,17:33:00,8.0,0.0,Present
ATT02592,EMP159,2025-10-18,08:32:40,17:32:00,8.0,0.0,Present
ATT02593,EMP160,2025-10-18,08:19:54,17:32:00,8.0,0.0,Present
ATT02594,EMP162,2025-10-18,08:17:36,20:41:00,10.5,2.5,Present
ATT02595,EMP163,2025-10-18,08:44:00,17:43:00,7.8,0.0,Late
ATT02596,EMP164,2025-10-18,08:28:02,17:42:00,8.0,0.0,Present
ATT02597,EMP165,2025-10-18,08:26:25,17:37:00,8.0,0.0,Present
ATT02598,EMP166,2025-10-18,08:19:30,17:46:00,8.0,0.0,Present
ATT02599,EMP167,2025-10-18,08:41:00,17:37:00,7.8,0.0,Late
ATT02600,EMP168,2025-10-18,08:24:31,17:43:00,8.0,0.0,Present
ATT02601,EMP169,2025-10-18,08:28:04,17:34:00,8.0,0.0,Present
ATT02602,EMP170,2025-10-18,08:16:23,17:38:00,8.0,0.0,Present
ATT02603,EMP171,2025-10-18,08:25:19,17:49:00,8.0,0.0,Present
ATT02604,EMP172,2025-10-18,08:24:54,17:46:00,8.0,0.0,Present
ATT02605,EMP173,2025-10-18,08:33:44,17:49:00,8.0,0.0,Present
ATT02606,EMP175,2025-10-18,08:33:08,17:32:00,8.0,0.0,Present
ATT02607,EMP176,2025-10-18,08:25:34,17:50:00,8.0,0.0,Present
ATT02608,EMP178,2025-10-18,08:23:59,17:39:00,8.0,0.0,Present
ATT02609,EMP179,2025-10-18,08:22:20,17:40:00,8.0,0.0,Present
ATT02610,EMP180,2025-10-18,08:54:00,17:36:00,7.6,0.0,Late
ATT02611,EMP181,2025-10-18,08:24:12,17:46:00,8.0,0.0,Present
ATT02612,EMP182,2025-10-18,08:23:16,17:36:00,8.0,0.0,Present
ATT02613,EMP183,2025-10-18,08:19:51,17:39:00,8.0,0.0,Present
ATT02614,EMP185,2025-10-18,08:26:45,17:40:00,8.0,0.0,Present
ATT02615,EMP186,2025-10-18,08:29:37,17:33:00,8.0,0.0,Present
ATT02616,EMP187,2025-10-18,08:24:40,17:49:00,8.0,0.0,Present
ATT02617,EMP188,2025-10-18,08:25:11,17:45:00,8.0,0.0,Present
ATT02618,EMP189,2025-10-18,08:27:30,17:48:00,8.0,0.0,Present
ATT02619,EMP191,2025-10-18,08:25:09,17:32:00,8.0,0.0,Present
ATT02620,EMP192,2025-10-18,08:27:52,17:42:00,8.0,0.0,Present
ATT02621,EMP193,2025-10-18,08:21:51,17:45:00,8.0,0.0,Present
ATT02622,EMP194,2025-10-18,08:32:37,17:46:00,8.0,0.0,Present
ATT02623,EMP195,2025-10-18,08:21:17,20:45:00,10.5,2.5,Present
ATT02624,EMP196,2025-10-18,08:30:27,17:33:00,8.0,0.0,Present
ATT02625,EMP197,2025-10-18,08:18:23,17:31:00,8.0,0.0,Present
ATT02626,EMP198,2025-10-18,08:17:17,20:04:00,10.0,2.0,Present
ATT02627,EMP201,2025-10-18,08:28:13,19:00:00,9.0,1.0,Present
ATT02628,EMP202,2025-10-18,08:34:46,17:43:00,8.0,0.0,Present
ATT02629,EMP203,2025-10-18,08:22:39,17:38:00,8.0,0.0,Present
ATT02630,EMP204,2025-10-18,08:47:00,17:37:00,7.7,0.0,Late
ATT02631,EMP205,2025-10-18,08:32:37,17:37:00,8.0,0.0,Present
ATT02632,EMP206,2025-10-18,08:27:13,17:30:00,8.0,0.0,Present
ATT02633,EMP207,2025-10-18,08:21:00,16:51:00,6.5,0.0,Early Departure
ATT02634,EMP208,2025-10-18,08:18:15,17:37:00,8.0,0.0,Present
ATT02635,EMP209,2025-10-18,08:34:10,17:37:00,8.0,0.0,Present
ATT02636,EMP210,2025-10-18,08:15:15,17:43:00,8.0,0.0,Present
ATT02637,EMP211,2025-10-18,08:34:54,17:36:00,8.0,0.0,Present
ATT02638,EMP212,2025-10-18,08:17:26,17:44:00,8.0,0.0,Present
ATT02639,EMP213,2025-10-18,08:27:54,17:42:00,8.0,0.0,Present
ATT02640,EMP214,2025-10-18,08:23:13,17:45:00,8.0,0.0,Present
ATT02641,EMP215,2025-10-18,08:31:21,17:45:00,8.0,0.0,Present
ATT02642,EMP216,2025-10-18,08:27:53,17:36:00,8.0,0.0,Present
ATT02643,EMP217,2025-10-18,08:17:38,17:42:00,8.0,0.0,Present
ATT02644,EMP218,2025-10-18,08:27:13,17:41:00,8.0,0.0,Present
ATT02645,EMP219,2025-10-18,08:22:45,17:37:00,8.0,0.0,Present
ATT02646,EMP220,2025-10-18,08:30:01,17:48:00,8.0,0.0,Present
ATT02647,EMP221,2025-10-18,08:17:28,17:30:00,8.0,0.0,Present
ATT02648,EMP222,2025-10-18,08:26:23,17:45:00,8.0,0.0,Present
ATT02649,EMP223,2025-10-18,08:29:58,17:43:00,8.0,0.0,Present
ATT02650,EMP224,2025-10-18,08:22:17,17:38:00,8.0,0.0,Present
ATT02651,EMP225,2025-10-18,08:20:14,17:50:00,8.0,0.0,Present
ATT02652,EMP226,2025-10-18,08:31:51,19:12:00,9.0,1.0,Present
ATT02653,EMP227,2025-10-18,08:22:05,17:35:00,8.0,0.0,Present
ATT02654,EMP228,2025-10-18,08:32:03,17:46:00,8.0,0.0,Present
ATT02655,EMP229,2025-10-18,08:50:00,17:34:00,7.7,0.0,Late
ATT02656,EMP230,2025-10-18,08:28:17,17:35:00,8.0,0.0,Present
ATT02657,EMP231,2025-10-18,08:24:10,17:37:00,8.0,0.0,Present
ATT02658,EMP232,2025-10-18,08:34:03,17:35:00,8.0,0.0,Present
ATT02659,EMP233,2025-10-18,08:30:27,17:37:00,8.0,0.0,Present
ATT02660,EMP234,2025-10-18,08:21:38,17:32:00,8.0,0.0,Present
ATT02661,EMP235,2025-10-18,08:23:52,17:47:00,8.0,0.0,Present
ATT02662,EMP236,2025-10-18,08:29:35,17:35:00,8.0,0.0,Present
ATT02663,EMP237,2025-10-18,08:20:15,17:40:00,8.0,0.0,Present
ATT02664,EMP239,2025-10-18,08:23:32,17:46:00,8.0,0.0,Present
ATT02665,EMP240,2025-10-18,08:16:25,19:15:00,9.0,1.0,Present
ATT02666,EMP241,2025-10-18,08:19:15,17:41:00,8.0,0.0,Present
ATT02667,EMP242,2025-10-18,08:23:29,17:35:00,8.0,0.0,Present
ATT02668,EMP243,2025-10-18,08:22:10,17:31:00,8.0,0.0,Present
ATT02669,EMP244,2025-10-18,08:27:08,20:45:00,10.5,2.5,Present
ATT02670,EMP245,2025-10-18,08:27:35,17:42:00,8.0,0.0,Present
ATT02671,EMP246,2025-10-18,08:50:00,17:50:00,7.7,0.0,Late
ATT02672,EMP248,2025-10-18,08:25:00,16:48:00,6.5,0.0,Early Departure
ATT02673,EMP249,2025-10-18,08:28:10,17:45:00,8.0,0.0,Present
ATT02674,EMP250,2025-10-18,08:16:13,20:09:00,10.0,2.0,Present
ATT02675,EMP001,2025-10-19,08:28:24,17:41:00,8.0,0.0,Present
ATT02676,EMP002,2025-10-19,08:30:12,17:36:00,8.0,0.0,Present
ATT02677,EMP003,2025-10-19,08:19:28,17:34:00,8.0,0.0,Present
ATT02678,EMP004,2025-10-19,08:24:25,17:30:00,8.0,0.0,Present
ATT02679,EMP005,2025-10-19,08:50:00,17:38:00,7.7,0.0,Late
ATT02680,EMP006,2025-10-19,08:29:45,17:36:00,8.0,0.0,Present
ATT02681,EMP007,2025-10-19,08:28:03,17:34:00,8.0,0.0,Present
ATT02682,EMP008,2025-10-19,08:39:00,17:39:00,7.8,0.0,Late
ATT02683,EMP009,2025-10-19,08:26:29,17:50:00,8.0,0.0,Present
ATT02684,EMP010,2025-10-19,08:17:38,17:46:00,8.0,0.0,Present
ATT02685,EMP011,2025-10-19,08:16:59,17:45:00,8.0,0.0,Present
ATT02686,EMP012,2025-10-19,08:25:12,17:46:00,8.0,0.0,Present
ATT02687,EMP013,2025-10-19,08:18:09,17:47:00,8.0,0.0,Present
ATT02688,EMP014,2025-10-19,08:15:32,17:46:00,8.0,0.0,Present
ATT02689,EMP015,2025-10-19,08:29:25,17:49:00,8.0,0.0,Present
ATT02690,EMP016,2025-10-19,08:34:20,17:31:00,8.0,0.0,Present
ATT02691,EMP019,2025-10-19,08:33:07,17:45:00,8.0,0.0,Present
ATT02692,EMP020,2025-10-19,08:31:02,17:47:00,8.0,0.0,Present
ATT02693,EMP021,2025-10-19,08:33:32,19:42:00,9.5,1.5,Present
ATT02694,EMP022,2025-10-19,08:29:46,17:38:00,8.0,0.0,Present
ATT02695,EMP023,2025-10-19,08:21:05,17:38:00,8.0,0.0,Present
ATT02696,EMP024,2025-10-19,08:16:02,17:34:00,8.0,0.0,Present
ATT02697,EMP025,2025-10-19,08:33:12,17:34:00,8.0,0.0,Present
ATT02698,EMP026,2025-10-19,08:33:16,17:36:00,8.0,0.0,Present
ATT02699,EMP027,2025-10-19,08:17:10,17:38:00,8.0,0.0,Present
ATT02700,EMP028,2025-10-19,08:17:14,17:35:00,8.0,0.0,Present
ATT02701,EMP029,2025-10-19,08:51:00,17:33:00,7.7,0.0,Late
ATT02702,EMP030,2025-10-19,08:29:51,17:49:00,8.0,0.0,Present
ATT02703,EMP031,2025-10-19,08:26:54,17:38:00,8.0,0.0,Present
ATT02704,EMP032,2025-10-19,08:32:56,17:40:00,8.0,0.0,Present
ATT02705,EMP035,2025-10-19,08:25:33,20:07:00,10.0,2.0,Present
ATT02706,EMP036,2025-10-19,08:15:27,17:40:00,8.0,0.0,Present
ATT02707,EMP037,2025-10-19,08:45:00,17:45:00,7.8,0.0,Late
ATT02708,EMP038,2025-10-19,,,0.0,0.0,On Leave
ATT02709,EMP040,2025-10-19,,,0.0,0.0,Absent
ATT02710,EMP041,2025-10-19,08:33:19,17:38:00,8.0,0.0,Present
ATT02711,EMP042,2025-10-19,08:19:35,17:37:00,8.0,0.0,Present
ATT02712,EMP043,2025-10-19,08:43:00,17:44:00,7.8,0.0,Late
ATT02713,EMP044,2025-10-19,08:39:00,17:52:00,7.8,0.0,Late
ATT02714,EMP045,2025-10-19,08:26:26,17:43:00,8.0,0.0,Present
ATT02715,EMP047,2025-10-19,08:24:05,17:49:00,8.0,0.0,Present
ATT02716,EMP048,2025-10-19,08:17:49,17:31:00,8.0,0.0,Present
ATT02717,EMP049,2025-10-19,08:28:09,17:30:00,8.0,0.0,Present
ATT02718,EMP050,2025-10-19,08:26:07,17:45:00,8.0,0.0,Present
ATT02719,EMP051,2025-10-19,08:30:59,17:48:00,8.0,0.0,Present
ATT02720,EMP052,2025-10-19,08:28:54,17:37:00,8.0,0.0,Present
ATT02721,EMP053,2025-10-19,08:20:21,20:12:00,10.0,2.0,Present
ATT02722,EMP054,2025-10-19,08:18:05,19:04:00,9.0,1.0,Present
ATT02723,EMP055,2025-10-19,08:30:57,19:31:00,9.5,1.5,Present
ATT02724,EMP056,2025-10-19,08:20:02,20:11:00,10.0,2.0,Present
ATT02725,EMP057,2025-10-19,08:17:02,20:10:00,10.0,2.0,Present
ATT02726,EMP058,2025-10-19,08:33:05,17:49:00,8.0,0.0,Present
ATT02727,EMP059,2025-10-19,08:21:50,20:45:00,10.5,2.5,Present
ATT02728,EMP060,2025-10-19,08:33:18,17:46:00,8.0,0.0,Present
ATT02729,EMP062,2025-10-19,08:34:18,20:38:00,10.5,2.5,Present
ATT02730,EMP063,2025-10-19,08:31:06,17:37:00,8.0,0.0,Present
ATT02731,EMP064,2025-10-19,08:16:25,17:35:00,8.0,0.0,Present
ATT02732,EMP065,2025-10-19,08:29:22,17:39:00,8.0,0.0,Present
ATT02733,EMP069,2025-10-19,08:27:26,17:37:00,8.0,0.0,Present
ATT02734,EMP070,2025-10-19,08:24:42,17:37:00,8.0,0.0,Present
ATT02735,EMP071,2025-10-19,08:19:02,19:04:00,9.0,1.0,Present
ATT02736,EMP072,2025-10-19,08:29:08,19:09:00,9.0,1.0,Present
ATT02737,EMP074,2025-10-19,08:25:37,17:45:00,8.0,0.0,Present
ATT02738,EMP075,2025-10-19,08:18:59,17:47:00,8.0,0.0,Present
ATT02739,EMP076,2025-10-19,08:24:59,17:45:00,8.0,0.0,Present
ATT02740,EMP077,2025-10-19,08:26:10,17:41:00,8.0,0.0,Present
ATT02741,EMP078,2025-10-19,08:16:53,17:38:00,8.0,0.0,Present
ATT02742,EMP079,2025-10-19,08:30:29,17:42:00,8.0,0.0,Present
ATT02743,EMP080,2025-10-19,08:25:28,20:13:00,10.0,2.0,Present
ATT02744,EMP083,2025-10-19,08:33:55,17:30:00,8.0,0.0,Present
ATT02745,EMP084,2025-10-19,08:20:16,17:45:00,8.0,0.0,Present
ATT02746,EMP085,2025-10-19,08:25:09,19:37:00,9.5,1.5,Present
ATT02747,EMP086,2025-10-19,08:30:17,17:35:00,8.0,0.0,Present
ATT02748,EMP087,2025-10-19,08:15:40,17:40:00,8.0,0.0,Present
ATT02749,EMP088,2025-10-19,08:26:21,20:36:00,10.5,2.5,Present
ATT02750,EMP089,2025-10-19,08:25:43,17:46:00,8.0,0.0,Present
ATT02751,EMP090,2025-10-19,08:27:56,17:48:00,8.0,0.0,Present
ATT02752,EMP091,2025-10-19,08:34:12,17:31:00,8.0,0.0,Present
ATT02753,EMP092,2025-10-19,08:33:35,17:44:00,8.0,0.0,Present
ATT02754,EMP093,2025-10-19,08:25:01,17:50:00,8.0,0.0,Present
ATT02755,EMP094,2025-10-19,,,0.0,0.0,On Leave
ATT02756,EMP095,2025-10-19,08:28:59,17:49:00,8.0,0.0,Present
ATT02757,EMP096,2025-10-19,08:25:53,17:44:00,8.0,0.0,Present
ATT02758,EMP097,2025-10-19,08:16:52,17:48:00,8.0,0.0,Present
ATT02759,EMP098,2025-10-19,08:23:00,17:31:00,8.0,0.0,Present
ATT02760,EMP099,2025-10-19,08:29:15,17:43:00,8.0,0.0,Present
ATT02761,EMP100,2025-10-19,08:17:51,17:47:00,8.0,0.0,Present
ATT02762,EMP101,2025-10-19,08:32:26,20:01:00,10.0,2.0,Present
ATT02763,EMP102,2025-10-19,08:33:13,17:47:00,8.0,0.0,Present
ATT02764,EMP103,2025-10-19,08:18:54,17:42:00,8.0,0.0,Present
ATT02765,EMP104,2025-10-19,08:25:11,17:36:00,8.0,0.0,Present
ATT02766,EMP105,2025-10-19,08:28:05,17:37:00,8.0,0.0,Present
ATT02767,EMP106,2025-10-19,08:20:00,15:08:00,5.5,0.0,Early Departure
ATT02768,EMP107,2025-10-19,08:44:00,17:35:00,7.8,0.0,Late
ATT02769,EMP108,2025-10-19,08:23:26,20:36:00,10.5,2.5,Present
ATT02770,EMP109,2025-10-19,08:26:06,17:39:00,8.0,0.0,Present
ATT02771,EMP110,2025-10-19,08:32:44,17:32:00,8.0,0.0,Present
ATT02772,EMP111,2025-10-19,08:19:55,19:07:00,9.0,1.0,Present
ATT02773,EMP112,2025-10-19,08:23:11,20:40:00,10.5,2.5,Present
ATT02774,EMP113,2025-10-19,08:32:29,17:45:00,8.0,0.0,Present
ATT02775,EMP114,2025-10-19,08:23:50,19:11:00,9.0,1.0,Present
ATT02776,EMP115,2025-10-19,08:21:34,17:30:00,8.0,0.0,Present
ATT02777,EMP116,2025-10-19,08:55:00,17:55:00,7.6,0.0,Late
ATT02778,EMP117,2025-10-19,,,0.0,0.0,On Leave
ATT02779,EMP120,2025-10-19,08:17:10,19:36:00,9.5,1.5,Present
ATT02780,EMP121,2025-10-19,08:26:01,17:42:00,8.0,0.0,Present
ATT02781,EMP122,2025-10-19,08:28:06,17:42:00,8.0,0.0,Present
ATT02782,EMP123,2025-10-19,08:21:39,17:48:00,8.0,0.0,Present
ATT02783,EMP124,2025-10-19,08:17:47,17:45:00,8.0,0.0,Present
ATT02784,EMP126,2025-10-19,08:29:24,17:41:00,8.0,0.0,Present
ATT02785,EMP127,2025-10-19,08:16:02,17:30:00,8.0,0.0,Present
ATT02786,EMP128,2025-10-19,08:15:42,17:50:00,8.0,0.0,Present
ATT02787,EMP129,2025-10-19,08:15:20,17:32:00,8.0,0.0,Present
ATT02788,EMP130,2025-10-19,08:18:38,17:33:00,8.0,0.0,Present
ATT02789,EMP131,2025-10-19,08:30:31,17:47:00,8.0,0.0,Present
ATT02790,EMP132,2025-10-19,08:25:07,17:31:00,8.0,0.0,Present
ATT02791,EMP133,2025-10-19,08:25:15,17:43:00,8.0,0.0,Present
ATT02792,EMP134,2025-10-19,08:18:03,17:34:00,8.0,0.0,Present
ATT02793,EMP135,2025-10-19,08:27:09,17:43:00,8.0,0.0,Present
ATT02794,EMP136,2025-10-19,,,0.0,0.0,On Leave
ATT02795,EMP137,2025-10-19,,,0.0,0.0,On Leave
ATT02796,EMP138,2025-10-19,08:30:19,17:43:00,8.0,0.0,Present
ATT02797,EMP139,2025-10-19,08:24:20,19:04:00,9.0,1.0,Present
ATT02798,EMP141,2025-10-19,08:55:00,17:49:00,7.6,0.0,Late
ATT02799,EMP142,2025-10-19,08:26:07,20:10:00,10.0,2.0,Present
ATT02800,EMP143,2025-10-19,08:18:11,17:48:00,8.0,0.0,Present
ATT02801,EMP144,2025-10-19,08:22:03,17:47:00,8.0,0.0,Present
ATT02802,EMP145,2025-10-19,08:17:51,17:48:00,8.0,0.0,Present
ATT02803,EMP146,2025-10-19,08:32:19,17:39:00,8.0,0.0,Present
ATT02804,EMP147,2025-10-19,08:27:48,17:39:00,8.0,0.0,Present
ATT02805,EMP148,2025-10-19,08:49:00,17:32:00,7.7,0.0,Late
ATT02806,EMP149,2025-10-19,08:23:47,19:03:00,9.0,1.0,Present
ATT02807,EMP151,2025-10-19,08:29:00,15:06:00,5.5,0.0,Early Departure
ATT02808,EMP152,2025-10-19,08:37:00,17:45:00,7.9,0.0,Late
ATT02809,EMP153,2025-10-19,08:27:34,19:37:00,9.5,1.5,Present
ATT02810,EMP155,2025-10-19,08:20:11,17:48:00,8.0,0.0,Present
ATT02811,EMP156,2025-10-19,08:18:40,17:45:00,8.0,0.0,Present
ATT02812,EMP157,2025-10-19,08:19:10,17:46:00,8.0,0.0,Present
ATT02813,EMP158,2025-10-19,08:28:00,17:38:00,8.0,0.0,Present
ATT02814,EMP159,2025-10-19,08:21:31,17:31:00,8.0,0.0,Present
ATT02815,EMP160,2025-10-19,08:34:42,17:46:00,8.0,0.0,Present
ATT02816,EMP162,2025-10-19,08:19:25,17:43:00,8.0,0.0,Present
ATT02817,EMP163,2025-10-19,08:45:00,17:38:00,7.8,0.0,Late
ATT02818,EMP164,2025-10-19,08:18:45,17:50:00,8.0,0.0,Present
ATT02819,EMP165,2025-10-19,08:15:07,17:36:00,8.0,0.0,Present
ATT02820,EMP166,2025-10-19,08:19:36,19:07:00,9.0,1.0,Present
ATT02821,EMP167,2025-10-19,08:16:14,17:31:00,8.0,0.0,Present
ATT02822,EMP168,2025-10-19,08:27:08,17:38:00,8.0,0.0,Present
ATT02823,EMP169,2025-10-19,08:29:00,15:41:00,5.5,0.0,Early Departure
ATT02824,EMP170,2025-10-19,08:18:53,17:43:00,8.0,0.0,Present
ATT02825,EMP171,2025-10-19,08:21:28,19:11:00,9.0,1.0,Present
ATT02826,EMP172,2025-10-19,08:28:24,17:38:00,8.0,0.0,Present
ATT02827,EMP173,2025-10-19,08:21:54,17:36:00,8.0,0.0,Present
ATT02828,EMP175,2025-10-19,08:21:55,17:37:00,8.0,0.0,Present
ATT02829,EMP176,2025-10-19,08:23:27,19:13:00,9.0,1.0,Present
ATT02830,EMP178,2025-10-19,08:16:50,17:31:00,8.0,0.0,Present
ATT02831,EMP179,2025-10-19,08:31:18,17:33:00,8.0,0.0,Present
ATT02832,EMP180,2025-10-19,08:40:00,17:39:00,7.8,0.0,Late
ATT02833,EMP181,2025-10-19,08:28:49,19:14:00,9.0,1.0,Present
ATT02834,EMP182,2025-10-19,08:22:28,17:38:00,8.0,0.0,Present
ATT02835,EMP183,2025-10-19,08:27:17,19:44:00,9.5,1.5,Present
ATT02836,EMP185,2025-10-19,08:36:00,17:54:00,7.9,0.0,Late
ATT02837,EMP186,2025-10-19,08:30:24,17:47:00,8.0,0.0,Present
ATT02838,EMP187,2025-10-19,08:19:07,17:41:00,8.0,0.0,Present
ATT02839,EMP188,2025-10-19,08:18:17,17:46:00,8.0,0.0,Present
ATT02840,EMP189,2025-10-19,08:27:01,19:07:00,9.0,1.0,Present
ATT02841,EMP191,2025-10-19,08:44:00,17:55:00,7.8,0.0,Late
ATT02842,EMP192,2025-10-19,08:32:54,17:46:00,8.0,0.0,Present
ATT02843,EMP193,2025-10-19,08:51:00,17:46:00,7.7,0.0,Late
ATT02844,EMP194,2025-10-19,08:15:20,17:47:00,8.0,0.0,Present
ATT02845,EMP195,2025-10-19,08:25:00,17:35:00,8.0,0.0,Present
ATT02846,EMP196,2025-10-19,08:24:46,17:38:00,8.0,0.0,Present
ATT02847,EMP197,2025-10-19,08:23:37,20:41:00,10.5,2.5,Present
ATT02848,EMP198,2025-10-19,08:30:39,19:40:00,9.5,1.5,Present
ATT02849,EMP201,2025-10-19,08:25:22,17:37:00,8.0,0.0,Present
ATT02850,EMP202,2025-10-19,08:30:14,17:47:00,8.0,0.0,Present
ATT02851,EMP203,2025-10-19,08:17:06,17:34:00,8.0,0.0,Present
ATT02852,EMP204,2025-10-19,08:16:13,17:47:00,8.0,0.0,Present
ATT02853,EMP205,2025-10-19,,,0.0,0.0,Absent
ATT02854,EMP206,2025-10-19,08:32:28,17:37:00,8.0,0.0,Present
ATT02855,EMP207,2025-10-19,08:21:23,20:00:00,10.0,2.0,Present
ATT02856,EMP208,2025-10-19,08:49:00,17:33:00,7.7,0.0,Late
ATT02857,EMP209,2025-10-19,,,0.0,0.0,Absent
ATT02858,EMP210,2025-10-19,08:29:57,17:40:00,8.0,0.0,Present
ATT02859,EMP211,2025-10-19,08:55:00,17:33:00,7.6,0.0,Late
ATT02860,EMP212,2025-10-19,08:23:50,17:50:00,8.0,0.0,Present
ATT02861,EMP213,2025-10-19,08:43:00,17:31:00,7.8,0.0,Late
ATT02862,EMP214,2025-10-19,08:23:34,19:15:00,9.0,1.0,Present
ATT02863,EMP215,2025-10-19,08:21:50,17:40:00,8.0,0.0,Present
ATT02864,EMP216,2025-10-19,08:31:37,17:48:00,8.0,0.0,Present
ATT02865,EMP217,2025-10-19,08:28:44,17:41:00,8.0,0.0,Present
ATT02866,EMP218,2025-10-19,08:32:44,19:00:00,9.0,1.0,Present
ATT02867,EMP219,2025-10-19,08:21:11,17:37:00,8.0,0.0,Present
ATT02868,EMP220,2025-10-19,08:20:12,17:36:00,8.0,0.0,Present
ATT02869,EMP221,2025-10-19,08:29:03,17:37:00,8.0,0.0,Present
ATT02870,EMP222,2025-10-19,08:16:07,17:36:00,8.0,0.0,Present
ATT02871,EMP223,2025-10-19,08:24:53,17:34:00,8.0,0.0,Present
ATT02872,EMP224,2025-10-19,08:20:30,17:35:00,8.0,0.0,Present
ATT02873,EMP225,2025-10-19,08:32:11,17:43:00,8.0,0.0,Present
ATT02874,EMP226,2025-10-19,08:20:13,20:33:00,10.5,2.5,Present
ATT02875,EMP227,2025-10-19,08:20:17,17:47:00,8.0,0.0,Present
ATT02876,EMP228,2025-10-19,08:52:00,17:48:00,7.6,0.0,Late
ATT02877,EMP229,2025-10-19,08:54:00,17:40:00,7.6,0.0,Late
ATT02878,EMP230,2025-10-19,08:41:00,17:49:00,7.8,0.0,Late
ATT02879,EMP231,2025-10-19,08:33:13,17:43:00,8.0,0.0,Present
ATT02880,EMP232,2025-10-19,08:29:17,17:49:00,8.0,0.0,Present
ATT02881,EMP233,2025-10-19,08:15:12,17:42:00,8.0,0.0,Present
ATT02882,EMP234,2025-10-19,08:29:59,19:04:00,9.0,1.0,Present
ATT02883,EMP235,2025-10-19,08:43:00,17:53:00,7.8,0.0,Late
ATT02884,EMP236,2025-10-19,08:18:35,17:50:00,8.0,0.0,Present
ATT02885,EMP237,2025-10-19,08:19:03,17:47:00,8.0,0.0,Present
ATT02886,EMP239,2025-10-19,08:19:15,17:46:00,8.0,0.0,Present
ATT02887,EMP240,2025-10-19,08:32:56,19:10:00,9.0,1.0,Present
ATT02888,EMP241,2025-10-19,08:17:16,17:47:00,8.0,0.0,Present
ATT02889,EMP242,2025-10-19,08:20:02,17:36:00,8.0,0.0,Present
ATT02890,EMP243,2025-10-19,08:22:44,17:46:00,8.0,0.0,Present
ATT02891,EMP244,2025-10-19,08:29:04,17:50:00,8.0,0.0,Present
ATT02892,EMP245,2025-10-19,08:25:29,20:10:00,10.0,2.0,Present
ATT02893,EMP246,2025-10-19,08:15:49,19:00:00,9.0,1.0,Present
ATT02894,EMP249,2025-10-19,08:20:48,17:50:00,8.0,0.0,Present
ATT02895,EMP250,2025-10-19,08:17:44,19:14:00,9.0,1.0,Present
ATT02896,EMP001,2025-10-20,08:32:41,17:50:00,8.0,0.0,Present
ATT02897,EMP002,2025-10-20,08:34:01,17:41:00,8.0,0.0,Present
ATT02898,EMP003,2025-10-20,08:18:50,17:50:00,8.0,0.0,Present
ATT02899,EMP004,2025-10-20,08:24:16,19:45:00,9.5,1.5,Present
ATT02900,EMP005,2025-10-20,08:31:58,17:34:00,8.0,0.0,Present
ATT02901,EMP006,2025-10-20,08:24:32,17:31:00,8.0,0.0,Present
ATT02902,EMP007,2025-10-20,08:30:02,17:44:00,8.0,0.0,Present
ATT02903,EMP008,2025-10-20,08:34:03,20:07:00,10.0,2.0,Present
ATT02904,EMP009,2025-10-20,08:25:05,17:46:00,8.0,0.0,Present
ATT02905,EMP010,2025-10-20,08:19:25,17:33:00,8.0,0.0,Present
ATT02906,EMP011,2025-10-20,08:19:51,17:37:00,8.0,0.0,Present
ATT02907,EMP012,2025-10-20,,,0.0,0.0,Absent
ATT02908,EMP013,2025-10-20,08:16:23,17:35:00,8.0,0.0,Present
ATT02909,EMP014,2025-10-20,08:27:46,19:15:00,9.0,1.0,Present
ATT02910,EMP015,2025-10-20,08:21:15,17:49:00,8.0,0.0,Present
ATT02911,EMP016,2025-10-20,08:34:22,17:30:00,8.0,0.0,Present
ATT02912,EMP019,2025-10-20,08:31:11,19:08:00,9.0,1.0,Present
ATT02913,EMP020,2025-10-20,08:18:55,17:46:00,8.0,0.0,Present
ATT02914,EMP021,2025-10-20,08:32:58,17:30:00,8.0,0.0,Present
ATT02915,EMP022,2025-10-20,08:23:54,17:47:00,8.0,0.0,Present
ATT02916,EMP023,2025-10-20,08:27:00,15:33:00,5.5,0.0,Early Departure
ATT02917,EMP024,2025-10-20,08:21:33,17:42:00,8.0,0.0,Present
ATT02918,EMP025,2025-10-20,08:19:43,20:39:00,10.5,2.5,Present
ATT02919,EMP026,2025-10-20,08:31:36,17:39:00,8.0,0.0,Present
ATT02920,EMP027,2025-10-20,08:20:01,17:43:00,8.0,0.0,Present
ATT02921,EMP028,2025-10-20,08:19:23,17:46:00,8.0,0.0,Present
ATT02922,EMP029,2025-10-20,08:18:19,17:38:00,8.0,0.0,Present
ATT02923,EMP030,2025-10-20,08:16:52,17:50:00,8.0,0.0,Present
ATT02924,EMP031,2025-10-20,08:26:48,17:39:00,8.0,0.0,Present
ATT02925,EMP032,2025-10-20,08:16:11,17:37:00,8.0,0.0,Present
ATT02926,EMP035,2025-10-20,08:26:21,17:35:00,8.0,0.0,Present
ATT02927,EMP036,2025-10-20,08:15:42,20:39:00,10.5,2.5,Present
ATT02928,EMP037,2025-10-20,08:23:55,17:48:00,8.0,0.0,Present
ATT02929,EMP038,2025-10-20,08:28:00,15:49:00,5.5,0.0,Early Departure
ATT02930,EMP040,2025-10-20,08:18:23,17:46:00,8.0,0.0,Present
ATT02931,EMP041,2025-10-20,08:23:21,17:34:00,8.0,0.0,Present
ATT02932,EMP042,2025-10-20,08:16:43,17:31:00,8.0,0.0,Present
ATT02933,EMP043,2025-10-20,08:16:54,17:36:00,8.0,0.0,Present
ATT02934,EMP044,2025-10-20,08:42:00,17:54:00,7.8,0.0,Late
ATT02935,EMP045,2025-10-20,08:21:53,17:48:00,8.0,0.0,Present
ATT02936,EMP047,2025-10-20,08:18:25,17:34:00,8.0,0.0,Present
ATT02937,EMP048,2025-10-20,08:17:06,17:44:00,8.0,0.0,Present
ATT02938,EMP049,2025-10-20,08:18:34,19:37:00,9.5,1.5,Present
ATT02939,EMP050,2025-10-20,08:21:31,17:42:00,8.0,0.0,Present
ATT02940,EMP051,2025-10-20,08:22:02,17:31:00,8.0,0.0,Present
ATT02941,EMP052,2025-10-20,08:17:58,17:46:00,8.0,0.0,Present
ATT02942,EMP053,2025-10-20,08:25:24,20:30:00,10.5,2.5,Present
ATT02943,EMP054,2025-10-20,08:20:13,17:30:00,8.0,0.0,Present
ATT02944,EMP055,2025-10-20,08:25:49,17:47:00,8.0,0.0,Present
ATT02945,EMP056,2025-10-20,08:34:33,17:37:00,8.0,0.0,Present
ATT02946,EMP057,2025-10-20,08:25:30,17:45:00,8.0,0.0,Present
ATT02947,EMP058,2025-10-20,08:24:52,17:33:00,8.0,0.0,Present
ATT02948,EMP059,2025-10-20,,,0.0,0.0,On Leave
ATT02949,EMP060,2025-10-20,08:36:00,17:49:00,7.9,0.0,Late
ATT02950,EMP062,2025-10-20,08:27:23,17:41:00,8.0,0.0,Present
ATT02951,EMP063,2025-10-20,08:16:04,17:32:00,8.0,0.0,Present
ATT02952,EMP064,2025-10-20,08:31:40,17:39:00,8.0,0.0,Present
ATT02953,EMP065,2025-10-20,08:24:14,17:46:00,8.0,0.0,Present
ATT02954,EMP069,2025-10-20,08:15:37,20:36:00,10.5,2.5,Present
ATT02955,EMP070,2025-10-20,08:20:13,17:46:00,8.0,0.0,Present
ATT02956,EMP071,2025-10-20,08:22:28,17:40:00,8.0,0.0,Present
ATT02957,EMP072,2025-10-20,08:17:16,17:39:00,8.0,0.0,Present
ATT02958,EMP074,2025-10-20,08:32:26,17:31:00,8.0,0.0,Present
ATT02959,EMP075,2025-10-20,08:15:49,17:37:00,8.0,0.0,Present
ATT02960,EMP076,2025-10-20,08:27:27,17:31:00,8.0,0.0,Present
ATT02961,EMP077,2025-10-20,08:18:07,17:43:00,8.0,0.0,Present
ATT02962,EMP078,2025-10-20,08:15:02,17:31:00,8.0,0.0,Present
ATT02963,EMP079,2025-10-20,08:21:23,17:49:00,8.0,0.0,Present
ATT02964,EMP080,2025-10-20,08:15:24,20:32:00,10.5,2.5,Present
ATT02965,EMP083,2025-10-20,08:21:06,17:36:00,8.0,0.0,Present
ATT02966,EMP084,2025-10-20,08:25:22,20:35:00,10.5,2.5,Present
ATT02967,EMP085,2025-10-20,08:18:31,17:45:00,8.0,0.0,Present
ATT02968,EMP086,2025-10-20,08:32:41,17:49:00,8.0,0.0,Present
ATT02969,EMP087,2025-10-20,08:31:53,17:31:00,8.0,0.0,Present
ATT02970,EMP088,2025-10-20,08:24:57,17:46:00,8.0,0.0,Present
ATT02971,EMP089,2025-10-20,,,0.0,0.0,On Leave
ATT02972,EMP090,2025-10-20,08:25:19,17:47:00,8.0,0.0,Present
ATT02973,EMP091,2025-10-20,08:31:08,17:36:00,8.0,0.0,Present
ATT02974,EMP092,2025-10-20,08:26:39,17:31:00,8.0,0.0,Present
ATT02975,EMP093,2025-10-20,08:26:28,17:30:00,8.0,0.0,Present
ATT02976,EMP094,2025-10-20,08:16:32,17:48:00,8.0,0.0,Present
ATT02977,EMP095,2025-10-20,08:17:51,17:48:00,8.0,0.0,Present
ATT02978,EMP096,2025-10-20,08:15:45,17:38:00,8.0,0.0,Present
ATT02979,EMP097,2025-10-20,08:20:25,17:48:00,8.0,0.0,Present
ATT02980,EMP098,2025-10-20,08:28:49,17:42:00,8.0,0.0,Present
ATT02981,EMP099,2025-10-20,08:24:53,17:49:00,8.0,0.0,Present
ATT02982,EMP100,2025-10-20,08:29:05,17:39:00,8.0,0.0,Present
ATT02983,EMP101,2025-10-20,08:26:37,17:48:00,8.0,0.0,Present
ATT02984,EMP102,2025-10-20,08:25:36,19:09:00,9.0,1.0,Present
ATT02985,EMP103,2025-10-20,08:21:11,17:33:00,8.0,0.0,Present
ATT02986,EMP104,2025-10-20,08:22:18,17:43:00,8.0,0.0,Present
ATT02987,EMP105,2025-10-20,08:32:03,17:30:00,8.0,0.0,Present
ATT02988,EMP106,2025-10-20,,,0.0,0.0,Absent
ATT02989,EMP107,2025-10-20,08:27:40,20:30:00,10.5,2.5,Present
ATT02990,EMP108,2025-10-20,08:20:47,17:47:00,8.0,0.0,Present
ATT02991,EMP109,2025-10-20,08:23:00,15:20:00,5.5,0.0,Early Departure
ATT02992,EMP110,2025-10-20,08:34:58,17:37:00,8.0,0.0,Present
ATT02993,EMP111,2025-10-20,08:52:00,17:34:00,7.6,0.0,Late
ATT02994,EMP112,2025-10-20,08:32:48,20:00:00,10.0,2.0,Present
ATT02995,EMP113,2025-10-20,08:49:00,17:51:00,7.7,0.0,Late
ATT02996,EMP114,2025-10-20,08:19:57,17:49:00,8.0,0.0,Present
ATT02997,EMP115,2025-10-20,08:15:35,17:34:00,8.0,0.0,Present
ATT02998,EMP116,2025-10-20,08:26:34,17:43:00,8.0,0.0,Present
ATT02999,EMP117,2025-10-20,08:17:50,17:48:00,8.0,0.0,Present
ATT03000,EMP120,2025-10-20,08:28:40,19:30:00,9.5,1.5,Present
ATT03001,EMP121,2025-10-20,08:28:06,17:34:00,8.0,0.0,Present
ATT03002,EMP122,2025-10-20,08:31:20,17:33:00,8.0,0.0,Present
ATT03003,EMP123,2025-10-20,08:21:49,17:47:00,8.0,0.0,Present
ATT03004,EMP124,2025-10-20,08:33:50,17:46:00,8.0,0.0,Present
ATT03005,EMP126,2025-10-20,08:16:54,19:45:00,9.5,1.5,Present
ATT03006,EMP127,2025-10-20,08:15:00,17:46:00,8.0,0.0,Present
ATT03007,EMP128,2025-10-20,08:27:58,17:32:00,8.0,0.0,Present
ATT03008,EMP129,2025-10-20,,,0.0,0.0,Absent
ATT03009,EMP130,2025-10-20,08:27:32,17:32:00,8.0,0.0,Present
ATT03010,EMP131,2025-10-20,08:34:21,17:30:00,8.0,0.0,Present
ATT03011,EMP132,2025-10-20,08:17:24,17:49:00,8.0,0.0,Present
ATT03012,EMP133,2025-10-20,08:17:18,17:32:00,8.0,0.0,Present
ATT03013,EMP134,2025-10-20,08:25:03,17:35:00,8.0,0.0,Present
ATT03014,EMP135,2025-10-20,08:31:12,17:44:00,8.0,0.0,Present
ATT03015,EMP136,2025-10-20,08:19:03,17:37:00,8.0,0.0,Present
ATT03016,EMP137,2025-10-20,08:23:01,17:44:00,8.0,0.0,Present
ATT03017,EMP138,2025-10-20,08:24:25,20:34:00,10.5,2.5,Present
ATT03018,EMP139,2025-10-20,08:28:42,19:41:00,9.5,1.5,Present
ATT03019,EMP141,2025-10-20,08:17:47,17:50:00,8.0,0.0,Present
ATT03020,EMP142,2025-10-20,08:27:59,19:32:00,9.5,1.5,Present
ATT03021,EMP143,2025-10-20,08:23:01,17:46:00,8.0,0.0,Present
ATT03022,EMP144,2025-10-20,08:23:04,17:36:00,8.0,0.0,Present
ATT03023,EMP145,2025-10-20,08:22:05,17:40:00,8.0,0.0,Present
ATT03024,EMP146,2025-10-20,08:20:12,17:42:00,8.0,0.0,Present
ATT03025,EMP147,2025-10-20,08:32:59,19:06:00,9.0,1.0,Present
ATT03026,EMP148,2025-10-20,08:20:43,19:30:00,9.5,1.5,Present
ATT03027,EMP149,2025-10-20,08:22:48,17:46:00,8.0,0.0,Present
ATT03028,EMP151,2025-10-20,,,0.0,0.0,On Leave
ATT03029,EMP152,2025-10-20,08:29:31,17:41:00,8.0,0.0,Present
ATT03030,EMP153,2025-10-20,08:21:13,17:47:00,8.0,0.0,Present
ATT03031,EMP155,2025-10-20,08:23:37,19:40:00,9.5,1.5,Present
ATT03032,EMP156,2025-10-20,08:27:18,17:33:00,8.0,0.0,Present
ATT03033,EMP157,2025-10-20,08:24:03,17:36:00,8.0,0.0,Present
ATT03034,EMP158,2025-10-20,08:18:25,17:33:00,8.0,0.0,Present
ATT03035,EMP159,2025-10-20,08:50:00,17:53:00,7.7,0.0,Late
ATT03036,EMP160,2025-10-20,08:31:10,17:32:00,8.0,0.0,Present
ATT03037,EMP162,2025-10-20,08:20:40,20:35:00,10.5,2.5,Present
ATT03038,EMP163,2025-10-20,08:21:16,17:43:00,8.0,0.0,Present
ATT03039,EMP164,2025-10-20,08:32:21,17:45:00,8.0,0.0,Present
ATT03040,EMP165,2025-10-20,08:34:28,17:43:00,8.0,0.0,Present
ATT03041,EMP166,2025-10-20,08:22:55,17:37:00,8.0,0.0,Present
ATT03042,EMP167,2025-10-20,08:31:11,17:40:00,8.0,0.0,Present
ATT03043,EMP168,2025-10-20,08:25:14,17:44:00,8.0,0.0,Present
ATT03044,EMP169,2025-10-20,08:20:00,16:50:00,6.5,0.0,Early Departure
ATT03045,EMP170,2025-10-20,08:32:46,17:42:00,8.0,0.0,Present
ATT03046,EMP171,2025-10-20,08:18:29,17:31:00,8.0,0.0,Present
ATT03047,EMP172,2025-10-20,08:30:15,17:46:00,8.0,0.0,Present
ATT03048,EMP173,2025-10-20,08:19:55,17:41:00,8.0,0.0,Present
ATT03049,EMP175,2025-10-20,08:27:34,19:35:00,9.5,1.5,Present
ATT03050,EMP176,2025-10-20,08:26:20,17:32:00,8.0,0.0,Present
ATT03051,EMP178,2025-10-20,,,0.0,0.0,Absent
ATT03052,EMP179,2025-10-20,08:26:00,17:47:00,8.0,0.0,Present
ATT03053,EMP180,2025-10-20,,,0.0,0.0,On Leave
ATT03054,EMP181,2025-10-20,08:44:00,17:42:00,7.8,0.0,Late
ATT03055,EMP182,2025-10-20,08:17:33,17:35:00,8.0,0.0,Present
ATT03056,EMP183,2025-10-20,08:33:08,17:42:00,8.0,0.0,Present
ATT03057,EMP185,2025-10-20,,,0.0,0.0,On Leave
ATT03058,EMP186,2025-10-20,08:16:35,17:38:00,8.0,0.0,Present
ATT03059,EMP187,2025-10-20,08:34:38,17:47:00,8.0,0.0,Present
ATT03060,EMP188,2025-10-20,08:20:08,17:31:00,8.0,0.0,Present
ATT03061,EMP189,2025-10-20,08:16:38,17:37:00,8.0,0.0,Present
ATT03062,EMP191,2025-10-20,08:32:27,17:49:00,8.0,0.0,Present
ATT03063,EMP192,2025-10-20,08:23:32,17:50:00,8.0,0.0,Present
ATT03064,EMP193,2025-10-20,08:34:21,17:49:00,8.0,0.0,Present
ATT03065,EMP194,2025-10-20,08:17:41,20:14:00,10.0,2.0,Present
ATT03066,EMP195,2025-10-20,08:31:29,17:31:00,8.0,0.0,Present
ATT03067,EMP196,2025-10-20,08:29:05,17:35:00,8.0,0.0,Present
ATT03068,EMP197,2025-10-20,08:32:25,17:45:00,8.0,0.0,Present
ATT03069,EMP198,2025-10-20,08:20:01,17:44:00,8.0,0.0,Present
ATT03070,EMP201,2025-10-20,08:17:39,20:45:00,10.5,2.5,Present
ATT03071,EMP202,2025-10-20,08:30:24,17:49:00,8.0,0.0,Present
ATT03072,EMP203,2025-10-20,08:28:32,17:34:00,8.0,0.0,Present
ATT03073,EMP204,2025-10-20,08:19:20,17:36:00,8.0,0.0,Present
ATT03074,EMP205,2025-10-20,08:16:50,17:40:00,8.0,0.0,Present
ATT03075,EMP206,2025-10-20,08:15:25,17:50:00,8.0,0.0,Present
ATT03076,EMP207,2025-10-20,08:26:03,17:30:00,8.0,0.0,Present
ATT03077,EMP208,2025-10-20,08:26:48,17:42:00,8.0,0.0,Present
ATT03078,EMP209,2025-10-20,08:25:43,17:31:00,8.0,0.0,Present
ATT03079,EMP210,2025-10-20,08:18:10,17:47:00,8.0,0.0,Present
ATT03080,EMP211,2025-10-20,08:25:54,17:38:00,8.0,0.0,Present
ATT03081,EMP212,2025-10-20,08:31:25,17:42:00,8.0,0.0,Present
ATT03082,EMP213,2025-10-20,08:26:52,17:39:00,8.0,0.0,Present
ATT03083,EMP214,2025-10-20,08:22:40,17:47:00,8.0,0.0,Present
ATT03084,EMP215,2025-10-20,08:23:50,17:37:00,8.0,0.0,Present
ATT03085,EMP216,2025-10-20,08:21:34,17:48:00,8.0,0.0,Present
ATT03086,EMP217,2025-10-20,08:46:00,17:42:00,7.7,0.0,Late
ATT03087,EMP218,2025-10-20,08:17:43,17:40:00,8.0,0.0,Present
ATT03088,EMP219,2025-10-20,08:25:46,17:45:00,8.0,0.0,Present
ATT03089,EMP220,2025-10-20,08:25:24,19:42:00,9.5,1.5,Present
ATT03090,EMP221,2025-10-20,08:23:00,15:21:00,5.5,0.0,Early Departure
ATT03091,EMP222,2025-10-20,08:26:06,17:46:00,8.0,0.0,Present
ATT03092,EMP223,2025-10-20,08:27:23,17:50:00,8.0,0.0,Present
ATT03093,EMP224,2025-10-20,08:23:24,17:47:00,8.0,0.0,Present
ATT03094,EMP225,2025-10-20,08:34:20,17:39:00,8.0,0.0,Present
ATT03095,EMP226,2025-10-20,08:22:00,19:02:00,9.0,1.0,Present
ATT03096,EMP227,2025-10-20,08:39:00,17:45:00,7.8,0.0,Late
ATT03097,EMP228,2025-10-20,08:20:03,20:07:00,10.0,2.0,Present
ATT03098,EMP229,2025-10-20,08:16:05,17:36:00,8.0,0.0,Present
ATT03099,EMP230,2025-10-20,08:17:20,17:33:00,8.0,0.0,Present
ATT03100,EMP231,2025-10-20,08:25:12,19:41:00,9.5,1.5,Present
ATT03101,EMP232,2025-10-20,08:21:52,17:46:00,8.0,0.0,Present
ATT03102,EMP233,2025-10-20,08:28:28,17:31:00,8.0,0.0,Present
ATT03103,EMP234,2025-10-20,08:34:17,17:34:00,8.0,0.0,Present
ATT03104,EMP235,2025-10-20,08:18:18,17:32:00,8.0,0.0,Present
ATT03105,EMP236,2025-10-20,08:26:11,17:49:00,8.0,0.0,Present
ATT03106,EMP237,2025-10-20,08:18:44,17:45:00,8.0,0.0,Present
ATT03107,EMP239,2025-10-20,08:34:46,17:45:00,8.0,0.0,Present
ATT03108,EMP240,2025-10-20,08:26:08,17:46:00,8.0,0.0,Present
ATT03109,EMP241,2025-10-20,08:26:25,19:40:00,9.5,1.5,Present
ATT03110,EMP242,2025-10-20,08:28:26,20:13:00,10.0,2.0,Present
ATT03111,EMP243,2025-10-20,08:29:34,17:39:00,8.0,0.0,Present
ATT03112,EMP244,2025-10-20,08:19:31,17:46:00,8.0,0.0,Present
ATT03113,EMP245,2025-10-20,08:23:34,17:48:00,8.0,0.0,Present
ATT03114,EMP246,2025-10-20,08:26:50,17:49:00,8.0,0.0,Present
ATT03115,EMP249,2025-10-20,08:31:08,17:49:00,8.0,0.0,Present
ATT03116,EMP250,2025-10-20,08:38:00,17:55:00,7.9,0.0,Late
ATT03117,EMP001,2025-10-21,08:25:01,19:01:00,9.0,1.0,Present
ATT03118,EMP002,2025-10-21,08:24:23,17:48:00,8.0,0.0,Present
ATT03119,EMP003,2025-10-21,08:22:04,17:34:00,8.0,0.0,Present
ATT03120,EMP004,2025-10-21,08:18:51,17:40:00,8.0,0.0,Present
ATT03121,EMP005,2025-10-21,08:15:20,17:31:00,8.0,0.0,Present
ATT03122,EMP006,2025-10-21,08:28:35,17:33:00,8.0,0.0,Present
ATT03123,EMP007,2025-10-21,08:24:54,17:49:00,8.0,0.0,Present
ATT03124,EMP008,2025-10-21,08:33:39,17:45:00,8.0,0.0,Present
ATT03125,EMP009,2025-10-21,08:22:27,17:50:00,8.0,0.0,Present
ATT03126,EMP010,2025-10-21,08:24:41,17:30:00,8.0,0.0,Present
ATT03127,EMP011,2025-10-21,08:31:47,17:41:00,8.0,0.0,Present
ATT03128,EMP012,2025-10-21,08:17:33,17:35:00,8.0,0.0,Present
ATT03129,EMP013,2025-10-21,08:18:47,19:04:00,9.0,1.0,Present
ATT03130,EMP014,2025-10-21,08:19:56,17:30:00,8.0,0.0,Present
ATT03131,EMP015,2025-10-21,08:34:05,19:02:00,9.0,1.0,Present
ATT03132,EMP016,2025-10-21,08:28:16,17:36:00,8.0,0.0,Present
ATT03133,EMP019,2025-10-21,08:29:22,19:45:00,9.5,1.5,Present
ATT03134,EMP020,2025-10-21,08:17:42,17:35:00,8.0,0.0,Present
ATT03135,EMP021,2025-10-21,08:51:00,17:44:00,7.7,0.0,Late
ATT03136,EMP022,2025-10-21,08:26:35,17:45:00,8.0,0.0,Present
ATT03137,EMP023,2025-10-21,08:19:55,17:31:00,8.0,0.0,Present
ATT03138,EMP024,2025-10-21,08:34:05,17:44:00,8.0,0.0,Present
ATT03139,EMP025,2025-10-21,08:32:15,17:42:00,8.0,0.0,Present
ATT03140,EMP026,2025-10-21,08:20:45,17:33:00,8.0,0.0,Present
ATT03141,EMP027,2025-10-21,08:20:04,17:36:00,8.0,0.0,Present
ATT03142,EMP028,2025-10-21,08:21:59,17:48:00,8.0,0.0,Present
ATT03143,EMP029,2025-10-21,,,0.0,0.0,On Leave
ATT03144,EMP030,2025-10-21,08:20:00,16:11:00,6.5,0.0,Early Departure
ATT03145,EMP031,2025-10-21,08:33:36,17:36:00,8.0,0.0,Present
ATT03146,EMP032,2025-10-21,08:20:06,17:40:00,8.0,0.0,Present
ATT03147,EMP035,2025-10-21,08:33:04,17:37:00,8.0,0.0,Present
ATT03148,EMP036,2025-10-21,08:19:15,17:40:00,8.0,0.0,Present
ATT03149,EMP037,2025-10-21,08:22:50,17:47:00,8.0,0.0,Present
ATT03150,EMP038,2025-10-21,08:32:19,17:33:00,8.0,0.0,Present
ATT03151,EMP040,2025-10-21,08:29:47,17:45:00,8.0,0.0,Present
ATT03152,EMP041,2025-10-21,08:27:18,17:30:00,8.0,0.0,Present
ATT03153,EMP042,2025-10-21,08:23:55,17:45:00,8.0,0.0,Present
ATT03154,EMP043,2025-10-21,08:18:11,17:49:00,8.0,0.0,Present
ATT03155,EMP044,2025-10-21,08:33:28,19:44:00,9.5,1.5,Present
ATT03156,EMP045,2025-10-21,08:16:21,17:49:00,8.0,0.0,Present
ATT03157,EMP047,2025-10-21,08:31:58,17:33:00,8.0,0.0,Present
ATT03158,EMP048,2025-10-21,08:25:08,17:47:00,8.0,0.0,Present
ATT03159,EMP049,2025-10-21,08:28:00,15:08:00,5.5,0.0,Early Departure
ATT03160,EMP050,2025-10-21,08:18:08,17:42:00,8.0,0.0,Present
ATT03161,EMP051,2025-10-21,08:16:35,19:01:00,9.0,1.0,Present
ATT03162,EMP052,2025-10-21,08:32:31,17:44:00,8.0,0.0,Present
ATT03163,EMP053,2025-10-21,08:31:55,17:41:00,8.0,0.0,Present
ATT03164,EMP054,2025-10-21,08:26:42,17:35:00,8.0,0.0,Present
ATT03165,EMP055,2025-10-21,08:32:25,17:31:00,8.0,0.0,Present
ATT03166,EMP056,2025-10-21,08:23:19,17:42:00,8.0,0.0,Present
ATT03167,EMP057,2025-10-21,08:33:54,17:40:00,8.0,0.0,Present
ATT03168,EMP058,2025-10-21,08:17:22,17:35:00,8.0,0.0,Present
ATT03169,EMP059,2025-10-21,08:29:00,15:01:00,5.5,0.0,Early Departure
ATT03170,EMP060,2025-10-21,08:33:10,17:48:00,8.0,0.0,Present
ATT03171,EMP062,2025-10-21,08:15:05,17:45:00,8.0,0.0,Present
ATT03172,EMP063,2025-10-21,08:31:12,19:30:00,9.5,1.5,Present
ATT03173,EMP064,2025-10-21,08:30:05,17:48:00,8.0,0.0,Present
ATT03174,EMP065,2025-10-21,08:34:07,19:04:00,9.0,1.0,Present
ATT03175,EMP069,2025-10-21,08:18:13,20:43:00,10.5,2.5,Present
ATT03176,EMP070,2025-10-21,08:19:03,19:03:00,9.0,1.0,Present
ATT03177,EMP071,2025-10-21,08:27:06,19:31:00,9.5,1.5,Present
ATT03178,EMP072,2025-10-21,08:16:28,20:14:00,10.0,2.0,Present
ATT03179,EMP074,2025-10-21,08:42:00,17:49:00,7.8,0.0,Late
ATT03180,EMP075,2025-10-21,08:21:02,17:36:00,8.0,0.0,Present
ATT03181,EMP076,2025-10-21,08:25:13,17:35:00,8.0,0.0,Present
ATT03182,EMP077,2025-10-21,08:24:49,17:34:00,8.0,0.0,Present
ATT03183,EMP078,2025-10-21,08:24:11,20:00:00,10.0,2.0,Present
ATT03184,EMP079,2025-10-21,08:27:40,17:40:00,8.0,0.0,Present
ATT03185,EMP080,2025-10-21,08:33:42,17:34:00,8.0,0.0,Present
ATT03186,EMP083,2025-10-21,08:24:24,19:41:00,9.5,1.5,Present
ATT03187,EMP084,2025-10-21,,,0.0,0.0,Absent
ATT03188,EMP085,2025-10-21,08:27:53,17:50:00,8.0,0.0,Present
ATT03189,EMP086,2025-10-21,08:21:45,17:49:00,8.0,0.0,Present
ATT03190,EMP087,2025-10-21,08:33:31,17:33:00,8.0,0.0,Present
ATT03191,EMP088,2025-10-21,08:29:07,19:43:00,9.5,1.5,Present
ATT03192,EMP089,2025-10-21,08:53:00,17:40:00,7.6,0.0,Late
ATT03193,EMP090,2025-10-21,08:27:19,17:34:00,8.0,0.0,Present
ATT03194,EMP091,2025-10-21,08:15:16,17:34:00,8.0,0.0,Present
ATT03195,EMP092,2025-10-21,08:30:59,19:11:00,9.0,1.0,Present
ATT03196,EMP093,2025-10-21,08:30:14,17:38:00,8.0,0.0,Present
ATT03197,EMP094,2025-10-21,08:34:39,19:13:00,9.0,1.0,Present
ATT03198,EMP095,2025-10-21,08:33:01,17:34:00,8.0,0.0,Present
ATT03199,EMP096,2025-10-21,08:24:33,17:33:00,8.0,0.0,Present
ATT03200,EMP097,2025-10-21,08:23:55,19:07:00,9.0,1.0,Present
ATT03201,EMP098,2025-10-21,08:24:02,17:33:00,8.0,0.0,Present
ATT03202,EMP099,2025-10-21,08:26:58,17:45:00,8.0,0.0,Present
ATT03203,EMP100,2025-10-21,08:29:23,17:39:00,8.0,0.0,Present
ATT03204,EMP101,2025-10-21,08:26:28,17:41:00,8.0,0.0,Present
ATT03205,EMP102,2025-10-21,08:28:53,19:38:00,9.5,1.5,Present
ATT03206,EMP103,2025-10-21,08:18:08,17:38:00,8.0,0.0,Present
ATT03207,EMP104,2025-10-21,08:15:07,19:03:00,9.0,1.0,Present
ATT03208,EMP105,2025-10-21,08:31:07,19:13:00,9.0,1.0,Present
ATT03209,EMP106,2025-10-21,08:18:28,17:32:00,8.0,0.0,Present
ATT03210,EMP107,2025-10-21,08:28:33,19:03:00,9.0,1.0,Present
ATT03211,EMP108,2025-10-21,08:26:28,19:03:00,9.0,1.0,Present
ATT03212,EMP109,2025-10-21,,,0.0,0.0,On Leave
ATT03213,EMP110,2025-10-21,08:29:05,19:13:00,9.0,1.0,Present
ATT03214,EMP111,2025-10-21,08:22:03,17:37:00,8.0,0.0,Present
ATT03215,EMP112,2025-10-21,08:16:52,17:41:00,8.0,0.0,Present
ATT03216,EMP113,2025-10-21,,,0.0,0.0,On Leave
ATT03217,EMP114,2025-10-21,08:27:00,16:12:00,6.5,0.0,Early Departure
ATT03218,EMP115,2025-10-21,08:20:07,17:30:00,8.0,0.0,Present
ATT03219,EMP116,2025-10-21,08:28:11,17:46:00,8.0,0.0,Present
ATT03220,EMP117,2025-10-21,08:29:27,17:49:00,8.0,0.0,Present
ATT03221,EMP120,2025-10-21,08:15:13,19:10:00,9.0,1.0,Present
ATT03222,EMP121,2025-10-21,08:21:38,17:44:00,8.0,0.0,Present
ATT03223,EMP122,2025-10-21,08:49:00,17:42:00,7.7,0.0,Late
ATT03224,EMP123,2025-10-21,08:19:05,17:32:00,8.0,0.0,Present
ATT03225,EMP124,2025-10-21,08:19:44,17:30:00,8.0,0.0,Present
ATT03226,EMP126,2025-10-21,08:23:25,17:33:00,8.0,0.0,Present
ATT03227,EMP127,2025-10-21,08:25:40,17:32:00,8.0,0.0,Present
ATT03228,EMP128,2025-10-21,08:16:28,17:44:00,8.0,0.0,Present
ATT03229,EMP129,2025-10-21,08:23:02,20:07:00,10.0,2.0,Present
ATT03230,EMP130,2025-10-21,08:32:04,17:48:00,8.0,0.0,Present
ATT03231,EMP131,2025-10-21,08:23:36,19:32:00,9.5,1.5,Present
ATT03232,EMP132,2025-10-21,08:20:02,17:49:00,8.0,0.0,Present
ATT03233,EMP133,2025-10-21,08:33:19,17:49:00,8.0,0.0,Present
ATT03234,EMP134,2025-10-21,08:27:50,17:45:00,8.0,0.0,Present
ATT03235,EMP135,2025-10-21,08:17:12,17:44:00,8.0,0.0,Present
ATT03236,EMP136,2025-10-21,08:28:24,17:39:00,8.0,0.0,Present
ATT03237,EMP137,2025-10-21,08:27:06,20:39:00,10.5,2.5,Present
ATT03238,EMP138,2025-10-21,08:27:00,16:36:00,6.5,0.0,Early Departure
ATT03239,EMP139,2025-10-21,08:22:53,20:13:00,10.0,2.0,Present
ATT03240,EMP141,2025-10-21,08:31:42,17:39:00,8.0,0.0,Present
ATT03241,EMP142,2025-10-21,08:18:39,17:30:00,8.0,0.0,Present
ATT03242,EMP143,2025-10-21,08:23:10,17:34:00,8.0,0.0,Present
ATT03243,EMP144,2025-10-21,08:29:03,17:47:00,8.0,0.0,Present
ATT03244,EMP145,2025-10-21,08:18:05,17:35:00,8.0,0.0,Present
ATT03245,EMP146,2025-10-21,08:15:40,17:50:00,8.0,0.0,Present
ATT03246,EMP147,2025-10-21,08:32:51,20:14:00,10.0,2.0,Present
ATT03247,EMP148,2025-10-21,08:39:00,17:32:00,7.8,0.0,Late
ATT03248,EMP149,2025-10-21,,,0.0,0.0,On Leave
ATT03249,EMP151,2025-10-21,,,0.0,0.0,On Leave
ATT03250,EMP152,2025-10-21,08:32:32,17:39:00,8.0,0.0,Present
ATT03251,EMP153,2025-10-21,08:52:00,17:30:00,7.6,0.0,Late
ATT03252,EMP155,2025-10-21,08:17:34,17:38:00,8.0,0.0,Present
ATT03253,EMP156,2025-10-21,08:19:10,17:44:00,8.0,0.0,Present
ATT03254,EMP157,2025-10-21,08:25:00,15:36:00,5.5,0.0,Early Departure
ATT03255,EMP158,2025-10-21,,,0.0,0.0,On Leave
ATT03256,EMP159,2025-10-21,,,0.0,0.0,On Leave
ATT03257,EMP160,2025-10-21,08:15:34,19:08:00,9.0,1.0,Present
ATT03258,EMP162,2025-10-21,08:28:30,17:32:00,8.0,0.0,Present
ATT03259,EMP163,2025-10-21,08:20:53,19:09:00,9.0,1.0,Present
ATT03260,EMP164,2025-10-21,08:17:48,17:32:00,8.0,0.0,Present
ATT03261,EMP165,2025-10-21,08:52:00,17:45:00,7.6,0.0,Late
ATT03262,EMP166,2025-10-21,08:33:17,17:49:00,8.0,0.0,Present
ATT03263,EMP167,2025-10-21,08:32:57,17:44:00,8.0,0.0,Present
ATT03264,EMP168,2025-10-21,08:27:37,17:45:00,8.0,0.0,Present
ATT03265,EMP169,2025-10-21,08:16:17,20:07:00,10.0,2.0,Present
ATT03266,EMP170,2025-10-21,08:23:57,17:48:00,8.0,0.0,Present
ATT03267,EMP171,2025-10-21,08:26:27,19:35:00,9.5,1.5,Present
ATT03268,EMP172,2025-10-21,08:32:35,17:42:00,8.0,0.0,Present
ATT03269,EMP173,2025-10-21,08:29:37,17:50:00,8.0,0.0,Present
ATT03270,EMP175,2025-10-21,08:24:40,20:39:00,10.5,2.5,Present
ATT03271,EMP176,2025-10-21,08:27:24,17:38:00,8.0,0.0,Present
ATT03272,EMP178,2025-10-21,08:49:00,17:30:00,7.7,0.0,Late
ATT03273,EMP179,2025-10-21,08:31:19,20:30:00,10.5,2.5,Present
ATT03274,EMP180,2025-10-21,08:25:06,17:35:00,8.0,0.0,Present
ATT03275,EMP181,2025-10-21,,,0.0,0.0,On Leave
ATT03276,EMP182,2025-10-21,08:22:52,17:38:00,8.0,0.0,Present
ATT03277,EMP183,2025-10-21,08:19:00,17:48:00,8.0,0.0,Present
ATT03278,EMP185,2025-10-21,,,0.0,0.0,On Leave
ATT03279,EMP186,2025-10-21,08:23:34,17:46:00,8.0,0.0,Present
ATT03280,EMP187,2025-10-21,08:16:56,17:38:00,8.0,0.0,Present
ATT03281,EMP188,2025-10-21,08:19:48,17:49:00,8.0,0.0,Present
ATT03282,EMP189,2025-10-21,08:28:01,17:32:00,8.0,0.0,Present
ATT03283,EMP191,2025-10-21,08:17:13,17:33:00,8.0,0.0,Present
ATT03284,EMP192,2025-10-21,08:22:22,17:49:00,8.0,0.0,Present
ATT03285,EMP193,2025-10-21,08:20:52,17:43:00,8.0,0.0,Present
ATT03286,EMP194,2025-10-21,08:21:30,17:30:00,8.0,0.0,Present
ATT03287,EMP195,2025-10-21,08:22:02,17:40:00,8.0,0.0,Present
ATT03288,EMP196,2025-10-21,08:18:25,17:30:00,8.0,0.0,Present
ATT03289,EMP197,2025-10-21,08:47:00,17:38:00,7.7,0.0,Late
ATT03290,EMP198,2025-10-21,08:30:09,17:49:00,8.0,0.0,Present
ATT03291,EMP201,2025-10-21,08:25:41,19:39:00,9.5,1.5,Present
ATT03292,EMP202,2025-10-21,08:33:26,17:32:00,8.0,0.0,Present
ATT03293,EMP203,2025-10-21,08:30:57,17:32:00,8.0,0.0,Present
ATT03294,EMP204,2025-10-21,08:19:44,17:47:00,8.0,0.0,Present
ATT03295,EMP205,2025-10-21,08:32:40,19:12:00,9.0,1.0,Present
ATT03296,EMP206,2025-10-21,08:32:09,19:14:00,9.0,1.0,Present
ATT03297,EMP207,2025-10-21,08:31:54,17:37:00,8.0,0.0,Present
ATT03298,EMP208,2025-10-21,08:34:11,17:50:00,8.0,0.0,Present
ATT03299,EMP209,2025-10-21,08:23:34,17:47:00,8.0,0.0,Present
ATT03300,EMP210,2025-10-21,08:22:44,17:42:00,8.0,0.0,Present
ATT03301,EMP211,2025-10-21,08:32:28,17:46:00,8.0,0.0,Present
ATT03302,EMP212,2025-10-21,08:24:44,17:32:00,8.0,0.0,Present
ATT03303,EMP213,2025-10-21,08:33:16,17:31:00,8.0,0.0,Present
ATT03304,EMP214,2025-10-21,08:34:08,17:35:00,8.0,0.0,Present
ATT03305,EMP215,2025-10-21,08:30:23,17:42:00,8.0,0.0,Present
ATT03306,EMP216,2025-10-21,08:37:00,17:41:00,7.9,0.0,Late
ATT03307,EMP217,2025-10-21,08:30:05,17:31:00,8.0,0.0,Present
ATT03308,EMP218,2025-10-21,08:34:34,17:47:00,8.0,0.0,Present
ATT03309,EMP219,2025-10-21,08:21:26,17:43:00,8.0,0.0,Present
ATT03310,EMP220,2025-10-21,,,0.0,0.0,On Leave
ATT03311,EMP221,2025-10-21,08:18:32,17:40:00,8.0,0.0,Present
ATT03312,EMP222,2025-10-21,08:16:24,17:31:00,8.0,0.0,Present
ATT03313,EMP223,2025-10-21,08:33:19,17:39:00,8.0,0.0,Present
ATT03314,EMP224,2025-10-21,08:33:16,20:12:00,10.0,2.0,Present
ATT03315,EMP225,2025-10-21,,,0.0,0.0,Absent
ATT03316,EMP226,2025-10-21,08:23:50,17:47:00,8.0,0.0,Present
ATT03317,EMP227,2025-10-21,08:28:31,17:40:00,8.0,0.0,Present
ATT03318,EMP228,2025-10-21,08:23:10,20:10:00,10.0,2.0,Present
ATT03319,EMP229,2025-10-21,08:26:31,17:40:00,8.0,0.0,Present
ATT03320,EMP230,2025-10-21,08:15:36,17:39:00,8.0,0.0,Present
ATT03321,EMP231,2025-10-21,08:22:12,17:49:00,8.0,0.0,Present
ATT03322,EMP232,2025-10-21,08:19:15,17:41:00,8.0,0.0,Present
ATT03323,EMP233,2025-10-21,08:27:56,17:34:00,8.0,0.0,Present
ATT03324,EMP234,2025-10-21,08:20:49,17:39:00,8.0,0.0,Present
ATT03325,EMP235,2025-10-21,08:27:40,17:49:00,8.0,0.0,Present
ATT03326,EMP236,2025-10-21,08:16:00,17:43:00,8.0,0.0,Present
ATT03327,EMP237,2025-10-21,08:20:07,20:05:00,10.0,2.0,Present
ATT03328,EMP239,2025-10-21,,,0.0,0.0,On Leave
ATT03329,EMP240,2025-10-21,08:28:56,17:45:00,8.0,0.0,Present
ATT03330,EMP241,2025-10-21,08:19:48,17:32:00,8.0,0.0,Present
ATT03331,EMP242,2025-10-21,08:18:05,19:02:00,9.0,1.0,Present
ATT03332,EMP243,2025-10-21,08:31:52,17:47:00,8.0,0.0,Present
ATT03333,EMP244,2025-10-21,08:27:03,19:03:00,9.0,1.0,Present
ATT03334,EMP245,2025-10-21,08:31:25,17:45:00,8.0,0.0,Present
ATT03335,EMP246,2025-10-21,,,0.0,0.0,Absent
ATT03336,EMP249,2025-10-21,08:17:11,17:41:00,8.0,0.0,Present
ATT03337,EMP250,2025-10-21,08:15:59,17:44:00,8.0,0.0,Present
ATT03338,EMP001,2025-10-22,08:28:50,17:35:00,8.0,0.0,Present
ATT03339,EMP002,2025-10-22,08:28:04,19:05:00,9.0,1.0,Present
ATT03340,EMP003,2025-10-22,08:31:16,17:45:00,8.0,0.0,Present
ATT03341,EMP004,2025-10-22,08:28:22,17:42:00,8.0,0.0,Present
ATT03342,EMP005,2025-10-22,08:32:03,17:41:00,8.0,0.0,Present
ATT03343,EMP006,2025-10-22,,,0.0,0.0,On Leave
ATT03344,EMP007,2025-10-22,08:26:16,17:35:00,8.0,0.0,Present
ATT03345,EMP008,2025-10-22,08:18:42,17:37:00,8.0,0.0,Present
ATT03346,EMP009,2025-10-22,08:23:23,17:38:00,8.0,0.0,Present
ATT03347,EMP010,2025-10-22,08:28:16,17:41:00,8.0,0.0,Present
ATT03348,EMP011,2025-10-22,08:29:21,17:36:00,8.0,0.0,Present
ATT03349,EMP012,2025-10-22,08:17:07,19:34:00,9.5,1.5,Present
ATT03350,EMP013,2025-10-22,08:50:00,17:39:00,7.7,0.0,Late
ATT03351,EMP014,2025-10-22,08:34:48,17:45:00,8.0,0.0,Present
ATT03352,EMP015,2025-10-22,08:34:46,17:32:00,8.0,0.0,Present
ATT03353,EMP016,2025-10-22,08:27:48,17:39:00,8.0,0.0,Present
ATT03354,EMP019,2025-10-22,08:20:31,19:42:00,9.5,1.5,Present
ATT03355,EMP020,2025-10-22,08:17:57,17:30:00,8.0,0.0,Present
ATT03356,EMP021,2025-10-22,08:16:51,17:49:00,8.0,0.0,Present
ATT03357,EMP022,2025-10-22,08:22:52,20:06:00,10.0,2.0,Present
ATT03358,EMP023,2025-10-22,08:34:50,17:40:00,8.0,0.0,Present
ATT03359,EMP024,2025-10-22,08:31:53,19:40:00,9.5,1.5,Present
ATT03360,EMP025,2025-10-22,08:24:00,19:02:00,9.0,1.0,Present
ATT03361,EMP026,2025-10-22,08:27:28,17:39:00,8.0,0.0,Present
ATT03362,EMP027,2025-10-22,08:17:53,17:35:00,8.0,0.0,Present
ATT03363,EMP028,2025-10-22,08:23:58,17:41:00,8.0,0.0,Present
ATT03364,EMP029,2025-10-22,08:28:03,17:36:00,8.0,0.0,Present
ATT03365,EMP030,2025-10-22,08:26:44,19:44:00,9.5,1.5,Present
ATT03366,EMP031,2025-10-22,08:32:06,20:07:00,10.0,2.0,Present
ATT03367,EMP032,2025-10-22,08:18:09,17:46:00,8.0,0.0,Present
ATT03368,EMP035,2025-10-22,08:23:55,17:42:00,8.0,0.0,Present
ATT03369,EMP036,2025-10-22,08:33:37,17:48:00,8.0,0.0,Present
ATT03370,EMP037,2025-10-22,08:19:56,17:49:00,8.0,0.0,Present
ATT03371,EMP038,2025-10-22,08:25:30,17:34:00,8.0,0.0,Present
ATT03372,EMP040,2025-10-22,08:18:17,17:34:00,8.0,0.0,Present
ATT03373,EMP041,2025-10-22,08:22:02,17:49:00,8.0,0.0,Present
ATT03374,EMP042,2025-10-22,08:27:45,17:38:00,8.0,0.0,Present
ATT03375,EMP043,2025-10-22,08:21:53,17:37:00,8.0,0.0,Present
ATT03376,EMP044,2025-10-22,08:20:33,17:48:00,8.0,0.0,Present
ATT03377,EMP045,2025-10-22,08:19:07,17:47:00,8.0,0.0,Present
ATT03378,EMP047,2025-10-22,08:27:58,17:48:00,8.0,0.0,Present
ATT03379,EMP048,2025-10-22,08:20:33,17:31:00,8.0,0.0,Present
ATT03380,EMP049,2025-10-22,08:32:59,17:34:00,8.0,0.0,Present
ATT03381,EMP050,2025-10-22,08:18:00,19:30:00,9.5,1.5,Present
ATT03382,EMP051,2025-10-22,08:31:24,17:42:00,8.0,0.0,Present
ATT03383,EMP052,2025-10-22,08:15:32,17:49:00,8.0,0.0,Present
ATT03384,EMP053,2025-10-22,08:32:58,17:45:00,8.0,0.0,Present
ATT03385,EMP054,2025-10-22,08:18:00,17:39:00,8.0,0.0,Present
ATT03386,EMP055,2025-10-22,08:27:50,19:07:00,9.0,1.0,Present
ATT03387,EMP056,2025-10-22,08:45:00,17:40:00,7.8,0.0,Late
ATT03388,EMP057,2025-10-22,08:17:37,17:31:00,8.0,0.0,Present
ATT03389,EMP058,2025-10-22,08:23:26,17:47:00,8.0,0.0,Present
ATT03390,EMP059,2025-10-22,08:21:20,17:48:00,8.0,0.0,Present
ATT03391,EMP060,2025-10-22,08:18:02,19:14:00,9.0,1.0,Present
ATT03392,EMP062,2025-10-22,08:27:58,20:08:00,10.0,2.0,Present
ATT03393,EMP063,2025-10-22,08:29:00,16:28:00,6.5,0.0,Early Departure
ATT03394,EMP064,2025-10-22,08:25:01,17:31:00,8.0,0.0,Present
ATT03395,EMP065,2025-10-22,08:27:27,17:32:00,8.0,0.0,Present
ATT03396,EMP069,2025-10-22,08:27:58,17:32:00,8.0,0.0,Present
ATT03397,EMP070,2025-10-22,08:22:18,20:40:00,10.5,2.5,Present
ATT03398,EMP071,2025-10-22,08:34:52,17:48:00,8.0,0.0,Present
ATT03399,EMP072,2025-10-22,08:34:30,19:11:00,9.0,1.0,Present
ATT03400,EMP074,2025-10-22,08:21:27,17:36:00,8.0,0.0,Present
ATT03401,EMP075,2025-10-22,08:19:24,17:48:00,8.0,0.0,Present
ATT03402,EMP076,2025-10-22,08:27:10,17:44:00,8.0,0.0,Present
ATT03403,EMP077,2025-10-22,08:31:14,17:47:00,8.0,0.0,Present
ATT03404,EMP078,2025-10-22,08:33:07,17:50:00,8.0,0.0,Present
ATT03405,EMP079,2025-10-22,08:34:04,17:41:00,8.0,0.0,Present
ATT03406,EMP080,2025-10-22,08:28:11,17:32:00,8.0,0.0,Present
ATT03407,EMP083,2025-10-22,08:27:01,17:37:00,8.0,0.0,Present
ATT03408,EMP084,2025-10-22,08:17:08,17:41:00,8.0,0.0,Present
ATT03409,EMP085,2025-10-22,08:31:36,17:35:00,8.0,0.0,Present
ATT03410,EMP086,2025-10-22,08:24:05,17:30:00,8.0,0.0,Present
ATT03411,EMP087,2025-10-22,08:33:23,17:32:00,8.0,0.0,Present
ATT03412,EMP088,2025-10-22,08:26:21,17:33:00,8.0,0.0,Present
ATT03413,EMP089,2025-10-22,08:29:18,17:34:00,8.0,0.0,Present
ATT03414,EMP090,2025-10-22,08:27:38,19:03:00,9.0,1.0,Present
ATT03415,EMP091,2025-10-22,08:32:09,17:49:00,8.0,0.0,Present
ATT03416,EMP092,2025-10-22,08:27:08,17:35:00,8.0,0.0,Present
ATT03417,EMP093,2025-10-22,08:34:30,17:48:00,8.0,0.0,Present
ATT03418,EMP094,2025-10-22,08:16:51,17:38:00,8.0,0.0,Present
ATT03419,EMP095,2025-10-22,08:26:17,17:33:00,8.0,0.0,Present
ATT03420,EMP096,2025-10-22,08:26:43,17:45:00,8.0,0.0,Present
ATT03421,EMP097,2025-10-22,08:16:20,17:46:00,8.0,0.0,Present
ATT03422,EMP098,2025-10-22,08:33:09,20:15:00,10.0,2.0,Present
ATT03423,EMP099,2025-10-22,08:33:01,17:31:00,8.0,0.0,Present
ATT03424,EMP100,2025-10-22,08:27:14,17:40:00,8.0,0.0,Present
ATT03425,EMP101,2025-10-22,08:16:29,19:38:00,9.5,1.5,Present
ATT03426,EMP102,2025-10-22,08:30:11,17:47:00,8.0,0.0,Present
ATT03427,EMP103,2025-10-22,08:23:00,20:35:00,10.5,2.5,Present
ATT03428,EMP104,2025-10-22,08:23:45,17:32:00,8.0,0.0,Present
ATT03429,EMP105,2025-10-22,08:28:04,17:47:00,8.0,0.0,Present
ATT03430,EMP106,2025-10-22,08:47:00,17:30:00,7.7,0.0,Late
ATT03431,EMP107,2025-10-22,08:16:50,17:47:00,8.0,0.0,Present
ATT03432,EMP108,2025-10-22,08:16:05,20:00:00,10.0,2.0,Present
ATT03433,EMP109,2025-10-22,08:29:56,17:32:00,8.0,0.0,Present
ATT03434,EMP110,2025-10-22,08:28:05,17:31:00,8.0,0.0,Present
ATT03435,EMP111,2025-10-22,08:22:52,17:44:00,8.0,0.0,Present
ATT03436,EMP112,2025-10-22,08:33:08,19:14:00,9.0,1.0,Present
ATT03437,EMP113,2025-10-22,08:28:37,17:30:00,8.0,0.0,Present
ATT03438,EMP114,2025-10-22,08:30:16,17:50:00,8.0,0.0,Present
ATT03439,EMP115,2025-10-22,08:31:36,17:47:00,8.0,0.0,Present
ATT03440,EMP116,2025-10-22,08:24:14,17:34:00,8.0,0.0,Present
ATT03441,EMP117,2025-10-22,08:31:29,17:47:00,8.0,0.0,Present
ATT03442,EMP120,2025-10-22,08:28:22,20:08:00,10.0,2.0,Present
ATT03443,EMP121,2025-10-22,08:21:00,16:53:00,6.5,0.0,Early Departure
ATT03444,EMP122,2025-10-22,08:34:50,17:34:00,8.0,0.0,Present
ATT03445,EMP123,2025-10-22,,,0.0,0.0,On Leave
ATT03446,EMP124,2025-10-22,08:24:51,17:36:00,8.0,0.0,Present
ATT03447,EMP126,2025-10-22,08:38:00,17:31:00,7.9,0.0,Late
ATT03448,EMP127,2025-10-22,08:16:09,17:47:00,8.0,0.0,Present
ATT03449,EMP128,2025-10-22,08:27:14,17:32:00,8.0,0.0,Present
ATT03450,EMP129,2025-10-22,08:24:13,17:41:00,8.0,0.0,Present
ATT03451,EMP130,2025-10-22,08:31:48,17:37:00,8.0,0.0,Present
ATT03452,EMP131,2025-10-22,08:19:26,17:42:00,8.0,0.0,Present
ATT03453,EMP132,2025-10-22,08:32:27,20:44:00,10.5,2.5,Present
ATT03454,EMP133,2025-10-22,08:32:14,17:38:00,8.0,0.0,Present
ATT03455,EMP134,2025-10-22,08:53:00,17:46:00,7.6,0.0,Late
ATT03456,EMP135,2025-10-22,08:24:11,17:37:00,8.0,0.0,Present
ATT03457,EMP136,2025-10-22,08:24:25,17:47:00,8.0,0.0,Present
ATT03458,EMP137,2025-10-22,08:25:03,17:44:00,8.0,0.0,Present
ATT03459,EMP138,2025-10-22,08:37:00,17:42:00,7.9,0.0,Late
ATT03460,EMP139,2025-10-22,08:34:21,17:41:00,8.0,0.0,Present
ATT03461,EMP141,2025-10-22,,,0.0,0.0,On Leave
ATT03462,EMP142,2025-10-22,08:33:11,17:30:00,8.0,0.0,Present
ATT03463,EMP143,2025-10-22,08:32:59,17:40:00,8.0,0.0,Present
ATT03464,EMP144,2025-10-22,08:30:40,17:30:00,8.0,0.0,Present
ATT03465,EMP145,2025-10-22,08:34:06,17:33:00,8.0,0.0,Present
ATT03466,EMP146,2025-10-22,08:21:00,16:49:00,6.5,0.0,Early Departure
ATT03467,EMP147,2025-10-22,08:27:06,17:30:00,8.0,0.0,Present
ATT03468,EMP148,2025-10-22,08:24:45,17:42:00,8.0,0.0,Present
ATT03469,EMP149,2025-10-22,08:20:10,17:42:00,8.0,0.0,Present
ATT03470,EMP151,2025-10-22,08:26:58,17:38:00,8.0,0.0,Present
ATT03471,EMP152,2025-10-22,08:17:43,19:02:00,9.0,1.0,Present
ATT03472,EMP153,2025-10-22,08:20:28,17:48:00,8.0,0.0,Present
ATT03473,EMP155,2025-10-22,08:16:00,20:31:00,10.5,2.5,Present
ATT03474,EMP156,2025-10-22,08:18:21,17:35:00,8.0,0.0,Present
ATT03475,EMP157,2025-10-22,08:47:00,17:55:00,7.7,0.0,Late
ATT03476,EMP158,2025-10-22,08:33:16,17:49:00,8.0,0.0,Present
ATT03477,EMP159,2025-10-22,08:29:18,20:33:00,10.5,2.5,Present
ATT03478,EMP160,2025-10-22,08:21:54,19:11:00,9.0,1.0,Present
ATT03479,EMP162,2025-10-22,08:33:43,17:30:00,8.0,0.0,Present
ATT03480,EMP163,2025-10-22,08:38:00,17:31:00,7.9,0.0,Late
ATT03481,EMP164,2025-10-22,08:27:18,17:49:00,8.0,0.0,Present
ATT03482,EMP165,2025-10-22,08:24:49,17:36:00,8.0,0.0,Present
ATT03483,EMP166,2025-10-22,08:33:07,20:04:00,10.0,2.0,Present
ATT03484,EMP167,2025-10-22,08:42:00,17:43:00,7.8,0.0,Late
ATT03485,EMP168,2025-10-22,08:34:44,17:39:00,8.0,0.0,Present
ATT03486,EMP169,2025-10-22,08:32:19,17:33:00,8.0,0.0,Present
ATT03487,EMP170,2025-10-22,08:30:00,16:56:00,6.5,0.0,Early Departure
ATT03488,EMP171,2025-10-22,08:20:34,17:37:00,8.0,0.0,Present
ATT03489,EMP172,2025-10-22,08:54:00,17:40:00,7.6,0.0,Late
ATT03490,EMP173,2025-10-22,08:26:24,19:13:00,9.0,1.0,Present
ATT03491,EMP175,2025-10-22,,,0.0,0.0,On Leave
ATT03492,EMP176,2025-10-22,08:33:00,17:42:00,8.0,0.0,Present
ATT03493,EMP178,2025-10-22,08:32:03,20:44:00,10.5,2.5,Present
ATT03494,EMP179,2025-10-22,08:16:49,17:37:00,8.0,0.0,Present
ATT03495,EMP180,2025-10-22,,,0.0,0.0,Absent
ATT03496,EMP181,2025-10-22,08:19:45,17:36:00,8.0,0.0,Present
ATT03497,EMP182,2025-10-22,08:33:54,17:48:00,8.0,0.0,Present
ATT03498,EMP183,2025-10-22,08:26:55,17:30:00,8.0,0.0,Present
ATT03499,EMP185,2025-10-22,08:29:24,17:35:00,8.0,0.0,Present
ATT03500,EMP186,2025-10-22,08:15:13,20:00:00,10.0,2.0,Present
ATT03501,EMP187,2025-10-22,08:21:24,17:34:00,8.0,0.0,Present
ATT03502,EMP188,2025-10-22,08:41:00,17:39:00,7.8,0.0,Late
ATT03503,EMP189,2025-10-22,08:32:16,19:05:00,9.0,1.0,Present
ATT03504,EMP191,2025-10-22,08:33:44,17:37:00,8.0,0.0,Present
ATT03505,EMP192,2025-10-22,08:24:21,17:32:00,8.0,0.0,Present
ATT03506,EMP193,2025-10-22,08:16:36,20:31:00,10.5,2.5,Present
ATT03507,EMP194,2025-10-22,08:15:40,17:47:00,8.0,0.0,Present
ATT03508,EMP195,2025-10-22,08:28:32,17:30:00,8.0,0.0,Present
ATT03509,EMP196,2025-10-22,08:18:05,17:44:00,8.0,0.0,Present
ATT03510,EMP197,2025-10-22,08:19:39,17:39:00,8.0,0.0,Present
ATT03511,EMP198,2025-10-22,08:46:00,17:44:00,7.7,0.0,Late
ATT03512,EMP201,2025-10-22,08:33:35,17:47:00,8.0,0.0,Present
ATT03513,EMP202,2025-10-22,08:33:55,19:43:00,9.5,1.5,Present
ATT03514,EMP203,2025-10-22,08:27:02,17:37:00,8.0,0.0,Present
ATT03515,EMP204,2025-10-22,08:20:51,19:44:00,9.5,1.5,Present
ATT03516,EMP205,2025-10-22,08:31:11,20:44:00,10.5,2.5,Present
ATT03517,EMP206,2025-10-22,08:55:00,17:34:00,7.6,0.0,Late
ATT03518,EMP207,2025-10-22,08:29:07,20:05:00,10.0,2.0,Present
ATT03519,EMP208,2025-10-22,08:32:00,20:35:00,10.5,2.5,Present
ATT03520,EMP209,2025-10-22,08:34:46,17:32:00,8.0,0.0,Present
ATT03521,EMP210,2025-10-22,08:31:50,20:30:00,10.5,2.5,Present
ATT03522,EMP211,2025-10-22,08:33:06,17:33:00,8.0,0.0,Present
ATT03523,EMP212,2025-10-22,08:21:34,17:47:00,8.0,0.0,Present
ATT03524,EMP213,2025-10-22,08:33:56,17:44:00,8.0,0.0,Present
ATT03525,EMP214,2025-10-22,08:30:10,17:33:00,8.0,0.0,Present
ATT03526,EMP215,2025-10-22,08:31:02,17:40:00,8.0,0.0,Present
ATT03527,EMP216,2025-10-22,08:51:00,17:47:00,7.7,0.0,Late
ATT03528,EMP217,2025-10-22,08:34:54,17:47:00,8.0,0.0,Present
ATT03529,EMP218,2025-10-22,,,0.0,0.0,On Leave
ATT03530,EMP219,2025-10-22,08:19:32,17:45:00,8.0,0.0,Present
ATT03531,EMP220,2025-10-22,08:52:00,17:38:00,7.6,0.0,Late
ATT03532,EMP221,2025-10-22,08:24:55,19:04:00,9.0,1.0,Present
ATT03533,EMP222,2025-10-22,08:30:10,19:36:00,9.5,1.5,Present
ATT03534,EMP223,2025-10-22,08:32:08,17:37:00,8.0,0.0,Present
ATT03535,EMP224,2025-10-22,08:19:03,17:38:00,8.0,0.0,Present
ATT03536,EMP225,2025-10-22,08:23:41,17:34:00,8.0,0.0,Present
ATT03537,EMP226,2025-10-22,08:52:00,17:53:00,7.6,0.0,Late
ATT03538,EMP227,2025-10-22,08:28:23,17:36:00,8.0,0.0,Present
ATT03539,EMP228,2025-10-22,08:19:47,17:30:00,8.0,0.0,Present
ATT03540,EMP229,2025-10-22,08:21:03,17:34:00,8.0,0.0,Present
ATT03541,EMP230,2025-10-22,08:19:08,17:45:00,8.0,0.0,Present
ATT03542,EMP231,2025-10-22,08:19:44,17:37:00,8.0,0.0,Present
ATT03543,EMP232,2025-10-22,08:21:02,17:34:00,8.0,0.0,Present
ATT03544,EMP233,2025-10-22,08:28:21,17:43:00,8.0,0.0,Present
ATT03545,EMP234,2025-10-22,08:21:00,17:31:00,8.0,0.0,Present
ATT03546,EMP235,2025-10-22,08:34:14,17:44:00,8.0,0.0,Present
ATT03547,EMP236,2025-10-22,08:26:25,17:33:00,8.0,0.0,Present
ATT03548,EMP237,2025-10-22,08:22:08,17:30:00,8.0,0.0,Present
ATT03549,EMP239,2025-10-22,08:34:05,17:32:00,8.0,0.0,Present
ATT03550,EMP240,2025-10-22,08:27:55,17:35:00,8.0,0.0,Present
ATT03551,EMP241,2025-10-22,08:31:13,19:08:00,9.0,1.0,Present
ATT03552,EMP242,2025-10-22,08:32:52,17:49:00,8.0,0.0,Present
ATT03553,EMP243,2025-10-22,08:20:09,17:36:00,8.0,0.0,Present
ATT03554,EMP244,2025-10-22,08:49:00,17:45:00,7.7,0.0,Late
ATT03555,EMP245,2025-10-22,08:16:23,17:41:00,8.0,0.0,Present
ATT03556,EMP246,2025-10-22,,,0.0,0.0,On Leave
ATT03557,EMP249,2025-10-22,08:27:29,17:31:00,8.0,0.0,Present
ATT03558,EMP250,2025-10-22,08:27:59,20:41:00,10.5,2.5,Present
ATT03559,EMP001,2025-10-25,08:24:37,17:38:00,8.0,0.0,Present
ATT03560,EMP002,2025-10-25,08:16:28,17:42:00,8.0,0.0,Present
ATT03561,EMP003,2025-10-25,,,0.0,0.0,On Leave
ATT03562,EMP004,2025-10-25,08:34:49,19:43:00,9.5,1.5,Present
ATT03563,EMP005,2025-10-25,08:24:41,17:35:00,8.0,0.0,Present
ATT03564,EMP006,2025-10-25,08:19:54,19:43:00,9.5,1.5,Present
ATT03565,EMP007,2025-10-25,08:39:00,17:32:00,7.8,0.0,Late
ATT03566,EMP008,2025-10-25,08:19:16,17:43:00,8.0,0.0,Present
ATT03567,EMP009,2025-10-25,08:25:41,17:40:00,8.0,0.0,Present
ATT03568,EMP010,2025-10-25,08:19:06,17:46:00,8.0,0.0,Present
ATT03569,EMP011,2025-10-25,08:16:34,17:49:00,8.0,0.0,Present
ATT03570,EMP012,2025-10-25,08:29:00,15:47:00,5.5,0.0,Early Departure
ATT03571,EMP013,2025-10-25,08:28:09,17:39:00,8.0,0.0,Present
ATT03572,EMP014,2025-10-25,08:38:00,17:51:00,7.9,0.0,Late
ATT03573,EMP015,2025-10-25,08:27:16,17:47:00,8.0,0.0,Present
ATT03574,EMP016,2025-10-25,08:22:56,20:14:00,10.0,2.0,Present
ATT03575,EMP019,2025-10-25,,,0.0,0.0,On Leave
ATT03576,EMP020,2025-10-25,08:26:42,19:37:00,9.5,1.5,Present
ATT03577,EMP021,2025-10-25,08:21:52,19:32:00,9.5,1.5,Present
ATT03578,EMP022,2025-10-25,08:26:54,17:45:00,8.0,0.0,Present
ATT03579,EMP023,2025-10-25,08:26:46,17:44:00,8.0,0.0,Present
ATT03580,EMP024,2025-10-25,08:27:58,17:38:00,8.0,0.0,Present
ATT03581,EMP025,2025-10-25,08:29:25,17:38:00,8.0,0.0,Present
ATT03582,EMP026,2025-10-25,08:25:12,17:37:00,8.0,0.0,Present
ATT03583,EMP027,2025-10-25,08:33:30,17:38:00,8.0,0.0,Present
ATT03584,EMP028,2025-10-25,08:34:49,17:32:00,8.0,0.0,Present
ATT03585,EMP029,2025-10-25,08:23:08,20:09:00,10.0,2.0,Present
ATT03586,EMP030,2025-10-25,08:32:44,17:48:00,8.0,0.0,Present
ATT03587,EMP031,2025-10-25,08:34:58,17:46:00,8.0,0.0,Present
ATT03588,EMP032,2025-10-25,08:25:11,17:49:00,8.0,0.0,Present
ATT03589,EMP035,2025-10-25,08:26:36,17:39:00,8.0,0.0,Present
ATT03590,EMP036,2025-10-25,08:20:07,17:37:00,8.0,0.0,Present
ATT03591,EMP038,2025-10-25,08:23:08,17:48:00,8.0,0.0,Present
ATT03592,EMP040,2025-10-25,,,0.0,0.0,On Leave
ATT03593,EMP041,2025-10-25,08:27:07,17:39:00,8.0,0.0,Present
ATT03594,EMP042,2025-10-25,08:23:41,17:36:00,8.0,0.0,Present
ATT03595,EMP043,2025-10-25,08:20:26,17:39:00,8.0,0.0,Present
ATT03596,EMP044,2025-10-25,08:24:13,17:31:00,8.0,0.0,Present
ATT03597,EMP045,2025-10-25,08:28:14,17:44:00,8.0,0.0,Present
ATT03598,EMP047,2025-10-25,08:15:01,17:33:00,8.0,0.0,Present
ATT03599,EMP048,2025-10-25,08:31:52,17:35:00,8.0,0.0,Present
ATT03600,EMP049,2025-10-25,08:18:05,17:47:00,8.0,0.0,Present
ATT03601,EMP050,2025-10-25,08:32:17,17:36:00,8.0,0.0,Present
ATT03602,EMP051,2025-10-25,08:23:47,17:43:00,8.0,0.0,Present
ATT03603,EMP052,2025-10-25,08:52:00,17:55:00,7.6,0.0,Late
ATT03604,EMP053,2025-10-25,08:23:54,17:45:00,8.0,0.0,Present
ATT03605,EMP054,2025-10-25,08:30:12,17:35:00,8.0,0.0,Present
ATT03606,EMP055,2025-10-25,08:15:44,17:40:00,8.0,0.0,Present
ATT03607,EMP056,2025-10-25,08:19:14,17:44:00,8.0,0.0,Present
ATT03608,EMP057,2025-10-25,08:33:27,17:40:00,8.0,0.0,Present
ATT03609,EMP058,2025-10-25,08:21:29,20:01:00,10.0,2.0,Present
ATT03610,EMP059,2025-10-25,08:16:59,17:41:00,8.0,0.0,Present
ATT03611,EMP060,2025-10-25,08:29:59,17:30:00,8.0,0.0,Present
ATT03612,EMP062,2025-10-25,08:47:00,17:40:00,7.7,0.0,Late
ATT03613,EMP063,2025-10-25,08:16:02,19:45:00,9.5,1.5,Present
ATT03614,EMP064,2025-10-25,08:20:46,20:05:00,10.0,2.0,Present
ATT03615,EMP065,2025-10-25,08:21:07,17:49:00,8.0,0.0,Present
ATT03616,EMP069,2025-10-25,08:33:44,17:36:00,8.0,0.0,Present
ATT03617,EMP070,2025-10-25,08:31:51,17:32:00,8.0,0.0,Present
ATT03618,EMP071,2025-10-25,08:20:58,19:06:00,9.0,1.0,Present
ATT03619,EMP072,2025-10-25,08:26:22,17:46:00,8.0,0.0,Present
ATT03620,EMP074,2025-10-25,08:20:58,17:49:00,8.0,0.0,Present
ATT03621,EMP075,2025-10-25,08:33:46,17:45:00,8.0,0.0,Present
ATT03622,EMP076,2025-10-25,08:26:08,17:49:00,8.0,0.0,Present
ATT03623,EMP077,2025-10-25,08:21:58,17:35:00,8.0,0.0,Present
ATT03624,EMP078,2025-10-25,08:29:14,17:36:00,8.0,0.0,Present
ATT03625,EMP079,2025-10-25,08:55:00,17:49:00,7.6,0.0,Late
ATT03626,EMP080,2025-10-25,08:24:23,17:37:00,8.0,0.0,Present
ATT03627,EMP083,2025-10-25,08:22:08,17:43:00,8.0,0.0,Present
ATT03628,EMP084,2025-10-25,08:26:02,17:32:00,8.0,0.0,Present
ATT03629,EMP085,2025-10-25,08:53:00,17:44:00,7.6,0.0,Late
ATT03630,EMP086,2025-10-25,08:20:24,17:33:00,8.0,0.0,Present
ATT03631,EMP087,2025-10-25,08:20:53,17:42:00,8.0,0.0,Present
ATT03632,EMP088,2025-10-25,08:15:31,20:33:00,10.5,2.5,Present
ATT03633,EMP089,2025-10-25,08:32:14,17:47:00,8.0,0.0,Present
ATT03634,EMP090,2025-10-25,08:20:45,20:43:00,10.5,2.5,Present
ATT03635,EMP091,2025-10-25,08:44:00,17:47:00,7.8,0.0,Late
ATT03636,EMP092,2025-10-25,08:27:30,17:44:00,8.0,0.0,Present
ATT03637,EMP093,2025-10-25,08:19:09,17:36:00,8.0,0.0,Present
ATT03638,EMP094,2025-10-25,,,0.0,0.0,On Leave
ATT03639,EMP095,2025-10-25,,,0.0,0.0,On Leave
ATT03640,EMP096,2025-10-25,08:20:58,17:30:00,8.0,0.0,Present
ATT03641,EMP097,2025-10-25,08:34:18,17:34:00,8.0,0.0,Present
ATT03642,EMP098,2025-10-25,08:33:09,17:50:00,8.0,0.0,Present
ATT03643,EMP099,2025-10-25,08:20:46,17:42:00,8.0,0.0,Present
ATT03644,EMP100,2025-10-25,08:20:52,17:40:00,8.0,0.0,Present
ATT03645,EMP101,2025-10-25,08:16:57,17:50:00,8.0,0.0,Present
ATT03646,EMP102,2025-10-25,08:30:55,17:32:00,8.0,0.0,Present
ATT03647,EMP103,2025-10-25,08:18:34,20:45:00,10.5,2.5,Present
ATT03648,EMP104,2025-10-25,08:22:00,17:40:00,8.0,0.0,Present
ATT03649,EMP105,2025-10-25,08:32:19,17:50:00,8.0,0.0,Present
ATT03650,EMP106,2025-10-25,08:19:00,17:32:00,8.0,0.0,Present
ATT03651,EMP107,2025-10-25,08:27:11,17:31:00,8.0,0.0,Present
ATT03652,EMP108,2025-10-25,08:24:42,17:48:00,8.0,0.0,Present
ATT03653,EMP109,2025-10-25,08:30:42,17:32:00,8.0,0.0,Present
ATT03654,EMP110,2025-10-25,08:23:50,17:41:00,8.0,0.0,Present
ATT03655,EMP111,2025-10-25,08:33:04,17:50:00,8.0,0.0,Present
ATT03656,EMP112,2025-10-25,08:26:05,17:38:00,8.0,0.0,Present
ATT03657,EMP113,2025-10-25,08:33:49,17:40:00,8.0,0.0,Present
ATT03658,EMP114,2025-10-25,08:23:01,17:32:00,8.0,0.0,Present
ATT03659,EMP115,2025-10-25,08:27:37,17:48:00,8.0,0.0,Present
ATT03660,EMP116,2025-10-25,08:32:31,17:35:00,8.0,0.0,Present
ATT03661,EMP117,2025-10-25,08:15:51,20:05:00,10.0,2.0,Present
ATT03662,EMP120,2025-10-25,08:20:42,20:33:00,10.5,2.5,Present
ATT03663,EMP121,2025-10-25,08:17:09,17:36:00,8.0,0.0,Present
ATT03664,EMP122,2025-10-25,08:28:57,17:42:00,8.0,0.0,Present
ATT03665,EMP123,2025-10-25,08:33:41,17:31:00,8.0,0.0,Present
ATT03666,EMP124,2025-10-25,08:31:30,17:35:00,8.0,0.0,Present
ATT03667,EMP126,2025-10-25,08:30:14,19:34:00,9.5,1.5,Present
ATT03668,EMP127,2025-10-25,08:27:43,17:44:00,8.0,0.0,Present
ATT03669,EMP128,2025-10-25,08:29:00,16:41:00,6.5,0.0,Early Departure
ATT03670,EMP129,2025-10-25,08:26:15,17:36:00,8.0,0.0,Present
ATT03671,EMP130,2025-10-25,08:30:00,16:12:00,6.5,0.0,Early Departure
ATT03672,EMP131,2025-10-25,08:17:40,17:40:00,8.0,0.0,Present
ATT03673,EMP132,2025-10-25,08:15:32,17:48:00,8.0,0.0,Present
ATT03674,EMP133,2025-10-25,08:20:14,19:05:00,9.0,1.0,Present
ATT03675,EMP134,2025-10-25,08:17:22,17:41:00,8.0,0.0,Present
ATT03676,EMP135,2025-10-25,08:27:17,17:48:00,8.0,0.0,Present
ATT03677,EMP136,2025-10-25,08:24:30,19:00:00,9.0,1.0,Present
ATT03678,EMP137,2025-10-25,08:32:29,17:39:00,8.0,0.0,Present
ATT03679,EMP138,2025-10-25,08:28:31,17:48:00,8.0,0.0,Present
ATT03680,EMP139,2025-10-25,08:29:59,17:32:00,8.0,0.0,Present
ATT03681,EMP141,2025-10-25,08:21:24,17:43:00,8.0,0.0,Present
ATT03682,EMP142,2025-10-25,08:16:16,17:31:00,8.0,0.0,Present
ATT03683,EMP143,2025-10-25,08:22:22,17:37:00,8.0,0.0,Present
ATT03684,EMP144,2025-10-25,08:16:37,17:38:00,8.0,0.0,Present
ATT03685,EMP145,2025-10-25,08:34:11,17:44:00,8.0,0.0,Present
ATT03686,EMP146,2025-10-25,08:33:41,17:48:00,8.0,0.0,Present
ATT03687,EMP147,2025-10-25,08:22:20,17:41:00,8.0,0.0,Present
ATT03688,EMP148,2025-10-25,08:15:11,17:33:00,8.0,0.0,Present
ATT03689,EMP149,2025-10-25,08:20:29,17:36:00,8.0,0.0,Present
ATT03690,EMP151,2025-10-25,08:22:05,17:49:00,8.0,0.0,Present
ATT03691,EMP152,2025-10-25,08:31:39,17:48:00,8.0,0.0,Present
ATT03692,EMP153,2025-10-25,08:34:25,17:39:00,8.0,0.0,Present
ATT03693,EMP155,2025-10-25,08:28:15,17:40:00,8.0,0.0,Present
ATT03694,EMP156,2025-10-25,08:24:47,17:38:00,8.0,0.0,Present
ATT03695,EMP157,2025-10-25,08:24:39,19:37:00,9.5,1.5,Present
ATT03696,EMP158,2025-10-25,08:23:17,17:39:00,8.0,0.0,Present
ATT03697,EMP159,2025-10-25,08:23:56,17:30:00,8.0,0.0,Present
ATT03698,EMP160,2025-10-25,08:32:10,19:10:00,9.0,1.0,Present
ATT03699,EMP162,2025-10-25,08:19:38,17:36:00,8.0,0.0,Present
ATT03700,EMP163,2025-10-25,,,0.0,0.0,On Leave
ATT03701,EMP164,2025-10-25,08:32:41,17:46:00,8.0,0.0,Present
ATT03702,EMP165,2025-10-25,08:23:06,17:33:00,8.0,0.0,Present
ATT03703,EMP166,2025-10-25,,,0.0,0.0,On Leave
ATT03704,EMP167,2025-10-25,,,0.0,0.0,Absent
ATT03705,EMP168,2025-10-25,08:29:08,19:33:00,9.5,1.5,Present
ATT03706,EMP169,2025-10-25,08:16:30,17:46:00,8.0,0.0,Present
ATT03707,EMP170,2025-10-25,08:24:40,17:43:00,8.0,0.0,Present
ATT03708,EMP171,2025-10-25,08:30:51,17:34:00,8.0,0.0,Present
ATT03709,EMP172,2025-10-25,08:15:02,17:48:00,8.0,0.0,Present
ATT03710,EMP173,2025-10-25,08:24:24,17:34:00,8.0,0.0,Present
ATT03711,EMP175,2025-10-25,08:22:36,19:04:00,9.0,1.0,Present
ATT03712,EMP176,2025-10-25,08:47:00,17:33:00,7.7,0.0,Late
ATT03713,EMP178,2025-10-25,08:18:13,17:44:00,8.0,0.0,Present
ATT03714,EMP179,2025-10-25,08:27:55,17:49:00,8.0,0.0,Present
ATT03715,EMP180,2025-10-25,08:25:37,17:45:00,8.0,0.0,Present
ATT03716,EMP181,2025-10-25,,,0.0,0.0,On Leave
ATT03717,EMP182,2025-10-25,08:28:51,19:32:00,9.5,1.5,Present
ATT03718,EMP183,2025-10-25,08:26:35,17:38:00,8.0,0.0,Present
ATT03719,EMP185,2025-10-25,08:27:24,17:32:00,8.0,0.0,Present
ATT03720,EMP186,2025-10-25,08:32:35,17:36:00,8.0,0.0,Present
ATT03721,EMP187,2025-10-25,08:20:12,17:35:00,8.0,0.0,Present
ATT03722,EMP188,2025-10-25,08:40:00,17:31:00,7.8,0.0,Late
ATT03723,EMP189,2025-10-25,08:21:19,17:35:00,8.0,0.0,Present
ATT03724,EMP191,2025-10-25,08:21:41,20:07:00,10.0,2.0,Present
ATT03725,EMP192,2025-10-25,08:33:26,17:42:00,8.0,0.0,Present
ATT03726,EMP193,2025-10-25,08:32:53,20:04:00,10.0,2.0,Present
ATT03727,EMP194,2025-10-25,08:23:24,17:31:00,8.0,0.0,Present
ATT03728,EMP195,2025-10-25,08:17:41,17:45:00,8.0,0.0,Present
ATT03729,EMP196,2025-10-25,08:24:04,17:36:00,8.0,0.0,Present
ATT03730,EMP197,2025-10-25,,,0.0,0.0,Absent
ATT03731,EMP198,2025-10-25,08:25:03,20:01:00,10.0,2.0,Present
ATT03732,EMP201,2025-10-25,08:32:39,17:43:00,8.0,0.0,Present
ATT03733,EMP202,2025-10-25,08:20:28,17:35:00,8.0,0.0,Present
ATT03734,EMP203,2025-10-25,08:19:33,17:49:00,8.0,0.0,Present
ATT03735,EMP204,2025-10-25,08:15:08,20:12:00,10.0,2.0,Present
ATT03736,EMP205,2025-10-25,08:18:13,17:30:00,8.0,0.0,Present
ATT03737,EMP206,2025-10-25,08:22:12,17:44:00,8.0,0.0,Present
ATT03738,EMP207,2025-10-25,08:18:42,17:44:00,8.0,0.0,Present
ATT03739,EMP208,2025-10-25,08:15:28,17:34:00,8.0,0.0,Present
ATT03740,EMP209,2025-10-25,08:34:39,17:40:00,8.0,0.0,Present
ATT03741,EMP210,2025-10-25,08:16:11,17:41:00,8.0,0.0,Present
ATT03742,EMP211,2025-10-25,08:17:57,19:38:00,9.5,1.5,Present
ATT03743,EMP212,2025-10-25,08:20:15,20:04:00,10.0,2.0,Present
ATT03744,EMP213,2025-10-25,08:32:18,17:48:00,8.0,0.0,Present
ATT03745,EMP214,2025-10-25,08:15:05,17:35:00,8.0,0.0,Present
ATT03746,EMP215,2025-10-25,08:30:00,15:18:00,5.5,0.0,Early Departure
ATT03747,EMP216,2025-10-25,08:26:03,17:43:00,8.0,0.0,Present
ATT03748,EMP217,2025-10-25,08:44:00,17:51:00,7.8,0.0,Late
ATT03749,EMP218,2025-10-25,08:50:00,17:53:00,7.7,0.0,Late
ATT03750,EMP219,2025-10-25,08:18:53,17:50:00,8.0,0.0,Present
ATT03751,EMP220,2025-10-25,08:30:20,17:43:00,8.0,0.0,Present
ATT03752,EMP221,2025-10-25,08:34:59,17:38:00,8.0,0.0,Present
ATT03753,EMP222,2025-10-25,08:26:40,17:47:00,8.0,0.0,Present
ATT03754,EMP223,2025-10-25,08:29:09,17:45:00,8.0,0.0,Present
ATT03755,EMP224,2025-10-25,08:25:32,17:32:00,8.0,0.0,Present
ATT03756,EMP225,2025-10-25,08:25:38,20:12:00,10.0,2.0,Present
ATT03757,EMP226,2025-10-25,08:32:18,17:46:00,8.0,0.0,Present
ATT03758,EMP227,2025-10-25,08:19:15,17:50:00,8.0,0.0,Present
ATT03759,EMP228,2025-10-25,08:33:49,17:35:00,8.0,0.0,Present
ATT03760,EMP229,2025-10-25,08:17:05,17:33:00,8.0,0.0,Present
ATT03761,EMP230,2025-10-25,08:31:02,17:41:00,8.0,0.0,Present
ATT03762,EMP231,2025-10-25,,,0.0,0.0,On Leave
ATT03763,EMP232,2025-10-25,08:34:03,17:32:00,8.0,0.0,Present
ATT03764,EMP233,2025-10-25,08:16:55,17:39:00,8.0,0.0,Present
ATT03765,EMP234,2025-10-25,08:22:38,19:08:00,9.0,1.0,Present
ATT03766,EMP235,2025-10-25,08:20:38,17:33:00,8.0,0.0,Present
ATT03767,EMP236,2025-10-25,08:20:11,20:42:00,10.5,2.5,Present
ATT03768,EMP237,2025-10-25,08:22:14,17:35:00,8.0,0.0,Present
ATT03769,EMP239,2025-10-25,08:26:54,17:34:00,8.0,0.0,Present
ATT03770,EMP240,2025-10-25,08:20:24,17:38:00,8.0,0.0,Present
ATT03771,EMP241,2025-10-25,08:27:54,17:36:00,8.0,0.0,Present
ATT03772,EMP242,2025-10-25,08:15:44,17:36:00,8.0,0.0,Present
ATT03773,EMP243,2025-10-25,08:24:18,17:30:00,8.0,0.0,Present
ATT03774,EMP244,2025-10-25,08:31:31,17:48:00,8.0,0.0,Present
ATT03775,EMP245,2025-10-25,08:36:00,17:38:00,7.9,0.0,Late
ATT03776,EMP246,2025-10-25,08:20:00,17:49:00,8.0,0.0,Present
ATT03777,EMP249,2025-10-25,08:31:43,17:49:00,8.0,0.0,Present
ATT03778,EMP250,2025-10-25,08:25:12,17:44:00,8.0,0.0,Present
ATT03779,EMP001,2025-10-26,08:34:44,17:42:00,8.0,0.0,Present
ATT03780,EMP002,2025-10-26,08:21:10,17:49:00,8.0,0.0,Present
ATT03781,EMP003,2025-10-26,08:28:14,17:44:00,8.0,0.0,Present
ATT03782,EMP004,2025-10-26,08:51:00,17:40:00,7.7,0.0,Late
ATT03783,EMP005,2025-10-26,08:20:58,17:34:00,8.0,0.0,Present
ATT03784,EMP006,2025-10-26,08:17:56,17:47:00,8.0,0.0,Present
ATT03785,EMP007,2025-10-26,08:34:08,20:05:00,10.0,2.0,Present
ATT03786,EMP008,2025-10-26,08:24:07,20:36:00,10.5,2.5,Present
ATT03787,EMP009,2025-10-26,08:33:20,17:48:00,8.0,0.0,Present
ATT03788,EMP010,2025-10-26,08:28:15,17:34:00,8.0,0.0,Present
ATT03789,EMP011,2025-10-26,08:20:52,17:39:00,8.0,0.0,Present
ATT03790,EMP012,2025-10-26,08:20:02,17:32:00,8.0,0.0,Present
ATT03791,EMP013,2025-10-26,08:23:39,17:50:00,8.0,0.0,Present
ATT03792,EMP014,2025-10-26,08:25:06,19:07:00,9.0,1.0,Present
ATT03793,EMP015,2025-10-26,08:16:02,17:47:00,8.0,0.0,Present
ATT03794,EMP016,2025-10-26,08:22:45,17:32:00,8.0,0.0,Present
ATT03795,EMP019,2025-10-26,08:17:11,17:33:00,8.0,0.0,Present
ATT03796,EMP020,2025-10-26,08:22:00,15:23:00,5.5,0.0,Early Departure
ATT03797,EMP021,2025-10-26,08:31:42,17:33:00,8.0,0.0,Present
ATT03798,EMP022,2025-10-26,08:32:09,17:47:00,8.0,0.0,Present
ATT03799,EMP023,2025-10-26,08:30:25,17:30:00,8.0,0.0,Present
ATT03800,EMP024,2025-10-26,08:33:07,17:38:00,8.0,0.0,Present
ATT03801,EMP025,2025-10-26,08:16:24,17:39:00,8.0,0.0,Present
ATT03802,EMP026,2025-10-26,08:15:02,17:35:00,8.0,0.0,Present
ATT03803,EMP027,2025-10-26,08:31:58,17:44:00,8.0,0.0,Present
ATT03804,EMP028,2025-10-26,08:30:15,17:46:00,8.0,0.0,Present
ATT03805,EMP029,2025-10-26,08:27:40,17:42:00,8.0,0.0,Present
ATT03806,EMP030,2025-10-26,08:18:38,17:34:00,8.0,0.0,Present
ATT03807,EMP031,2025-10-26,08:20:07,17:43:00,8.0,0.0,Present
ATT03808,EMP032,2025-10-26,08:20:04,19:09:00,9.0,1.0,Present
ATT03809,EMP035,2025-10-26,08:16:18,20:06:00,10.0,2.0,Present
ATT03810,EMP036,2025-10-26,08:18:18,17:46:00,8.0,0.0,Present
ATT03811,EMP038,2025-10-26,08:54:00,17:54:00,7.6,0.0,Late
ATT03812,EMP040,2025-10-26,08:18:05,17:49:00,8.0,0.0,Present
ATT03813,EMP041,2025-10-26,08:28:37,17:49:00,8.0,0.0,Present
ATT03814,EMP042,2025-10-26,08:31:06,17:46:00,8.0,0.0,Present
ATT03815,EMP043,2025-10-26,08:18:47,17:31:00,8.0,0.0,Present
ATT03816,EMP044,2025-10-26,08:28:27,17:35:00,8.0,0.0,Present
ATT03817,EMP045,2025-10-26,08:16:00,17:36:00,8.0,0.0,Present
ATT03818,EMP047,2025-10-26,08:32:21,20:36:00,10.5,2.5,Present
ATT03819,EMP048,2025-10-26,08:15:20,17:40:00,8.0,0.0,Present
ATT03820,EMP049,2025-10-26,08:23:15,17:37:00,8.0,0.0,Present
ATT03821,EMP050,2025-10-26,08:15:59,17:35:00,8.0,0.0,Present
ATT03822,EMP051,2025-10-26,08:55:00,17:35:00,7.6,0.0,Late
ATT03823,EMP052,2025-10-26,08:33:49,17:31:00,8.0,0.0,Present
ATT03824,EMP053,2025-10-26,08:32:44,17:44:00,8.0,0.0,Present
ATT03825,EMP054,2025-10-26,08:22:54,17:47:00,8.0,0.0,Present
ATT03826,EMP055,2025-10-26,,,0.0,0.0,Absent
ATT03827,EMP056,2025-10-26,08:31:39,17:36:00,8.0,0.0,Present
ATT03828,EMP057,2025-10-26,08:30:26,17:32:00,8.0,0.0,Present
ATT03829,EMP058,2025-10-26,08:18:56,17:47:00,8.0,0.0,Present
ATT03830,EMP059,2025-10-26,08:48:00,17:35:00,7.7,0.0,Late
ATT03831,EMP060,2025-10-26,08:18:15,17:39:00,8.0,0.0,Present
ATT03832,EMP062,2025-10-26,,,0.0,0.0,On Leave
ATT03833,EMP063,2025-10-26,08:17:12,19:36:00,9.5,1.5,Present
ATT03834,EMP064,2025-10-26,08:55:00,17:34:00,7.6,0.0,Late
ATT03835,EMP065,2025-10-26,08:32:54,17:37:00,8.0,0.0,Present
ATT03836,EMP069,2025-10-26,08:20:29,17:32:00,8.0,0.0,Present
ATT03837,EMP070,2025-10-26,08:25:45,17:30:00,8.0,0.0,Present
ATT03838,EMP071,2025-10-26,08:30:31,17:50:00,8.0,0.0,Present
ATT03839,EMP072,2025-10-26,08:26:52,17:30:00,8.0,0.0,Present
ATT03840,EMP074,2025-10-26,08:32:33,20:07:00,10.0,2.0,Present
ATT03841,EMP075,2025-10-26,08:34:08,17:44:00,8.0,0.0,Present
ATT03842,EMP076,2025-10-26,08:21:00,16:58:00,6.5,0.0,Early Departure
ATT03843,EMP077,2025-10-26,08:18:22,17:43:00,8.0,0.0,Present
ATT03844,EMP078,2025-10-26,08:32:41,17:39:00,8.0,0.0,Present
ATT03845,EMP079,2025-10-26,08:30:11,17:30:00,8.0,0.0,Present
ATT03846,EMP080,2025-10-26,,,0.0,0.0,Absent
ATT03847,EMP083,2025-10-26,08:19:44,17:41:00,8.0,0.0,Present
ATT03848,EMP084,2025-10-26,08:27:34,17:35:00,8.0,0.0,Present
ATT03849,EMP085,2025-10-26,08:26:36,17:34:00,8.0,0.0,Present
ATT03850,EMP086,2025-10-26,08:21:19,17:48:00,8.0,0.0,Present
ATT03851,EMP087,2025-10-26,08:20:21,17:49:00,8.0,0.0,Present
ATT03852,EMP088,2025-10-26,08:28:40,17:44:00,8.0,0.0,Present
ATT03853,EMP089,2025-10-26,08:19:37,17:30:00,8.0,0.0,Present
ATT03854,EMP090,2025-10-26,08:30:09,17:43:00,8.0,0.0,Present
ATT03855,EMP091,2025-10-26,08:24:04,17:48:00,8.0,0.0,Present
ATT03856,EMP092,2025-10-26,08:30:01,17:47:00,8.0,0.0,Present
ATT03857,EMP093,2025-10-26,08:29:19,17:45:00,8.0,0.0,Present
ATT03858,EMP094,2025-10-26,08:26:43,17:48:00,8.0,0.0,Present
ATT03859,EMP095,2025-10-26,08:23:04,17:36:00,8.0,0.0,Present
ATT03860,EMP096,2025-10-26,08:31:54,17:43:00,8.0,0.0,Present
ATT03861,EMP097,2025-10-26,08:24:53,17:50:00,8.0,0.0,Present
ATT03862,EMP098,2025-10-26,08:27:46,17:47:00,8.0,0.0,Present
ATT03863,EMP099,2025-10-26,08:27:18,17:47:00,8.0,0.0,Present
ATT03864,EMP100,2025-10-26,08:24:20,19:42:00,9.5,1.5,Present
ATT03865,EMP101,2025-10-26,08:25:10,19:05:00,9.0,1.0,Present
ATT03866,EMP102,2025-10-26,08:29:02,17:39:00,8.0,0.0,Present
ATT03867,EMP103,2025-10-26,08:16:01,17:35:00,8.0,0.0,Present
ATT03868,EMP104,2025-10-26,08:23:22,17:37:00,8.0,0.0,Present
ATT03869,EMP105,2025-10-26,08:32:36,17:31:00,8.0,0.0,Present
ATT03870,EMP106,2025-10-26,08:24:42,17:47:00,8.0,0.0,Present
ATT03871,EMP107,2025-10-26,08:34:47,17:33:00,8.0,0.0,Present
ATT03872,EMP108,2025-10-26,08:28:55,17:34:00,8.0,0.0,Present
ATT03873,EMP109,2025-10-26,08:50:00,17:55:00,7.7,0.0,Late
ATT03874,EMP110,2025-10-26,08:15:03,19:11:00,9.0,1.0,Present
ATT03875,EMP111,2025-10-26,08:27:06,17:49:00,8.0,0.0,Present
ATT03876,EMP112,2025-10-26,08:21:01,17:41:00,8.0,0.0,Present
ATT03877,EMP113,2025-10-26,08:18:35,17:48:00,8.0,0.0,Present
ATT03878,EMP114,2025-10-26,08:29:34,17:39:00,8.0,0.0,Present
ATT03879,EMP115,2025-10-26,08:33:03,17:45:00,8.0,0.0,Present
ATT03880,EMP116,2025-10-26,08:36:00,17:50:00,7.9,0.0,Late
ATT03881,EMP117,2025-10-26,08:30:10,17:50:00,8.0,0.0,Present
ATT03882,EMP120,2025-10-26,08:15:07,17:36:00,8.0,0.0,Present
ATT03883,EMP121,2025-10-26,08:18:03,17:39:00,8.0,0.0,Present
ATT03884,EMP122,2025-10-26,08:23:08,17:31:00,8.0,0.0,Present
ATT03885,EMP123,2025-10-26,08:23:42,17:43:00,8.0,0.0,Present
ATT03886,EMP124,2025-10-26,08:27:52,17:35:00,8.0,0.0,Present
ATT03887,EMP126,2025-10-26,08:16:24,19:33:00,9.5,1.5,Present
ATT03888,EMP127,2025-10-26,08:26:39,17:45:00,8.0,0.0,Present
ATT03889,EMP128,2025-10-26,08:28:49,19:33:00,9.5,1.5,Present
ATT03890,EMP129,2025-10-26,08:25:15,17:50:00,8.0,0.0,Present
ATT03891,EMP130,2025-10-26,08:24:28,17:38:00,8.0,0.0,Present
ATT03892,EMP131,2025-10-26,08:30:57,17:47:00,8.0,0.0,Present
ATT03893,EMP132,2025-10-26,08:25:23,17:49:00,8.0,0.0,Present
ATT03894,EMP133,2025-10-26,08:20:06,17:37:00,8.0,0.0,Present
ATT03895,EMP134,2025-10-26,08:25:00,17:32:00,8.0,0.0,Present
ATT03896,EMP135,2025-10-26,,,0.0,0.0,On Leave
ATT03897,EMP136,2025-10-26,08:26:13,19:00:00,9.0,1.0,Present
ATT03898,EMP137,2025-10-26,08:27:08,17:32:00,8.0,0.0,Present
ATT03899,EMP138,2025-10-26,08:38:00,17:52:00,7.9,0.0,Late
ATT03900,EMP139,2025-10-26,08:22:59,17:34:00,8.0,0.0,Present
ATT03901,EMP141,2025-10-26,08:29:31,20:07:00,10.0,2.0,Present
ATT03902,EMP142,2025-10-26,08:32:20,17:40:00,8.0,0.0,Present
ATT03903,EMP143,2025-10-26,08:20:11,17:39:00,8.0,0.0,Present
ATT03904,EMP144,2025-10-26,08:26:08,17:40:00,8.0,0.0,Present
ATT03905,EMP145,2025-10-26,08:18:32,17:41:00,8.0,0.0,Present
ATT03906,EMP146,2025-10-26,08:29:04,19:01:00,9.0,1.0,Present
ATT03907,EMP147,2025-10-26,08:34:05,17:44:00,8.0,0.0,Present
ATT03908,EMP148,2025-10-26,08:30:14,17:50:00,8.0,0.0,Present
ATT03909,EMP149,2025-10-26,08:19:19,17:46:00,8.0,0.0,Present
ATT03910,EMP151,2025-10-26,08:24:07,17:44:00,8.0,0.0,Present
ATT03911,EMP152,2025-10-26,08:33:19,17:48:00,8.0,0.0,Present
ATT03912,EMP153,2025-10-26,08:23:18,17:49:00,8.0,0.0,Present
ATT03913,EMP155,2025-10-26,08:25:14,17:47:00,8.0,0.0,Present
ATT03914,EMP156,2025-10-26,08:21:07,17:43:00,8.0,0.0,Present
ATT03915,EMP157,2025-10-26,08:17:44,17:50:00,8.0,0.0,Present
ATT03916,EMP158,2025-10-26,08:34:11,17:31:00,8.0,0.0,Present
ATT03917,EMP159,2025-10-26,08:31:34,17:47:00,8.0,0.0,Present
ATT03918,EMP160,2025-10-26,08:20:30,17:36:00,8.0,0.0,Present
ATT03919,EMP162,2025-10-26,08:32:27,19:10:00,9.0,1.0,Present
ATT03920,EMP163,2025-10-26,08:29:44,17:40:00,8.0,0.0,Present
ATT03921,EMP164,2025-10-26,08:21:59,17:37:00,8.0,0.0,Present
ATT03922,EMP165,2025-10-26,08:31:03,19:11:00,9.0,1.0,Present
ATT03923,EMP166,2025-10-26,08:30:12,17:42:00,8.0,0.0,Present
ATT03924,EMP167,2025-10-26,08:30:28,17:35:00,8.0,0.0,Present
ATT03925,EMP168,2025-10-26,08:27:37,17:39:00,8.0,0.0,Present
ATT03926,EMP169,2025-10-26,08:27:08,17:48:00,8.0,0.0,Present
ATT03927,EMP170,2025-10-26,08:27:40,17:38:00,8.0,0.0,Present
ATT03928,EMP171,2025-10-26,,,0.0,0.0,On Leave
ATT03929,EMP172,2025-10-26,08:34:37,17:30:00,8.0,0.0,Present
ATT03930,EMP173,2025-10-26,08:18:03,17:47:00,8.0,0.0,Present
ATT03931,EMP175,2025-10-26,08:22:36,19:40:00,9.5,1.5,Present
ATT03932,EMP176,2025-10-26,08:17:34,17:46:00,8.0,0.0,Present
ATT03933,EMP178,2025-10-26,08:24:10,17:42:00,8.0,0.0,Present
ATT03934,EMP179,2025-10-26,08:31:49,17:49:00,8.0,0.0,Present
ATT03935,EMP180,2025-10-26,08:34:46,17:41:00,8.0,0.0,Present
ATT03936,EMP181,2025-10-26,08:32:58,17:45:00,8.0,0.0,Present
ATT03937,EMP182,2025-10-26,08:33:22,17:34:00,8.0,0.0,Present
ATT03938,EMP183,2025-10-26,08:21:00,15:11:00,5.5,0.0,Early Departure
ATT03939,EMP185,2025-10-26,08:29:47,17:47:00,8.0,0.0,Present
ATT03940,EMP186,2025-10-26,08:17:52,19:44:00,9.5,1.5,Present
ATT03941,EMP187,2025-10-26,08:50:00,17:30:00,7.7,0.0,Late
ATT03942,EMP188,2025-10-26,08:54:00,17:46:00,7.6,0.0,Late
ATT03943,EMP189,2025-10-26,08:23:59,17:33:00,8.0,0.0,Present
ATT03944,EMP191,2025-10-26,08:21:27,17:35:00,8.0,0.0,Present
ATT03945,EMP192,2025-10-26,08:27:33,19:36:00,9.5,1.5,Present
ATT03946,EMP193,2025-10-26,08:21:33,17:43:00,8.0,0.0,Present
ATT03947,EMP195,2025-10-26,08:18:49,19:45:00,9.5,1.5,Present
ATT03948,EMP196,2025-10-26,08:17:17,17:40:00,8.0,0.0,Present
ATT03949,EMP197,2025-10-26,08:15:47,17:48:00,8.0,0.0,Present
ATT03950,EMP198,2025-10-26,08:20:53,20:31:00,10.5,2.5,Present
ATT03951,EMP201,2025-10-26,08:19:35,17:43:00,8.0,0.0,Present
ATT03952,EMP202,2025-10-26,08:22:52,17:32:00,8.0,0.0,Present
ATT03953,EMP203,2025-10-26,08:25:47,17:30:00,8.0,0.0,Present
ATT03954,EMP204,2025-10-26,08:29:47,20:06:00,10.0,2.0,Present
ATT03955,EMP205,2025-10-26,08:27:01,17:33:00,8.0,0.0,Present
ATT03956,EMP206,2025-10-26,08:22:50,17:30:00,8.0,0.0,Present
ATT03957,EMP207,2025-10-26,08:32:08,17:45:00,8.0,0.0,Present
ATT03958,EMP208,2025-10-26,08:25:22,20:31:00,10.5,2.5,Present
ATT03959,EMP209,2025-10-26,08:31:20,17:33:00,8.0,0.0,Present
ATT03960,EMP210,2025-10-26,08:18:02,17:31:00,8.0,0.0,Present
ATT03961,EMP211,2025-10-26,08:24:13,17:36:00,8.0,0.0,Present
ATT03962,EMP212,2025-10-26,08:25:59,17:46:00,8.0,0.0,Present
ATT03963,EMP213,2025-10-26,08:27:48,17:44:00,8.0,0.0,Present
ATT03964,EMP214,2025-10-26,08:26:32,17:42:00,8.0,0.0,Present
ATT03965,EMP215,2025-10-26,08:21:22,17:49:00,8.0,0.0,Present
ATT03966,EMP216,2025-10-26,08:15:40,17:40:00,8.0,0.0,Present
ATT03967,EMP217,2025-10-26,,,0.0,0.0,On Leave
ATT03968,EMP218,2025-10-26,,,0.0,0.0,On Leave
ATT03969,EMP219,2025-10-26,08:28:05,17:39:00,8.0,0.0,Present
ATT03970,EMP220,2025-10-26,08:22:05,17:42:00,8.0,0.0,Present
ATT03971,EMP221,2025-10-26,08:22:37,17:35:00,8.0,0.0,Present
ATT03972,EMP222,2025-10-26,08:18:06,17:37:00,8.0,0.0,Present
ATT03973,EMP223,2025-10-26,08:34:02,17:46:00,8.0,0.0,Present
ATT03974,EMP224,2025-10-26,08:51:00,17:45:00,7.7,0.0,Late
ATT03975,EMP225,2025-10-26,08:15:54,20:42:00,10.5,2.5,Present
ATT03976,EMP226,2025-10-26,08:25:58,17:35:00,8.0,0.0,Present
ATT03977,EMP227,2025-10-26,08:27:51,17:32:00,8.0,0.0,Present
ATT03978,EMP228,2025-10-26,08:28:04,19:14:00,9.0,1.0,Present
ATT03979,EMP229,2025-10-26,08:25:00,15:21:00,5.5,0.0,Early Departure
ATT03980,EMP230,2025-10-26,08:24:26,17:31:00,8.0,0.0,Present
ATT03981,EMP231,2025-10-26,,,0.0,0.0,On Leave
ATT03982,EMP232,2025-10-26,,,0.0,0.0,On Leave
ATT03983,EMP233,2025-10-26,08:32:34,20:36:00,10.5,2.5,Present
ATT03984,EMP234,2025-10-26,08:19:31,17:43:00,8.0,0.0,Present
ATT03985,EMP235,2025-10-26,08:31:55,20:08:00,10.0,2.0,Present
ATT03986,EMP236,2025-10-26,08:31:48,17:48:00,8.0,0.0,Present
ATT03987,EMP237,2025-10-26,08:21:59,20:31:00,10.5,2.5,Present
ATT03988,EMP239,2025-10-26,08:27:16,17:49:00,8.0,0.0,Present
ATT03989,EMP240,2025-10-26,08:15:36,20:14:00,10.0,2.0,Present
ATT03990,EMP241,2025-10-26,08:25:48,17:33:00,8.0,0.0,Present
ATT03991,EMP242,2025-10-26,08:22:53,17:40:00,8.0,0.0,Present
ATT03992,EMP243,2025-10-26,08:29:08,17:33:00,8.0,0.0,Present
ATT03993,EMP244,2025-10-26,08:21:01,17:43:00,8.0,0.0,Present
ATT03994,EMP245,2025-10-26,08:32:07,17:42:00,8.0,0.0,Present
ATT03995,EMP246,2025-10-26,08:23:49,17:31:00,8.0,0.0,Present
ATT03996,EMP249,2025-10-26,08:21:37,17:46:00,8.0,0.0,Present
ATT03997,EMP250,2025-10-26,08:52:00,17:45:00,7.6,0.0,Late
ATT03998,EMP001,2025-10-27,08:30:28,17:41:00,8.0,0.0,Present
ATT03999,EMP002,2025-10-27,,,0.0,0.0,On Leave
ATT04000,EMP003,2025-10-27,08:22:13,17:45:00,8.0,0.0,Present
ATT04001,EMP004,2025-10-27,08:23:06,17:30:00,8.0,0.0,Present
ATT04002,EMP005,2025-10-27,08:34:58,20:06:00,10.0,2.0,Present
ATT04003,EMP006,2025-10-27,08:28:01,19:42:00,9.5,1.5,Present
ATT04004,EMP007,2025-10-27,08:23:50,19:08:00,9.0,1.0,Present
ATT04005,EMP008,2025-10-27,08:20:55,17:32:00,8.0,0.0,Present
ATT04006,EMP009,2025-10-27,08:26:28,17:30:00,8.0,0.0,Present
ATT04007,EMP010,2025-10-27,08:23:04,20:38:00,10.5,2.5,Present
ATT04008,EMP011,2025-10-27,08:21:10,17:37:00,8.0,0.0,Present
ATT04009,EMP012,2025-10-27,08:17:03,17:49:00,8.0,0.0,Present
ATT04010,EMP013,2025-10-27,08:19:09,17:47:00,8.0,0.0,Present
ATT04011,EMP014,2025-10-27,08:20:00,16:09:00,6.5,0.0,Early Departure
ATT04012,EMP015,2025-10-27,08:23:55,17:43:00,8.0,0.0,Present
ATT04013,EMP016,2025-10-27,08:20:23,20:39:00,10.5,2.5,Present
ATT04014,EMP019,2025-10-27,08:20:18,19:35:00,9.5,1.5,Present
ATT04015,EMP020,2025-10-27,08:18:34,17:31:00,8.0,0.0,Present
ATT04016,EMP021,2025-10-27,08:24:24,17:33:00,8.0,0.0,Present
ATT04017,EMP022,2025-10-27,08:21:03,17:34:00,8.0,0.0,Present
ATT04018,EMP023,2025-10-27,08:29:44,17:31:00,8.0,0.0,Present
ATT04019,EMP024,2025-10-27,08:40:00,17:54:00,7.8,0.0,Late
ATT04020,EMP025,2025-10-27,08:34:21,17:37:00,8.0,0.0,Present
ATT04021,EMP026,2025-10-27,08:28:46,20:06:00,10.0,2.0,Present
ATT04022,EMP027,2025-10-27,08:32:37,20:14:00,10.0,2.0,Present
ATT04023,EMP028,2025-10-27,08:25:01,20:37:00,10.5,2.5,Present
ATT04024,EMP029,2025-10-27,08:33:00,20:36:00,10.5,2.5,Present
ATT04025,EMP030,2025-10-27,08:17:12,17:31:00,8.0,0.0,Present
ATT04026,EMP031,2025-10-27,08:20:10,19:42:00,9.5,1.5,Present
ATT04027,EMP032,2025-10-27,08:31:30,17:50:00,8.0,0.0,Present
ATT04028,EMP035,2025-10-27,08:19:11,20:10:00,10.0,2.0,Present
ATT04029,EMP036,2025-10-27,08:23:47,17:33:00,8.0,0.0,Present
ATT04030,EMP038,2025-10-27,,,0.0,0.0,Absent
ATT04031,EMP040,2025-10-27,08:20:35,17:32:00,8.0,0.0,Present
ATT04032,EMP041,2025-10-27,08:15:29,17:37:00,8.0,0.0,Present
ATT04033,EMP042,2025-10-27,08:19:52,17:39:00,8.0,0.0,Present
ATT04034,EMP043,2025-10-27,08:19:11,17:32:00,8.0,0.0,Present
ATT04035,EMP044,2025-10-27,08:15:09,17:36:00,8.0,0.0,Present
ATT04036,EMP045,2025-10-27,08:44:00,17:54:00,7.8,0.0,Late
ATT04037,EMP047,2025-10-27,08:15:37,17:44:00,8.0,0.0,Present
ATT04038,EMP048,2025-10-27,08:30:56,19:06:00,9.0,1.0,Present
ATT04039,EMP049,2025-10-27,08:28:41,17:40:00,8.0,0.0,Present
ATT04040,EMP050,2025-10-27,08:19:30,17:50:00,8.0,0.0,Present
ATT04041,EMP051,2025-10-27,08:24:46,17:34:00,8.0,0.0,Present
ATT04042,EMP052,2025-10-27,08:26:52,17:48:00,8.0,0.0,Present
ATT04043,EMP053,2025-10-27,08:18:24,19:03:00,9.0,1.0,Present
ATT04044,EMP054,2025-10-27,08:18:20,17:47:00,8.0,0.0,Present
ATT04045,EMP055,2025-10-27,08:17:10,17:47:00,8.0,0.0,Present
ATT04046,EMP056,2025-10-27,08:45:00,17:53:00,7.8,0.0,Late
ATT04047,EMP057,2025-10-27,08:32:56,17:45:00,8.0,0.0,Present
ATT04048,EMP058,2025-10-27,08:31:43,17:36:00,8.0,0.0,Present
ATT04049,EMP059,2025-10-27,08:16:58,20:09:00,10.0,2.0,Present
ATT04050,EMP060,2025-10-27,08:15:32,17:44:00,8.0,0.0,Present
ATT04051,EMP062,2025-10-27,08:32:05,17:33:00,8.0,0.0,Present
ATT04052,EMP063,2025-10-27,08:30:18,17:48:00,8.0,0.0,Present
ATT04053,EMP064,2025-10-27,08:28:19,20:36:00,10.5,2.5,Present
ATT04054,EMP065,2025-10-27,08:19:53,20:07:00,10.0,2.0,Present
ATT04055,EMP069,2025-10-27,08:23:32,17:44:00,8.0,0.0,Present
ATT04056,EMP070,2025-10-27,08:20:00,15:07:00,5.5,0.0,Early Departure
ATT04057,EMP071,2025-10-27,08:31:26,17:43:00,8.0,0.0,Present
ATT04058,EMP072,2025-10-27,08:15:10,19:36:00,9.5,1.5,Present
ATT04059,EMP074,2025-10-27,08:30:43,17:34:00,8.0,0.0,Present
ATT04060,EMP075,2025-10-27,08:26:57,17:36:00,8.0,0.0,Present
ATT04061,EMP076,2025-10-27,08:15:03,20:37:00,10.5,2.5,Present
ATT04062,EMP077,2025-10-27,08:27:29,17:33:00,8.0,0.0,Present
ATT04063,EMP078,2025-10-27,08:15:33,17:48:00,8.0,0.0,Present
ATT04064,EMP079,2025-10-27,,,0.0,0.0,Absent
ATT04065,EMP080,2025-10-27,08:18:25,17:30:00,8.0,0.0,Present
ATT04066,EMP083,2025-10-27,08:17:24,17:50:00,8.0,0.0,Present
ATT04067,EMP084,2025-10-27,08:22:08,17:36:00,8.0,0.0,Present
ATT04068,EMP085,2025-10-27,08:54:00,17:51:00,7.6,0.0,Late
ATT04069,EMP086,2025-10-27,08:33:46,17:49:00,8.0,0.0,Present
ATT04070,EMP087,2025-10-27,08:15:34,17:40:00,8.0,0.0,Present
ATT04071,EMP088,2025-10-27,08:17:54,17:47:00,8.0,0.0,Present
ATT04072,EMP089,2025-10-27,08:23:24,17:31:00,8.0,0.0,Present
ATT04073,EMP090,2025-10-27,08:34:52,17:48:00,8.0,0.0,Present
ATT04074,EMP091,2025-10-27,08:22:15,17:33:00,8.0,0.0,Present
ATT04075,EMP092,2025-10-27,08:22:28,19:02:00,9.0,1.0,Present
ATT04076,EMP093,2025-10-27,08:34:35,17:38:00,8.0,0.0,Present
ATT04077,EMP094,2025-10-27,08:19:48,17:39:00,8.0,0.0,Present
ATT04078,EMP095,2025-10-27,08:15:12,17:30:00,8.0,0.0,Present
ATT04079,EMP096,2025-10-27,08:21:20,17:38:00,8.0,0.0,Present
ATT04080,EMP097,2025-10-27,08:15:28,17:48:00,8.0,0.0,Present
ATT04081,EMP098,2025-10-27,08:23:18,17:38:00,8.0,0.0,Present
ATT04082,EMP099,2025-10-27,08:28:28,19:03:00,9.0,1.0,Present
ATT04083,EMP100,2025-10-27,08:19:17,17:30:00,8.0,0.0,Present
ATT04084,EMP101,2025-10-27,08:32:58,19:34:00,9.5,1.5,Present
ATT04085,EMP102,2025-10-27,08:31:28,17:39:00,8.0,0.0,Present
ATT04086,EMP103,2025-10-27,,,0.0,0.0,On Leave
ATT04087,EMP104,2025-10-27,08:27:09,20:02:00,10.0,2.0,Present
ATT04088,EMP105,2025-10-27,08:25:57,19:41:00,9.5,1.5,Present
ATT04089,EMP106,2025-10-27,08:21:26,17:37:00,8.0,0.0,Present
ATT04090,EMP107,2025-10-27,08:29:01,19:05:00,9.0,1.0,Present
ATT04091,EMP108,2025-10-27,08:32:08,17:40:00,8.0,0.0,Present
ATT04092,EMP109,2025-10-27,08:18:43,17:32:00,8.0,0.0,Present
ATT04093,EMP110,2025-10-27,08:25:22,17:39:00,8.0,0.0,Present
ATT04094,EMP111,2025-10-27,08:27:07,17:31:00,8.0,0.0,Present
ATT04095,EMP112,2025-10-27,08:20:14,20:43:00,10.5,2.5,Present
ATT04096,EMP113,2025-10-27,08:17:08,17:46:00,8.0,0.0,Present
ATT04097,EMP114,2025-10-27,08:17:01,19:36:00,9.5,1.5,Present
ATT04098,EMP115,2025-10-27,,,0.0,0.0,On Leave
ATT04099,EMP116,2025-10-27,08:28:04,17:34:00,8.0,0.0,Present
ATT04100,EMP117,2025-10-27,08:23:34,17:30:00,8.0,0.0,Present
ATT04101,EMP120,2025-10-27,08:28:27,17:37:00,8.0,0.0,Present
ATT04102,EMP121,2025-10-27,08:24:00,16:24:00,6.5,0.0,Early Departure
ATT04103,EMP122,2025-10-27,08:24:41,19:44:00,9.5,1.5,Present
ATT04104,EMP123,2025-10-27,08:22:54,17:42:00,8.0,0.0,Present
ATT04105,EMP124,2025-10-27,08:15:06,17:40:00,8.0,0.0,Present
ATT04106,EMP126,2025-10-27,08:26:31,17:50:00,8.0,0.0,Present
ATT04107,EMP127,2025-10-27,,,0.0,0.0,On Leave
ATT04108,EMP128,2025-10-27,,,0.0,0.0,On Leave
ATT04109,EMP129,2025-10-27,08:19:16,17:47:00,8.0,0.0,Present
ATT04110,EMP130,2025-10-27,,,0.0,0.0,On Leave
ATT04111,EMP131,2025-10-27,08:28:34,20:03:00,10.0,2.0,Present
ATT04112,EMP132,2025-10-27,08:19:52,17:35:00,8.0,0.0,Present
ATT04113,EMP133,2025-10-27,08:15:32,17:43:00,8.0,0.0,Present
ATT04114,EMP134,2025-10-27,08:27:59,17:42:00,8.0,0.0,Present
ATT04115,EMP135,2025-10-27,08:22:00,16:04:00,6.5,0.0,Early Departure
ATT04116,EMP136,2025-10-27,08:29:00,16:56:00,6.5,0.0,Early Departure
ATT04117,EMP137,2025-10-27,,,0.0,0.0,Absent
ATT04118,EMP138,2025-10-27,08:29:32,17:38:00,8.0,0.0,Present
ATT04119,EMP139,2025-10-27,08:24:30,17:32:00,8.0,0.0,Present
ATT04120,EMP141,2025-10-27,08:33:03,17:41:00,8.0,0.0,Present
ATT04121,EMP142,2025-10-27,08:28:59,20:15:00,10.0,2.0,Present
ATT04122,EMP143,2025-10-27,,,0.0,0.0,Absent
ATT04123,EMP144,2025-10-27,,,0.0,0.0,On Leave
ATT04124,EMP145,2025-10-27,08:25:55,17:36:00,8.0,0.0,Present
ATT04125,EMP146,2025-10-27,08:24:46,17:42:00,8.0,0.0,Present
ATT04126,EMP147,2025-10-27,08:18:09,20:38:00,10.5,2.5,Present
ATT04127,EMP148,2025-10-27,08:26:10,17:48:00,8.0,0.0,Present
ATT04128,EMP149,2025-10-27,08:15:25,17:38:00,8.0,0.0,Present
ATT04129,EMP151,2025-10-27,08:17:49,20:36:00,10.5,2.5,Present
ATT04130,EMP152,2025-10-27,08:17:33,19:30:00,9.5,1.5,Present
ATT04131,EMP153,2025-10-27,08:28:14,17:40:00,8.0,0.0,Present
ATT04132,EMP155,2025-10-27,08:24:32,17:46:00,8.0,0.0,Present
ATT04133,EMP156,2025-10-27,08:17:33,17:48:00,8.0,0.0,Present
ATT04134,EMP157,2025-10-27,08:32:01,17:42:00,8.0,0.0,Present
ATT04135,EMP158,2025-10-27,08:15:22,17:33:00,8.0,0.0,Present
ATT04136,EMP159,2025-10-27,,,0.0,0.0,Absent
ATT04137,EMP160,2025-10-27,08:20:52,17:39:00,8.0,0.0,Present
ATT04138,EMP162,2025-10-27,08:23:05,17:35:00,8.0,0.0,Present
ATT04139,EMP163,2025-10-27,08:15:07,17:31:00,8.0,0.0,Present
ATT04140,EMP164,2025-10-27,08:31:27,19:45:00,9.5,1.5,Present
ATT04141,EMP165,2025-10-27,08:31:24,19:06:00,9.0,1.0,Present
ATT04142,EMP166,2025-10-27,08:21:06,17:47:00,8.0,0.0,Present
ATT04143,EMP167,2025-10-27,08:34:38,17:31:00,8.0,0.0,Present
ATT04144,EMP168,2025-10-27,08:23:02,17:36:00,8.0,0.0,Present
ATT04145,EMP169,2025-10-27,08:30:52,19:15:00,9.0,1.0,Present
ATT04146,EMP170,2025-10-27,08:33:52,17:50:00,8.0,0.0,Present
ATT04147,EMP171,2025-10-27,08:16:49,17:50:00,8.0,0.0,Present
ATT04148,EMP172,2025-10-27,08:19:48,17:41:00,8.0,0.0,Present
ATT04149,EMP173,2025-10-27,08:34:48,17:46:00,8.0,0.0,Present
ATT04150,EMP175,2025-10-27,08:33:41,17:50:00,8.0,0.0,Present
ATT04151,EMP176,2025-10-27,08:31:21,17:30:00,8.0,0.0,Present
ATT04152,EMP178,2025-10-27,08:17:13,17:40:00,8.0,0.0,Present
ATT04153,EMP179,2025-10-27,08:31:10,17:30:00,8.0,0.0,Present
ATT04154,EMP180,2025-10-27,08:20:35,17:44:00,8.0,0.0,Present
ATT04155,EMP181,2025-10-27,08:15:30,20:31:00,10.5,2.5,Present
ATT04156,EMP182,2025-10-27,08:29:07,17:33:00,8.0,0.0,Present
ATT04157,EMP183,2025-10-27,08:32:44,17:49:00,8.0,0.0,Present
ATT04158,EMP185,2025-10-27,08:19:08,17:49:00,8.0,0.0,Present
ATT04159,EMP186,2025-10-27,08:33:40,17:38:00,8.0,0.0,Present
ATT04160,EMP187,2025-10-27,08:18:34,20:07:00,10.0,2.0,Present
ATT04161,EMP188,2025-10-27,08:28:35,17:30:00,8.0,0.0,Present
ATT04162,EMP189,2025-10-27,08:24:35,20:11:00,10.0,2.0,Present
ATT04163,EMP191,2025-10-27,08:31:02,20:09:00,10.0,2.0,Present
ATT04164,EMP192,2025-10-27,08:19:13,17:35:00,8.0,0.0,Present
ATT04165,EMP193,2025-10-27,08:18:25,17:42:00,8.0,0.0,Present
ATT04166,EMP195,2025-10-27,08:27:35,17:44:00,8.0,0.0,Present
ATT04167,EMP196,2025-10-27,08:30:01,17:44:00,8.0,0.0,Present
ATT04168,EMP197,2025-10-27,08:26:04,17:33:00,8.0,0.0,Present
ATT04169,EMP198,2025-10-27,08:26:44,17:34:00,8.0,0.0,Present
ATT04170,EMP201,2025-10-27,08:16:47,20:39:00,10.5,2.5,Present
ATT04171,EMP202,2025-10-27,08:27:04,19:06:00,9.0,1.0,Present
ATT04172,EMP203,2025-10-27,08:16:52,17:38:00,8.0,0.0,Present
ATT04173,EMP204,2025-10-27,08:41:00,17:39:00,7.8,0.0,Late
ATT04174,EMP205,2025-10-27,08:18:39,17:37:00,8.0,0.0,Present
ATT04175,EMP206,2025-10-27,08:24:34,17:46:00,8.0,0.0,Present
ATT04176,EMP207,2025-10-27,08:15:00,17:33:00,8.0,0.0,Present
ATT04177,EMP208,2025-10-27,08:34:51,17:30:00,8.0,0.0,Present
ATT04178,EMP209,2025-10-27,08:22:02,20:02:00,10.0,2.0,Present
ATT04179,EMP210,2025-10-27,08:26:48,17:47:00,8.0,0.0,Present
ATT04180,EMP211,2025-10-27,,,0.0,0.0,On Leave
ATT04181,EMP212,2025-10-27,08:27:45,17:37:00,8.0,0.0,Present
ATT04182,EMP213,2025-10-27,08:34:55,17:39:00,8.0,0.0,Present
ATT04183,EMP214,2025-10-27,08:17:00,17:33:00,8.0,0.0,Present
ATT04184,EMP215,2025-10-27,08:44:00,17:45:00,7.8,0.0,Late
ATT04185,EMP216,2025-10-27,08:19:31,17:48:00,8.0,0.0,Present
ATT04186,EMP217,2025-10-27,08:18:20,17:47:00,8.0,0.0,Present
ATT04187,EMP218,2025-10-27,08:18:08,17:32:00,8.0,0.0,Present
ATT04188,EMP219,2025-10-27,08:51:00,17:40:00,7.7,0.0,Late
ATT04189,EMP220,2025-10-27,08:19:14,17:48:00,8.0,0.0,Present
ATT04190,EMP221,2025-10-27,08:18:21,17:34:00,8.0,0.0,Present
ATT04191,EMP222,2025-10-27,08:16:48,17:49:00,8.0,0.0,Present
ATT04192,EMP223,2025-10-27,08:22:46,17:34:00,8.0,0.0,Present
ATT04193,EMP224,2025-10-27,08:24:27,17:41:00,8.0,0.0,Present
ATT04194,EMP225,2025-10-27,08:28:49,17:34:00,8.0,0.0,Present
ATT04195,EMP226,2025-10-27,08:17:28,20:36:00,10.5,2.5,Present
ATT04196,EMP227,2025-10-27,08:31:29,20:38:00,10.5,2.5,Present
ATT04197,EMP228,2025-10-27,08:30:34,17:37:00,8.0,0.0,Present
ATT04198,EMP229,2025-10-27,08:16:13,20:09:00,10.0,2.0,Present
ATT04199,EMP230,2025-10-27,,,0.0,0.0,On Leave
ATT04200,EMP231,2025-10-27,08:20:56,17:32:00,8.0,0.0,Present
ATT04201,EMP232,2025-10-27,08:31:54,17:44:00,8.0,0.0,Present
ATT04202,EMP233,2025-10-27,08:27:03,19:40:00,9.5,1.5,Present
ATT04203,EMP234,2025-10-27,08:27:43,17:34:00,8.0,0.0,Present
ATT04204,EMP235,2025-10-27,08:41:00,17:47:00,7.8,0.0,Late
ATT04205,EMP236,2025-10-27,08:24:02,17:43:00,8.0,0.0,Present
ATT04206,EMP237,2025-10-27,08:15:28,17:42:00,8.0,0.0,Present
ATT04207,EMP239,2025-10-27,08:19:30,17:36:00,8.0,0.0,Present
ATT04208,EMP240,2025-10-27,08:23:00,16:30:00,6.5,0.0,Early Departure
ATT04209,EMP241,2025-10-27,08:19:22,17:36:00,8.0,0.0,Present
ATT04210,EMP242,2025-10-27,08:49:00,17:53:00,7.7,0.0,Late
ATT04211,EMP243,2025-10-27,08:30:38,19:08:00,9.0,1.0,Present
ATT04212,EMP244,2025-10-27,08:31:25,17:37:00,8.0,0.0,Present
ATT04213,EMP245,2025-10-27,08:25:49,17:37:00,8.0,0.0,Present
ATT04214,EMP246,2025-10-27,08:26:50,19:45:00,9.5,1.5,Present
ATT04215,EMP249,2025-10-27,08:28:47,20:14:00,10.0,2.0,Present
ATT04216,EMP250,2025-10-27,08:23:49,19:40:00,9.5,1.5,Present
ATT04217,EMP001,2025-10-28,08:16:47,17:49:00,8.0,0.0,Present
ATT04218,EMP002,2025-10-28,08:51:00,17:52:00,7.7,0.0,Late
ATT04219,EMP003,2025-10-28,08:23:10,17:32:00,8.0,0.0,Present
ATT04220,EMP004,2025-10-28,08:15:15,17:46:00,8.0,0.0,Present
ATT04221,EMP005,2025-10-28,08:20:30,17:42:00,8.0,0.0,Present
ATT04222,EMP006,2025-10-28,08:19:29,17:35:00,8.0,0.0,Present
ATT04223,EMP007,2025-10-28,08:20:11,17:34:00,8.0,0.0,Present
ATT04224,EMP008,2025-10-28,08:18:48,20:41:00,10.5,2.5,Present
ATT04225,EMP009,2025-10-28,08:30:27,17:45:00,8.0,0.0,Present
ATT04226,EMP010,2025-10-28,08:20:03,17:35:00,8.0,0.0,Present
ATT04227,EMP011,2025-10-28,08:32:23,20:12:00,10.0,2.0,Present
ATT04228,EMP012,2025-10-28,08:22:02,17:33:00,8.0,0.0,Present
ATT04229,EMP013,2025-10-28,08:33:00,17:35:00,8.0,0.0,Present
ATT04230,EMP014,2025-10-28,08:20:47,17:48:00,8.0,0.0,Present
ATT04231,EMP015,2025-10-28,08:15:06,17:38:00,8.0,0.0,Present
ATT04232,EMP016,2025-10-28,08:27:17,17:32:00,8.0,0.0,Present
ATT04233,EMP019,2025-10-28,08:32:01,17:44:00,8.0,0.0,Present
ATT04234,EMP020,2025-10-28,08:15:58,17:32:00,8.0,0.0,Present
ATT04235,EMP021,2025-10-28,08:21:28,17:31:00,8.0,0.0,Present
ATT04236,EMP022,2025-10-28,08:36:00,17:31:00,7.9,0.0,Late
ATT04237,EMP023,2025-10-28,08:21:13,20:35:00,10.5,2.5,Present
ATT04238,EMP024,2025-10-28,08:23:24,17:33:00,8.0,0.0,Present
ATT04239,EMP025,2025-10-28,08:29:10,17:44:00,8.0,0.0,Present
ATT04240,EMP026,2025-10-28,08:22:58,17:47:00,8.0,0.0,Present
ATT04241,EMP027,2025-10-28,08:33:02,17:40:00,8.0,0.0,Present
ATT04242,EMP028,2025-10-28,08:20:56,17:49:00,8.0,0.0,Present
ATT04243,EMP029,2025-10-28,08:32:20,19:37:00,9.5,1.5,Present
ATT04244,EMP030,2025-10-28,08:20:48,17:47:00,8.0,0.0,Present
ATT04245,EMP031,2025-10-28,08:20:57,17:42:00,8.0,0.0,Present
ATT04246,EMP032,2025-10-28,08:16:19,17:48:00,8.0,0.0,Present
ATT04247,EMP035,2025-10-28,08:16:08,17:43:00,8.0,0.0,Present
ATT04248,EMP036,2025-10-28,08:25:52,19:39:00,9.5,1.5,Present
ATT04249,EMP038,2025-10-28,08:21:37,17:49:00,8.0,0.0,Present
ATT04250,EMP040,2025-10-28,08:33:23,19:13:00,9.0,1.0,Present
ATT04251,EMP041,2025-10-28,08:15:26,17:41:00,8.0,0.0,Present
ATT04252,EMP042,2025-10-28,08:15:10,19:03:00,9.0,1.0,Present
ATT04253,EMP043,2025-10-28,08:20:38,19:32:00,9.5,1.5,Present
ATT04254,EMP044,2025-10-28,08:45:00,17:37:00,7.8,0.0,Late
ATT04255,EMP045,2025-10-28,08:23:16,17:31:00,8.0,0.0,Present
ATT04256,EMP047,2025-10-28,08:20:57,19:37:00,9.5,1.5,Present
ATT04257,EMP048,2025-10-28,08:15:10,17:32:00,8.0,0.0,Present
ATT04258,EMP049,2025-10-28,08:26:57,17:40:00,8.0,0.0,Present
ATT04259,EMP050,2025-10-28,08:16:07,17:37:00,8.0,0.0,Present
ATT04260,EMP051,2025-10-28,,,0.0,0.0,On Leave
ATT04261,EMP052,2025-10-28,08:16:14,17:48:00,8.0,0.0,Present
ATT04262,EMP053,2025-10-28,08:32:51,17:36:00,8.0,0.0,Present
ATT04263,EMP054,2025-10-28,08:22:12,17:39:00,8.0,0.0,Present
ATT04264,EMP055,2025-10-28,08:27:58,20:34:00,10.5,2.5,Present
ATT04265,EMP056,2025-10-28,08:32:01,17:47:00,8.0,0.0,Present
ATT04266,EMP057,2025-10-28,,,0.0,0.0,Absent
ATT04267,EMP058,2025-10-28,08:19:53,17:38:00,8.0,0.0,Present
ATT04268,EMP059,2025-10-28,08:17:10,17:31:00,8.0,0.0,Present
ATT04269,EMP060,2025-10-28,08:25:48,17:40:00,8.0,0.0,Present
ATT04270,EMP062,2025-10-28,08:55:00,17:49:00,7.6,0.0,Late
ATT04271,EMP063,2025-10-28,08:16:07,20:42:00,10.5,2.5,Present
ATT04272,EMP064,2025-10-28,08:30:29,17:41:00,8.0,0.0,Present
ATT04273,EMP065,2025-10-28,08:17:58,19:38:00,9.5,1.5,Present
ATT04274,EMP069,2025-10-28,08:33:13,17:40:00,8.0,0.0,Present
ATT04275,EMP070,2025-10-28,08:18:37,20:44:00,10.5,2.5,Present
ATT04276,EMP071,2025-10-28,08:22:06,17:37:00,8.0,0.0,Present
ATT04277,EMP072,2025-10-28,08:19:27,17:38:00,8.0,0.0,Present
ATT04278,EMP074,2025-10-28,08:19:42,17:50:00,8.0,0.0,Present
ATT04279,EMP075,2025-10-28,08:44:00,17:42:00,7.8,0.0,Late
ATT04280,EMP076,2025-10-28,08:19:44,20:33:00,10.5,2.5,Present
ATT04281,EMP077,2025-10-28,08:22:01,19:38:00,9.5,1.5,Present
ATT04282,EMP078,2025-10-28,08:19:17,19:33:00,9.5,1.5,Present
ATT04283,EMP079,2025-10-28,08:22:55,17:30:00,8.0,0.0,Present
ATT04284,EMP080,2025-10-28,08:23:13,17:34:00,8.0,0.0,Present
ATT04285,EMP083,2025-10-28,08:18:19,17:31:00,8.0,0.0,Present
ATT04286,EMP084,2025-10-28,08:29:31,17:44:00,8.0,0.0,Present
ATT04287,EMP085,2025-10-28,08:23:29,17:34:00,8.0,0.0,Present
ATT04288,EMP086,2025-10-28,08:23:55,19:07:00,9.0,1.0,Present
ATT04289,EMP087,2025-10-28,08:23:40,17:40:00,8.0,0.0,Present
ATT04290,EMP088,2025-10-28,08:32:50,19:30:00,9.5,1.5,Present
ATT04291,EMP089,2025-10-28,08:32:30,17:43:00,8.0,0.0,Present
ATT04292,EMP090,2025-10-28,08:27:53,17:36:00,8.0,0.0,Present
ATT04293,EMP091,2025-10-28,08:41:00,17:48:00,7.8,0.0,Late
ATT04294,EMP092,2025-10-28,08:32:27,17:41:00,8.0,0.0,Present
ATT04295,EMP093,2025-10-28,08:16:10,17:47:00,8.0,0.0,Present
ATT04296,EMP094,2025-10-28,08:28:17,20:11:00,10.0,2.0,Present
ATT04297,EMP095,2025-10-28,08:31:12,17:47:00,8.0,0.0,Present
ATT04298,EMP096,2025-10-28,08:25:44,17:45:00,8.0,0.0,Present
ATT04299,EMP097,2025-10-28,08:20:01,17:38:00,8.0,0.0,Present
ATT04300,EMP098,2025-10-28,08:19:42,17:35:00,8.0,0.0,Present
ATT04301,EMP099,2025-10-28,08:21:55,17:40:00,8.0,0.0,Present
ATT04302,EMP100,2025-10-28,08:17:50,17:35:00,8.0,0.0,Present
ATT04303,EMP101,2025-10-28,08:20:11,17:30:00,8.0,0.0,Present
ATT04304,EMP102,2025-10-28,08:32:11,17:50:00,8.0,0.0,Present
ATT04305,EMP103,2025-10-28,08:24:28,20:36:00,10.5,2.5,Present
ATT04306,EMP104,2025-10-28,08:23:56,19:02:00,9.0,1.0,Present
ATT04307,EMP105,2025-10-28,08:20:50,20:02:00,10.0,2.0,Present
ATT04308,EMP106,2025-10-28,08:33:11,17:30:00,8.0,0.0,Present
ATT04309,EMP107,2025-10-28,08:28:25,20:31:00,10.5,2.5,Present
ATT04310,EMP108,2025-10-28,08:27:00,17:40:00,8.0,0.0,Present
ATT04311,EMP109,2025-10-28,08:16:37,17:36:00,8.0,0.0,Present
ATT04312,EMP110,2025-10-28,08:30:53,17:31:00,8.0,0.0,Present
ATT04313,EMP111,2025-10-28,08:22:39,19:07:00,9.0,1.0,Present
ATT04314,EMP112,2025-10-28,08:21:34,17:34:00,8.0,0.0,Present
ATT04315,EMP113,2025-10-28,08:29:05,19:42:00,9.5,1.5,Present
ATT04316,EMP114,2025-10-28,08:16:26,17:46:00,8.0,0.0,Present
ATT04317,EMP115,2025-10-28,08:30:42,20:38:00,10.5,2.5,Present
ATT04318,EMP116,2025-10-28,08:28:53,17:45:00,8.0,0.0,Present
ATT04319,EMP117,2025-10-28,,,0.0,0.0,On Leave
ATT04320,EMP120,2025-10-28,08:27:18,17:46:00,8.0,0.0,Present
ATT04321,EMP121,2025-10-28,08:26:00,20:07:00,10.0,2.0,Present
ATT04322,EMP122,2025-10-28,08:21:17,17:44:00,8.0,0.0,Present
ATT04323,EMP123,2025-10-28,08:19:54,17:33:00,8.0,0.0,Present
ATT04324,EMP124,2025-10-28,08:21:50,17:30:00,8.0,0.0,Present
ATT04325,EMP126,2025-10-28,08:34:16,17:32:00,8.0,0.0,Present
ATT04326,EMP127,2025-10-28,,,0.0,0.0,On Leave
ATT04327,EMP128,2025-10-28,08:21:45,20:08:00,10.0,2.0,Present
ATT04328,EMP129,2025-10-28,08:45:00,17:33:00,7.8,0.0,Late
ATT04329,EMP130,2025-10-28,08:42:00,17:44:00,7.8,0.0,Late
ATT04330,EMP131,2025-10-28,08:30:42,17:46:00,8.0,0.0,Present
ATT04331,EMP132,2025-10-28,08:28:57,17:31:00,8.0,0.0,Present
ATT04332,EMP133,2025-10-28,08:21:50,17:39:00,8.0,0.0,Present
ATT04333,EMP134,2025-10-28,08:16:52,17:43:00,8.0,0.0,Present
ATT04334,EMP135,2025-10-28,08:30:20,17:33:00,8.0,0.0,Present
ATT04335,EMP136,2025-10-28,08:29:01,17:45:00,8.0,0.0,Present
ATT04336,EMP137,2025-10-28,08:33:12,19:31:00,9.5,1.5,Present
ATT04337,EMP138,2025-10-28,08:45:00,17:47:00,7.8,0.0,Late
ATT04338,EMP139,2025-10-28,08:24:17,17:32:00,8.0,0.0,Present
ATT04339,EMP141,2025-10-28,08:20:14,17:43:00,8.0,0.0,Present
ATT04340,EMP142,2025-10-28,08:21:32,17:48:00,8.0,0.0,Present
ATT04341,EMP143,2025-10-28,08:33:48,17:35:00,8.0,0.0,Present
ATT04342,EMP144,2025-10-28,08:24:49,17:37:00,8.0,0.0,Present
ATT04343,EMP145,2025-10-28,08:19:26,17:31:00,8.0,0.0,Present
ATT04344,EMP146,2025-10-28,08:29:11,20:38:00,10.5,2.5,Present
ATT04345,EMP147,2025-10-28,08:15:00,17:37:00,8.0,0.0,Present
ATT04346,EMP148,2025-10-28,08:25:40,17:45:00,8.0,0.0,Present
ATT04347,EMP149,2025-10-28,08:23:11,20:07:00,10.0,2.0,Present
ATT04348,EMP151,2025-10-28,08:33:38,19:07:00,9.0,1.0,Present
ATT04349,EMP152,2025-10-28,08:17:16,17:31:00,8.0,0.0,Present
ATT04350,EMP153,2025-10-28,08:28:47,19:44:00,9.5,1.5,Present
ATT04351,EMP155,2025-10-28,08:31:16,17:44:00,8.0,0.0,Present
ATT04352,EMP156,2025-10-28,08:27:05,17:44:00,8.0,0.0,Present
ATT04353,EMP157,2025-10-28,08:26:56,17:43:00,8.0,0.0,Present
ATT04354,EMP158,2025-10-28,08:19:43,17:37:00,8.0,0.0,Present
ATT04355,EMP159,2025-10-28,08:17:23,17:32:00,8.0,0.0,Present
ATT04356,EMP160,2025-10-28,08:31:47,17:31:00,8.0,0.0,Present
ATT04357,EMP162,2025-10-28,08:40:00,17:44:00,7.8,0.0,Late
ATT04358,EMP163,2025-10-28,08:20:36,17:30:00,8.0,0.0,Present
ATT04359,EMP164,2025-10-28,08:24:21,20:42:00,10.5,2.5,Present
ATT04360,EMP165,2025-10-28,08:22:23,17:43:00,8.0,0.0,Present
ATT04361,EMP166,2025-10-28,08:16:14,17:44:00,8.0,0.0,Present
ATT04362,EMP167,2025-10-28,08:28:37,17:36:00,8.0,0.0,Present
ATT04363,EMP168,2025-10-28,08:30:41,17:36:00,8.0,0.0,Present
ATT04364,EMP169,2025-10-28,08:27:30,17:33:00,8.0,0.0,Present
ATT04365,EMP170,2025-10-28,08:19:11,17:43:00,8.0,0.0,Present
ATT04366,EMP171,2025-10-28,08:30:58,17:38:00,8.0,0.0,Present
ATT04367,EMP172,2025-10-28,08:34:01,17:44:00,8.0,0.0,Present
ATT04368,EMP173,2025-10-28,08:31:27,17:46:00,8.0,0.0,Present
ATT04369,EMP175,2025-10-28,08:34:51,17:42:00,8.0,0.0,Present
ATT04370,EMP176,2025-10-28,08:21:36,17:39:00,8.0,0.0,Present
ATT04371,EMP178,2025-10-28,08:20:44,17:49:00,8.0,0.0,Present
ATT04372,EMP179,2025-10-28,08:31:48,17:42:00,8.0,0.0,Present
ATT04373,EMP180,2025-10-28,08:25:51,17:40:00,8.0,0.0,Present
ATT04374,EMP181,2025-10-28,08:24:36,19:14:00,9.0,1.0,Present
ATT04375,EMP182,2025-10-28,08:32:27,17:32:00,8.0,0.0,Present
ATT04376,EMP183,2025-10-28,08:27:43,17:30:00,8.0,0.0,Present
ATT04377,EMP185,2025-10-28,08:21:11,17:32:00,8.0,0.0,Present
ATT04378,EMP186,2025-10-28,08:20:36,17:30:00,8.0,0.0,Present
ATT04379,EMP187,2025-10-28,08:33:37,19:05:00,9.0,1.0,Present
ATT04380,EMP188,2025-10-28,08:32:09,17:40:00,8.0,0.0,Present
ATT04381,EMP189,2025-10-28,,,0.0,0.0,On Leave
ATT04382,EMP191,2025-10-28,08:22:29,19:13:00,9.0,1.0,Present
ATT04383,EMP192,2025-10-28,08:24:39,17:42:00,8.0,0.0,Present
ATT04384,EMP193,2025-10-28,08:20:01,17:48:00,8.0,0.0,Present
ATT04385,EMP195,2025-10-28,08:22:56,19:40:00,9.5,1.5,Present
ATT04386,EMP196,2025-10-28,08:34:44,20:11:00,10.0,2.0,Present
ATT04387,EMP197,2025-10-28,08:34:26,17:42:00,8.0,0.0,Present
ATT04388,EMP198,2025-10-28,08:17:39,17:47:00,8.0,0.0,Present
ATT04389,EMP201,2025-10-28,08:15:23,17:49:00,8.0,0.0,Present
ATT04390,EMP202,2025-10-28,08:23:14,17:46:00,8.0,0.0,Present
ATT04391,EMP203,2025-10-28,08:23:42,17:31:00,8.0,0.0,Present
ATT04392,EMP204,2025-10-28,08:17:29,17:33:00,8.0,0.0,Present
ATT04393,EMP205,2025-10-28,08:31:55,17:42:00,8.0,0.0,Present
ATT04394,EMP206,2025-10-28,08:23:42,17:33:00,8.0,0.0,Present
ATT04395,EMP207,2025-10-28,08:31:37,17:31:00,8.0,0.0,Present
ATT04396,EMP208,2025-10-28,08:23:56,17:34:00,8.0,0.0,Present
ATT04397,EMP209,2025-10-28,08:52:00,17:32:00,7.6,0.0,Late
ATT04398,EMP210,2025-10-28,08:21:28,17:33:00,8.0,0.0,Present
ATT04399,EMP211,2025-10-28,08:34:09,17:39:00,8.0,0.0,Present
ATT04400,EMP212,2025-10-28,08:16:13,19:02:00,9.0,1.0,Present
ATT04401,EMP213,2025-10-28,08:27:09,17:49:00,8.0,0.0,Present
ATT04402,EMP214,2025-10-28,08:28:00,15:41:00,5.5,0.0,Early Departure
ATT04403,EMP215,2025-10-28,08:24:53,17:46:00,8.0,0.0,Present
ATT04404,EMP216,2025-10-28,08:15:42,17:44:00,8.0,0.0,Present
ATT04405,EMP217,2025-10-28,08:31:42,17:40:00,8.0,0.0,Present
ATT04406,EMP218,2025-10-28,08:22:00,16:40:00,6.5,0.0,Early Departure
ATT04407,EMP219,2025-10-28,08:17:26,17:43:00,8.0,0.0,Present
ATT04408,EMP220,2025-10-28,08:39:00,17:53:00,7.8,0.0,Late
ATT04409,EMP221,2025-10-28,08:27:54,20:42:00,10.5,2.5,Present
ATT04410,EMP222,2025-10-28,08:15:35,19:30:00,9.5,1.5,Present
ATT04411,EMP223,2025-10-28,08:18:29,19:43:00,9.5,1.5,Present
ATT04412,EMP224,2025-10-28,08:23:17,17:40:00,8.0,0.0,Present
ATT04413,EMP225,2025-10-28,08:27:40,17:50:00,8.0,0.0,Present
ATT04414,EMP226,2025-10-28,08:31:43,17:45:00,8.0,0.0,Present
ATT04415,EMP227,2025-10-28,08:38:00,17:35:00,7.9,0.0,Late
ATT04416,EMP228,2025-10-28,08:24:51,17:34:00,8.0,0.0,Present
ATT04417,EMP229,2025-10-28,08:26:13,17:30:00,8.0,0.0,Present
ATT04418,EMP230,2025-10-28,08:19:14,17:37:00,8.0,0.0,Present
ATT04419,EMP231,2025-10-28,08:32:58,17:44:00,8.0,0.0,Present
ATT04420,EMP232,2025-10-28,08:16:15,17:50:00,8.0,0.0,Present
ATT04421,EMP233,2025-10-28,08:15:08,17:39:00,8.0,0.0,Present
ATT04422,EMP234,2025-10-28,08:25:08,17:39:00,8.0,0.0,Present
ATT04423,EMP235,2025-10-28,08:26:14,17:43:00,8.0,0.0,Present
ATT04424,EMP236,2025-10-28,08:17:44,17:44:00,8.0,0.0,Present
ATT04425,EMP237,2025-10-28,08:23:43,19:42:00,9.5,1.5,Present
ATT04426,EMP239,2025-10-28,08:23:53,17:46:00,8.0,0.0,Present
ATT04427,EMP240,2025-10-28,08:18:22,17:48:00,8.0,0.0,Present
ATT04428,EMP241,2025-10-28,08:30:15,17:38:00,8.0,0.0,Present
ATT04429,EMP242,2025-10-28,08:48:00,17:43:00,7.7,0.0,Late
ATT04430,EMP243,2025-10-28,08:21:08,17:31:00,8.0,0.0,Present
ATT04431,EMP244,2025-10-28,08:29:38,17:46:00,8.0,0.0,Present
ATT04432,EMP245,2025-10-28,08:33:04,20:15:00,10.0,2.0,Present
ATT04433,EMP246,2025-10-28,,,0.0,0.0,On Leave
ATT04434,EMP249,2025-10-28,08:20:08,17:38:00,8.0,0.0,Present
ATT04435,EMP250,2025-10-28,08:31:24,20:34:00,10.5,2.5,Present
ATT04436,EMP001,2025-10-29,08:28:25,20:43:00,10.5,2.5,Present
ATT04437,EMP002,2025-10-29,08:26:24,17:48:00,8.0,0.0,Present
ATT04438,EMP003,2025-10-29,08:55:00,17:51:00,7.6,0.0,Late
ATT04439,EMP004,2025-10-29,08:33:58,17:47:00,8.0,0.0,Present
ATT04440,EMP005,2025-10-29,08:25:48,17:45:00,8.0,0.0,Present
ATT04441,EMP006,2025-10-29,08:27:35,17:45:00,8.0,0.0,Present
ATT04442,EMP007,2025-10-29,08:20:23,17:43:00,8.0,0.0,Present
ATT04443,EMP008,2025-10-29,08:18:15,17:35:00,8.0,0.0,Present
ATT04444,EMP009,2025-10-29,08:23:57,17:37:00,8.0,0.0,Present
ATT04445,EMP010,2025-10-29,08:21:38,17:36:00,8.0,0.0,Present
ATT04446,EMP011,2025-10-29,,,0.0,0.0,On Leave
ATT04447,EMP012,2025-10-29,08:19:08,17:30:00,8.0,0.0,Present
ATT04448,EMP013,2025-10-29,08:17:18,17:50:00,8.0,0.0,Present
ATT04449,EMP014,2025-10-29,,,0.0,0.0,On Leave
ATT04450,EMP015,2025-10-29,08:27:09,17:32:00,8.0,0.0,Present
ATT04451,EMP016,2025-10-29,08:24:00,15:54:00,5.5,0.0,Early Departure
ATT04452,EMP019,2025-10-29,08:24:46,17:32:00,8.0,0.0,Present
ATT04453,EMP020,2025-10-29,08:18:01,17:48:00,8.0,0.0,Present
ATT04454,EMP021,2025-10-29,08:19:57,17:47:00,8.0,0.0,Present
ATT04455,EMP022,2025-10-29,08:16:37,17:43:00,8.0,0.0,Present
ATT04456,EMP023,2025-10-29,08:27:19,19:39:00,9.5,1.5,Present
ATT04457,EMP024,2025-10-29,08:46:00,17:49:00,7.7,0.0,Late
ATT04458,EMP025,2025-10-29,,,0.0,0.0,On Leave
ATT04459,EMP026,2025-10-29,08:16:33,20:07:00,10.0,2.0,Present
ATT04460,EMP027,2025-10-29,08:30:27,17:33:00,8.0,0.0,Present
ATT04461,EMP028,2025-10-29,08:23:35,17:42:00,8.0,0.0,Present
ATT04462,EMP029,2025-10-29,08:33:52,17:31:00,8.0,0.0,Present
ATT04463,EMP030,2025-10-29,08:26:25,17:30:00,8.0,0.0,Present
ATT04464,EMP031,2025-10-29,08:26:15,17:30:00,8.0,0.0,Present
ATT04465,EMP032,2025-10-29,08:28:26,20:40:00,10.5,2.5,Present
ATT04466,EMP035,2025-10-29,,,0.0,0.0,On Leave
ATT04467,EMP036,2025-10-29,08:24:54,17:39:00,8.0,0.0,Present
ATT04468,EMP038,2025-10-29,08:24:31,17:35:00,8.0,0.0,Present
ATT04469,EMP040,2025-10-29,08:17:42,20:12:00,10.0,2.0,Present
ATT04470,EMP041,2025-10-29,08:16:31,17:36:00,8.0,0.0,Present
ATT04471,EMP042,2025-10-29,08:17:31,17:41:00,8.0,0.0,Present
ATT04472,EMP043,2025-10-29,08:28:05,17:35:00,8.0,0.0,Present
ATT04473,EMP044,2025-10-29,,,0.0,0.0,On Leave
ATT04474,EMP045,2025-10-29,08:25:53,17:48:00,8.0,0.0,Present
ATT04475,EMP047,2025-10-29,08:17:37,20:36:00,10.5,2.5,Present
ATT04476,EMP048,2025-10-29,08:16:12,17:35:00,8.0,0.0,Present
ATT04477,EMP049,2025-10-29,08:24:17,17:39:00,8.0,0.0,Present
ATT04478,EMP050,2025-10-29,08:15:49,17:43:00,8.0,0.0,Present
ATT04479,EMP051,2025-10-29,08:32:26,17:37:00,8.0,0.0,Present
ATT04480,EMP052,2025-10-29,08:17:59,17:30:00,8.0,0.0,Present
ATT04481,EMP053,2025-10-29,08:30:26,17:49:00,8.0,0.0,Present
ATT04482,EMP054,2025-10-29,08:30:40,20:02:00,10.0,2.0,Present
ATT04483,EMP055,2025-10-29,08:22:42,20:02:00,10.0,2.0,Present
ATT04484,EMP056,2025-10-29,08:27:12,17:31:00,8.0,0.0,Present
ATT04485,EMP057,2025-10-29,08:17:35,17:46:00,8.0,0.0,Present
ATT04486,EMP058,2025-10-29,08:26:34,17:33:00,8.0,0.0,Present
ATT04487,EMP059,2025-10-29,08:29:16,17:49:00,8.0,0.0,Present
ATT04488,EMP060,2025-10-29,08:26:15,17:33:00,8.0,0.0,Present
ATT04489,EMP062,2025-10-29,08:37:00,17:50:00,7.9,0.0,Late
ATT04490,EMP063,2025-10-29,08:30:00,19:07:00,9.0,1.0,Present
ATT04491,EMP064,2025-10-29,08:36:00,17:52:00,7.9,0.0,Late
ATT04492,EMP065,2025-10-29,08:24:07,17:30:00,8.0,0.0,Present
ATT04493,EMP069,2025-10-29,,,0.0,0.0,Absent
ATT04494,EMP070,2025-10-29,08:32:09,19:06:00,9.0,1.0,Present
ATT04495,EMP071,2025-10-29,08:27:49,19:07:00,9.0,1.0,Present
ATT04496,EMP072,2025-10-29,08:32:35,17:38:00,8.0,0.0,Present
ATT04497,EMP074,2025-10-29,08:15:42,17:47:00,8.0,0.0,Present
ATT04498,EMP075,2025-10-29,08:27:20,20:02:00,10.0,2.0,Present
ATT04499,EMP076,2025-10-29,,,0.0,0.0,On Leave
ATT04500,EMP077,2025-10-29,08:28:45,17:36:00,8.0,0.0,Present
ATT04501,EMP078,2025-10-29,08:25:46,17:36:00,8.0,0.0,Present
ATT04502,EMP079,2025-10-29,08:21:38,17:39:00,8.0,0.0,Present
ATT04503,EMP080,2025-10-29,08:15:32,17:31:00,8.0,0.0,Present
ATT04504,EMP083,2025-10-29,08:28:31,20:31:00,10.5,2.5,Present
ATT04505,EMP084,2025-10-29,08:16:43,17:49:00,8.0,0.0,Present
ATT04506,EMP085,2025-10-29,08:17:34,17:50:00,8.0,0.0,Present
ATT04507,EMP086,2025-10-29,08:45:00,17:37:00,7.8,0.0,Late
ATT04508,EMP087,2025-10-29,08:21:43,17:34:00,8.0,0.0,Present
ATT04509,EMP088,2025-10-29,08:27:06,20:10:00,10.0,2.0,Present
ATT04510,EMP089,2025-10-29,08:25:10,17:37:00,8.0,0.0,Present
ATT04511,EMP090,2025-10-29,08:18:07,17:42:00,8.0,0.0,Present
ATT04512,EMP091,2025-10-29,08:29:51,17:35:00,8.0,0.0,Present
ATT04513,EMP092,2025-10-29,08:25:14,17:45:00,8.0,0.0,Present
ATT04514,EMP093,2025-10-29,08:30:30,17:41:00,8.0,0.0,Present
ATT04515,EMP094,2025-10-29,08:24:30,17:31:00,8.0,0.0,Present
ATT04516,EMP095,2025-10-29,08:19:58,17:36:00,8.0,0.0,Present
ATT04517,EMP096,2025-10-29,08:17:18,17:32:00,8.0,0.0,Present
ATT04518,EMP097,2025-10-29,08:33:21,17:48:00,8.0,0.0,Present
ATT04519,EMP098,2025-10-29,08:30:51,17:43:00,8.0,0.0,Present
ATT04520,EMP099,2025-10-29,08:28:11,17:48:00,8.0,0.0,Present
ATT04521,EMP100,2025-10-29,08:15:23,17:30:00,8.0,0.0,Present
ATT04522,EMP101,2025-10-29,08:27:04,17:39:00,8.0,0.0,Present
ATT04523,EMP102,2025-10-29,08:26:31,17:44:00,8.0,0.0,Present
ATT04524,EMP103,2025-10-29,08:27:33,17:40:00,8.0,0.0,Present
ATT04525,EMP104,2025-10-29,08:37:00,17:42:00,7.9,0.0,Late
ATT04526,EMP105,2025-10-29,08:27:25,17:30:00,8.0,0.0,Present
ATT04527,EMP106,2025-10-29,08:19:46,17:50:00,8.0,0.0,Present
ATT04528,EMP107,2025-10-29,08:28:17,17:49:00,8.0,0.0,Present
ATT04529,EMP108,2025-10-29,08:18:00,17:48:00,8.0,0.0,Present
ATT04530,EMP109,2025-10-29,08:18:10,19:30:00,9.5,1.5,Present
ATT04531,EMP110,2025-10-29,08:19:01,17:40:00,8.0,0.0,Present
ATT04532,EMP111,2025-10-29,08:21:49,17:41:00,8.0,0.0,Present
ATT04533,EMP112,2025-10-29,08:34:23,17:33:00,8.0,0.0,Present
ATT04534,EMP113,2025-10-29,08:20:25,20:31:00,10.5,2.5,Present
ATT04535,EMP114,2025-10-29,08:29:22,17:45:00,8.0,0.0,Present
ATT04536,EMP115,2025-10-29,08:46:00,17:38:00,7.7,0.0,Late
ATT04537,EMP116,2025-10-29,08:33:08,20:09:00,10.0,2.0,Present
ATT04538,EMP117,2025-10-29,08:25:14,17:33:00,8.0,0.0,Present
ATT04539,EMP120,2025-10-29,08:32:07,17:49:00,8.0,0.0,Present
ATT04540,EMP121,2025-10-29,08:26:33,17:39:00,8.0,0.0,Present
ATT04541,EMP122,2025-10-29,08:27:25,19:41:00,9.5,1.5,Present
ATT04542,EMP123,2025-10-29,08:30:39,17:40:00,8.0,0.0,Present
ATT04543,EMP124,2025-10-29,08:27:00,17:43:00,8.0,0.0,Present
ATT04544,EMP126,2025-10-29,08:28:53,20:30:00,10.5,2.5,Present
ATT04545,EMP127,2025-10-29,08:24:28,17:34:00,8.0,0.0,Present
ATT04546,EMP128,2025-10-29,08:27:01,20:02:00,10.0,2.0,Present
ATT04547,EMP129,2025-10-29,08:26:01,19:30:00,9.5,1.5,Present
ATT04548,EMP130,2025-10-29,08:22:43,17:32:00,8.0,0.0,Present
ATT04549,EMP131,2025-10-29,08:18:20,17:41:00,8.0,0.0,Present
ATT04550,EMP132,2025-10-29,08:33:03,17:35:00,8.0,0.0,Present
ATT04551,EMP133,2025-10-29,08:17:13,17:40:00,8.0,0.0,Present
ATT04552,EMP134,2025-10-29,08:33:16,20:38:00,10.5,2.5,Present
ATT04553,EMP135,2025-10-29,08:26:13,20:14:00,10.0,2.0,Present
ATT04554,EMP136,2025-10-29,08:25:46,17:48:00,8.0,0.0,Present
ATT04555,EMP137,2025-10-29,08:38:00,17:54:00,7.9,0.0,Late
ATT04556,EMP138,2025-10-29,08:31:40,17:42:00,8.0,0.0,Present
ATT04557,EMP139,2025-10-29,08:24:54,17:48:00,8.0,0.0,Present
ATT04558,EMP141,2025-10-29,08:25:24,17:47:00,8.0,0.0,Present
ATT04559,EMP142,2025-10-29,08:25:45,17:38:00,8.0,0.0,Present
ATT04560,EMP143,2025-10-29,08:32:29,17:30:00,8.0,0.0,Present
ATT04561,EMP144,2025-10-29,08:29:03,17:37:00,8.0,0.0,Present
ATT04562,EMP145,2025-10-29,,,0.0,0.0,Absent
ATT04563,EMP146,2025-10-29,08:30:51,17:47:00,8.0,0.0,Present
ATT04564,EMP147,2025-10-29,08:15:51,17:48:00,8.0,0.0,Present
ATT04565,EMP148,2025-10-29,08:15:38,17:45:00,8.0,0.0,Present
ATT04566,EMP149,2025-10-29,08:21:54,17:49:00,8.0,0.0,Present
ATT04567,EMP151,2025-10-29,08:21:50,17:36:00,8.0,0.0,Present
ATT04568,EMP152,2025-10-29,08:27:18,17:35:00,8.0,0.0,Present
ATT04569,EMP153,2025-10-29,08:19:20,17:35:00,8.0,0.0,Present
ATT04570,EMP155,2025-10-29,08:29:24,17:48:00,8.0,0.0,Present
ATT04571,EMP156,2025-10-29,08:23:10,17:37:00,8.0,0.0,Present
ATT04572,EMP157,2025-10-29,08:20:14,17:40:00,8.0,0.0,Present
ATT04573,EMP158,2025-10-29,08:16:08,17:35:00,8.0,0.0,Present
ATT04574,EMP159,2025-10-29,08:18:16,17:30:00,8.0,0.0,Present
ATT04575,EMP160,2025-10-29,08:34:12,17:35:00,8.0,0.0,Present
ATT04576,EMP162,2025-10-29,08:24:08,17:39:00,8.0,0.0,Present
ATT04577,EMP163,2025-10-29,08:17:38,17:34:00,8.0,0.0,Present
ATT04578,EMP164,2025-10-29,08:36:00,17:55:00,7.9,0.0,Late
ATT04579,EMP165,2025-10-29,08:25:52,17:32:00,8.0,0.0,Present
ATT04580,EMP166,2025-10-29,08:23:44,17:42:00,8.0,0.0,Present
ATT04581,EMP167,2025-10-29,08:29:20,17:49:00,8.0,0.0,Present
ATT04582,EMP168,2025-10-29,08:21:35,17:33:00,8.0,0.0,Present
ATT04583,EMP169,2025-10-29,08:27:50,17:37:00,8.0,0.0,Present
ATT04584,EMP170,2025-10-29,08:19:11,17:43:00,8.0,0.0,Present
ATT04585,EMP171,2025-10-29,,,0.0,0.0,Absent
ATT04586,EMP172,2025-10-29,08:19:58,20:44:00,10.5,2.5,Present
ATT04587,EMP173,2025-10-29,08:21:04,17:46:00,8.0,0.0,Present
ATT04588,EMP175,2025-10-29,08:16:25,17:39:00,8.0,0.0,Present
ATT04589,EMP176,2025-10-29,08:15:59,17:30:00,8.0,0.0,Present
ATT04590,EMP178,2025-10-29,08:26:03,17:31:00,8.0,0.0,Present
ATT04591,EMP179,2025-10-29,08:25:10,17:39:00,8.0,0.0,Present
ATT04592,EMP180,2025-10-29,08:24:05,17:31:00,8.0,0.0,Present
ATT04593,EMP181,2025-10-29,08:24:46,20:38:00,10.5,2.5,Present
ATT04594,EMP182,2025-10-29,08:28:30,17:41:00,8.0,0.0,Present
ATT04595,EMP183,2025-10-29,08:28:29,17:41:00,8.0,0.0,Present
ATT04596,EMP185,2025-10-29,08:15:53,17:35:00,8.0,0.0,Present
ATT04597,EMP186,2025-10-29,08:16:15,17:36:00,8.0,0.0,Present
ATT04598,EMP187,2025-10-29,08:26:40,17:42:00,8.0,0.0,Present
ATT04599,EMP188,2025-10-29,08:44:00,17:43:00,7.8,0.0,Late
ATT04600,EMP189,2025-10-29,08:24:36,17:40:00,8.0,0.0,Present
ATT04601,EMP191,2025-10-29,08:33:13,19:45:00,9.5,1.5,Present
ATT04602,EMP192,2025-10-29,08:32:45,17:49:00,8.0,0.0,Present
ATT04603,EMP193,2025-10-29,08:23:38,17:46:00,8.0,0.0,Present
ATT04604,EMP195,2025-10-29,08:33:47,17:40:00,8.0,0.0,Present
ATT04605,EMP196,2025-10-29,08:15:55,17:36:00,8.0,0.0,Present
ATT04606,EMP197,2025-10-29,08:28:49,17:39:00,8.0,0.0,Present
ATT04607,EMP198,2025-10-29,08:19:47,17:48:00,8.0,0.0,Present
ATT04608,EMP201,2025-10-29,08:27:06,19:32:00,9.5,1.5,Present
ATT04609,EMP202,2025-10-29,08:18:21,17:47:00,8.0,0.0,Present
ATT04610,EMP203,2025-10-29,08:43:00,17:38:00,7.8,0.0,Late
ATT04611,EMP204,2025-10-29,08:17:11,17:43:00,8.0,0.0,Present
ATT04612,EMP205,2025-10-29,08:20:08,17:48:00,8.0,0.0,Present
ATT04613,EMP206,2025-10-29,,,0.0,0.0,On Leave
ATT04614,EMP207,2025-10-29,08:24:31,17:50:00,8.0,0.0,Present
ATT04615,EMP208,2025-10-29,08:27:45,17:46:00,8.0,0.0,Present
ATT04616,EMP209,2025-10-29,08:17:54,17:46:00,8.0,0.0,Present
ATT04617,EMP210,2025-10-29,08:19:13,17:50:00,8.0,0.0,Present
ATT04618,EMP211,2025-10-29,08:30:03,17:47:00,8.0,0.0,Present
ATT04619,EMP212,2025-10-29,,,0.0,0.0,On Leave
ATT04620,EMP213,2025-10-29,08:27:33,19:06:00,9.0,1.0,Present
ATT04621,EMP214,2025-10-29,08:23:36,17:42:00,8.0,0.0,Present
ATT04622,EMP215,2025-10-29,08:33:38,17:38:00,8.0,0.0,Present
ATT04623,EMP216,2025-10-29,08:25:32,17:44:00,8.0,0.0,Present
ATT04624,EMP217,2025-10-29,08:33:49,17:36:00,8.0,0.0,Present
ATT04625,EMP218,2025-10-29,08:53:00,17:37:00,7.6,0.0,Late
ATT04626,EMP219,2025-10-29,,,0.0,0.0,On Leave
ATT04627,EMP220,2025-10-29,08:29:09,17:33:00,8.0,0.0,Present
ATT04628,EMP221,2025-10-29,08:32:03,17:34:00,8.0,0.0,Present
ATT04629,EMP222,2025-10-29,08:27:25,19:13:00,9.0,1.0,Present
ATT04630,EMP223,2025-10-29,08:25:46,17:46:00,8.0,0.0,Present
ATT04631,EMP224,2025-10-29,08:23:21,17:46:00,8.0,0.0,Present
ATT04632,EMP225,2025-10-29,08:25:00,16:48:00,6.5,0.0,Early Departure
ATT04633,EMP226,2025-10-29,08:30:22,19:38:00,9.5,1.5,Present
ATT04634,EMP227,2025-10-29,08:23:00,20:44:00,10.5,2.5,Present
ATT04635,EMP228,2025-10-29,08:28:51,17:34:00,8.0,0.0,Present
ATT04636,EMP229,2025-10-29,08:16:22,20:41:00,10.5,2.5,Present
ATT04637,EMP230,2025-10-29,08:18:09,20:09:00,10.0,2.0,Present
ATT04638,EMP231,2025-10-29,08:31:37,17:39:00,8.0,0.0,Present
ATT04639,EMP232,2025-10-29,08:21:12,17:47:00,8.0,0.0,Present
ATT04640,EMP233,2025-10-29,,,0.0,0.0,Absent
ATT04641,EMP234,2025-10-29,08:22:53,17:45:00,8.0,0.0,Present
ATT04642,EMP235,2025-10-29,08:17:28,19:43:00,9.5,1.5,Present
ATT04643,EMP236,2025-10-29,08:34:19,17:38:00,8.0,0.0,Present
ATT04644,EMP237,2025-10-29,08:21:32,17:31:00,8.0,0.0,Present
ATT04645,EMP239,2025-10-29,08:25:46,19:30:00,9.5,1.5,Present
ATT04646,EMP240,2025-10-29,,,0.0,0.0,On Leave
ATT04647,EMP241,2025-10-29,08:23:47,20:00:00,10.0,2.0,Present
ATT04648,EMP242,2025-10-29,08:28:40,20:45:00,10.5,2.5,Present
ATT04649,EMP243,2025-10-29,08:33:56,17:38:00,8.0,0.0,Present
ATT04650,EMP244,2025-10-29,08:19:35,17:36:00,8.0,0.0,Present
ATT04651,EMP245,2025-10-29,08:34:17,17:39:00,8.0,0.0,Present
ATT04652,EMP246,2025-10-29,08:16:29,17:42:00,8.0,0.0,Present
ATT04653,EMP249,2025-10-29,08:30:19,17:30:00,8.0,0.0,Present
ATT04654,EMP250,2025-10-29,08:30:40,17:37:00,8.0,0.0,Present
ATT04655,EMP001,2025-11-03,08:15:56,17:50:00,8.0,0.0,Present
ATT04656,EMP002,2025-11-03,08:16:08,17:43:00,8.0,0.0,Present
ATT04657,EMP003,2025-11-03,08:34:16,17:50:00,8.0,0.0,Present
ATT04658,EMP004,2025-11-03,08:16:51,17:32:00,8.0,0.0,Present
ATT04659,EMP005,2025-11-03,08:31:38,17:34:00,8.0,0.0,Present
ATT04660,EMP006,2025-11-03,08:23:39,17:30:00,8.0,0.0,Present
ATT04661,EMP007,2025-11-03,08:24:09,19:14:00,9.0,1.0,Present
ATT04662,EMP008,2025-11-03,08:30:18,17:44:00,8.0,0.0,Present
ATT04663,EMP009,2025-11-03,08:26:07,17:32:00,8.0,0.0,Present
ATT04664,EMP010,2025-11-03,08:28:47,17:46:00,8.0,0.0,Present
ATT04665,EMP011,2025-11-03,08:21:00,17:34:00,8.0,0.0,Present
ATT04666,EMP012,2025-11-03,08:25:50,17:42:00,8.0,0.0,Present
ATT04667,EMP013,2025-11-03,08:23:06,17:35:00,8.0,0.0,Present
ATT04668,EMP014,2025-11-03,08:22:10,17:43:00,8.0,0.0,Present
ATT04669,EMP015,2025-11-03,08:26:46,17:49:00,8.0,0.0,Present
ATT04670,EMP016,2025-11-03,08:20:29,17:45:00,8.0,0.0,Present
ATT04671,EMP019,2025-11-03,08:31:13,20:36:00,10.5,2.5,Present
ATT04672,EMP020,2025-11-03,08:27:25,19:32:00,9.5,1.5,Present
ATT04673,EMP021,2025-11-03,08:31:59,17:32:00,8.0,0.0,Present
ATT04674,EMP022,2025-11-03,08:31:09,17:34:00,8.0,0.0,Present
ATT04675,EMP023,2025-11-03,08:47:00,17:40:00,7.7,0.0,Late
ATT04676,EMP024,2025-11-03,08:28:39,17:30:00,8.0,0.0,Present
ATT04677,EMP025,2025-11-03,08:40:00,17:37:00,7.8,0.0,Late
ATT04678,EMP026,2025-11-03,08:19:14,17:33:00,8.0,0.0,Present
ATT04679,EMP027,2025-11-03,08:31:37,19:35:00,9.5,1.5,Present
ATT04680,EMP028,2025-11-03,08:33:03,20:40:00,10.5,2.5,Present
ATT04681,EMP029,2025-11-03,08:32:40,17:31:00,8.0,0.0,Present
ATT04682,EMP030,2025-11-03,08:32:17,17:44:00,8.0,0.0,Present
ATT04683,EMP031,2025-11-03,08:23:04,17:44:00,8.0,0.0,Present
ATT04684,EMP032,2025-11-03,08:25:20,17:46:00,8.0,0.0,Present
ATT04685,EMP035,2025-11-03,08:32:34,17:31:00,8.0,0.0,Present
ATT04686,EMP036,2025-11-03,08:21:29,17:41:00,8.0,0.0,Present
ATT04687,EMP038,2025-11-03,08:25:31,17:47:00,8.0,0.0,Present
ATT04688,EMP040,2025-11-03,08:26:32,17:50:00,8.0,0.0,Present
ATT04689,EMP041,2025-11-03,08:27:52,17:46:00,8.0,0.0,Present
ATT04690,EMP042,2025-11-03,08:31:28,17:46:00,8.0,0.0,Present
ATT04691,EMP043,2025-11-03,08:19:01,17:42:00,8.0,0.0,Present
ATT04692,EMP044,2025-11-03,08:22:37,17:33:00,8.0,0.0,Present
ATT04693,EMP045,2025-11-03,08:34:01,17:40:00,8.0,0.0,Present
ATT04694,EMP047,2025-11-03,08:32:56,17:33:00,8.0,0.0,Present
ATT04695,EMP048,2025-11-03,08:33:41,17:46:00,8.0,0.0,Present
ATT04696,EMP049,2025-11-03,08:18:32,17:30:00,8.0,0.0,Present
ATT04697,EMP050,2025-11-03,08:30:00,17:42:00,8.0,0.0,Present
ATT04698,EMP051,2025-11-03,08:34:02,17:31:00,8.0,0.0,Present
ATT04699,EMP052,2025-11-03,08:19:14,17:34:00,8.0,0.0,Present
ATT04700,EMP053,2025-11-03,08:19:24,17:37:00,8.0,0.0,Present
ATT04701,EMP054,2025-11-03,08:31:42,17:43:00,8.0,0.0,Present
ATT04702,EMP055,2025-11-03,08:34:57,17:31:00,8.0,0.0,Present
ATT04703,EMP056,2025-11-03,08:25:02,17:40:00,8.0,0.0,Present
ATT04704,EMP057,2025-11-03,08:34:26,17:37:00,8.0,0.0,Present
ATT04705,EMP058,2025-11-03,,,0.0,0.0,Absent
ATT04706,EMP059,2025-11-03,08:26:44,17:45:00,8.0,0.0,Present
ATT04707,EMP060,2025-11-03,08:18:49,19:33:00,9.5,1.5,Present
ATT04708,EMP062,2025-11-03,08:25:40,20:14:00,10.0,2.0,Present
ATT04709,EMP063,2025-11-03,08:16:22,19:15:00,9.0,1.0,Present
ATT04710,EMP064,2025-11-03,08:22:33,17:38:00,8.0,0.0,Present
ATT04711,EMP065,2025-11-03,08:24:23,17:47:00,8.0,0.0,Present
ATT04712,EMP069,2025-11-03,08:17:19,20:31:00,10.5,2.5,Present
ATT04713,EMP070,2025-11-03,08:18:48,19:40:00,9.5,1.5,Present
ATT04714,EMP071,2025-11-03,08:21:25,17:44:00,8.0,0.0,Present
ATT04715,EMP072,2025-11-03,08:27:52,17:47:00,8.0,0.0,Present
ATT04716,EMP074,2025-11-03,08:16:37,17:44:00,8.0,0.0,Present
ATT04717,EMP075,2025-11-03,08:32:03,17:34:00,8.0,0.0,Present
ATT04718,EMP076,2025-11-03,08:24:51,17:38:00,8.0,0.0,Present
ATT04719,EMP077,2025-11-03,08:31:18,17:45:00,8.0,0.0,Present
ATT04720,EMP078,2025-11-03,08:24:01,17:37:00,8.0,0.0,Present
ATT04721,EMP079,2025-11-03,08:28:46,17:39:00,8.0,0.0,Present
ATT04722,EMP080,2025-11-03,08:17:27,17:34:00,8.0,0.0,Present
ATT04723,EMP083,2025-11-03,08:30:13,17:46:00,8.0,0.0,Present
ATT04724,EMP084,2025-11-03,08:18:22,17:45:00,8.0,0.0,Present
ATT04725,EMP085,2025-11-03,08:20:38,17:34:00,8.0,0.0,Present
ATT04726,EMP086,2025-11-03,08:22:06,17:47:00,8.0,0.0,Present
ATT04727,EMP087,2025-11-03,08:21:45,19:10:00,9.0,1.0,Present
ATT04728,EMP088,2025-11-03,08:24:41,19:37:00,9.5,1.5,Present
ATT04729,EMP089,2025-11-03,08:17:24,17:41:00,8.0,0.0,Present
ATT04730,EMP090,2025-11-03,08:26:40,17:47:00,8.0,0.0,Present
ATT04731,EMP091,2025-11-03,08:28:51,17:44:00,8.0,0.0,Present
ATT04732,EMP092,2025-11-03,08:45:00,17:39:00,7.8,0.0,Late
ATT04733,EMP093,2025-11-03,08:30:45,17:35:00,8.0,0.0,Present
ATT04734,EMP094,2025-11-03,08:26:47,17:41:00,8.0,0.0,Present
ATT04735,EMP095,2025-11-03,08:17:58,17:38:00,8.0,0.0,Present
ATT04736,EMP096,2025-11-03,08:34:07,17:44:00,8.0,0.0,Present
ATT04737,EMP097,2025-11-03,08:15:10,17:32:00,8.0,0.0,Present
ATT04738,EMP098,2025-11-03,08:18:25,17:32:00,8.0,0.0,Present
ATT04739,EMP099,2025-11-03,08:24:57,17:37:00,8.0,0.0,Present
ATT04740,EMP100,2025-11-03,08:24:53,17:45:00,8.0,0.0,Present
ATT04741,EMP101,2025-11-03,08:16:45,17:47:00,8.0,0.0,Present
ATT04742,EMP102,2025-11-03,08:30:51,17:30:00,8.0,0.0,Present
ATT04743,EMP103,2025-11-03,08:19:37,17:34:00,8.0,0.0,Present
ATT04744,EMP104,2025-11-03,08:24:42,17:37:00,8.0,0.0,Present
ATT04745,EMP105,2025-11-03,,,0.0,0.0,On Leave
ATT04746,EMP106,2025-11-03,08:15:51,20:00:00,10.0,2.0,Present
ATT04747,EMP107,2025-11-03,08:33:24,17:35:00,8.0,0.0,Present
ATT04748,EMP108,2025-11-03,08:21:26,17:44:00,8.0,0.0,Present
ATT04749,EMP109,2025-11-03,08:27:26,17:32:00,8.0,0.0,Present
ATT04750,EMP110,2025-11-03,08:25:47,17:37:00,8.0,0.0,Present
ATT04751,EMP111,2025-11-03,08:16:08,17:34:00,8.0,0.0,Present
ATT04752,EMP112,2025-11-03,08:22:17,17:47:00,8.0,0.0,Present
ATT04753,EMP113,2025-11-03,08:21:46,17:43:00,8.0,0.0,Present
ATT04754,EMP114,2025-11-03,08:28:31,17:30:00,8.0,0.0,Present
ATT04755,EMP115,2025-11-03,08:29:39,19:39:00,9.5,1.5,Present
ATT04756,EMP116,2025-11-03,08:27:07,17:30:00,8.0,0.0,Present
ATT04757,EMP117,2025-11-03,08:21:15,17:41:00,8.0,0.0,Present
ATT04758,EMP120,2025-11-03,08:24:54,17:41:00,8.0,0.0,Present
ATT04759,EMP121,2025-11-03,08:24:08,17:42:00,8.0,0.0,Present
ATT04760,EMP122,2025-11-03,08:18:35,17:45:00,8.0,0.0,Present
ATT04761,EMP123,2025-11-03,08:27:13,20:12:00,10.0,2.0,Present
ATT04762,EMP124,2025-11-03,08:46:00,17:41:00,7.7,0.0,Late
ATT04763,EMP126,2025-11-03,08:20:40,20:42:00,10.5,2.5,Present
ATT04764,EMP127,2025-11-03,08:23:51,19:00:00,9.0,1.0,Present
ATT04765,EMP128,2025-11-03,08:32:20,19:40:00,9.5,1.5,Present
ATT04766,EMP129,2025-11-03,08:21:53,17:38:00,8.0,0.0,Present
ATT04767,EMP130,2025-11-03,08:23:56,17:45:00,8.0,0.0,Present
ATT04768,EMP131,2025-11-03,08:32:58,17:48:00,8.0,0.0,Present
ATT04769,EMP132,2025-11-03,08:30:48,17:37:00,8.0,0.0,Present
ATT04770,EMP133,2025-11-03,08:26:17,17:32:00,8.0,0.0,Present
ATT04771,EMP134,2025-11-03,08:30:18,17:36:00,8.0,0.0,Present
ATT04772,EMP135,2025-11-03,08:17:07,17:48:00,8.0,0.0,Present
ATT04773,EMP136,2025-11-03,08:31:29,17:40:00,8.0,0.0,Present
ATT04774,EMP137,2025-11-03,08:19:55,17:39:00,8.0,0.0,Present
ATT04775,EMP138,2025-11-03,08:25:18,17:45:00,8.0,0.0,Present
ATT04776,EMP139,2025-11-03,08:28:06,17:31:00,8.0,0.0,Present
ATT04777,EMP141,2025-11-03,08:26:32,19:15:00,9.0,1.0,Present
ATT04778,EMP142,2025-11-03,,,0.0,0.0,On Leave
ATT04779,EMP143,2025-11-03,08:21:37,19:02:00,9.0,1.0,Present
ATT04780,EMP144,2025-11-03,08:28:30,17:35:00,8.0,0.0,Present
ATT04781,EMP145,2025-11-03,08:15:31,17:32:00,8.0,0.0,Present
ATT04782,EMP146,2025-11-03,08:18:02,17:42:00,8.0,0.0,Present
ATT04783,EMP147,2025-11-03,08:25:27,17:40:00,8.0,0.0,Present
ATT04784,EMP148,2025-11-03,08:16:26,17:50:00,8.0,0.0,Present
ATT04785,EMP149,2025-11-03,08:19:55,17:48:00,8.0,0.0,Present
ATT04786,EMP151,2025-11-03,08:22:59,17:32:00,8.0,0.0,Present
ATT04787,EMP152,2025-11-03,08:23:11,17:36:00,8.0,0.0,Present
ATT04788,EMP153,2025-11-03,08:16:03,19:05:00,9.0,1.0,Present
ATT04789,EMP155,2025-11-03,08:26:00,16:41:00,6.5,0.0,Early Departure
ATT04790,EMP156,2025-11-03,08:25:58,17:40:00,8.0,0.0,Present
ATT04791,EMP157,2025-11-03,08:40:00,17:35:00,7.8,0.0,Late
ATT04792,EMP158,2025-11-03,08:18:06,17:34:00,8.0,0.0,Present
ATT04793,EMP159,2025-11-03,08:28:30,20:02:00,10.0,2.0,Present
ATT04794,EMP160,2025-11-03,08:33:36,19:12:00,9.0,1.0,Present
ATT04795,EMP162,2025-11-03,08:22:13,17:46:00,8.0,0.0,Present
ATT04796,EMP163,2025-11-03,08:19:54,19:01:00,9.0,1.0,Present
ATT04797,EMP164,2025-11-03,,,0.0,0.0,Absent
ATT04798,EMP165,2025-11-03,08:33:08,19:31:00,9.5,1.5,Present
ATT04799,EMP166,2025-11-03,08:19:41,19:02:00,9.0,1.0,Present
ATT04800,EMP167,2025-11-03,08:21:16,17:36:00,8.0,0.0,Present
ATT04801,EMP168,2025-11-03,08:18:12,17:35:00,8.0,0.0,Present
ATT04802,EMP169,2025-11-03,08:31:24,17:33:00,8.0,0.0,Present
ATT04803,EMP170,2025-11-03,08:20:15,17:38:00,8.0,0.0,Present
ATT04804,EMP171,2025-11-03,08:28:43,17:34:00,8.0,0.0,Present
ATT04805,EMP172,2025-11-03,08:20:32,17:39:00,8.0,0.0,Present
ATT04806,EMP173,2025-11-03,08:28:50,20:13:00,10.0,2.0,Present
ATT04807,EMP175,2025-11-03,08:23:11,17:48:00,8.0,0.0,Present
ATT04808,EMP176,2025-11-03,08:23:00,16:48:00,6.5,0.0,Early Departure
ATT04809,EMP178,2025-11-03,08:30:40,17:37:00,8.0,0.0,Present
ATT04810,EMP179,2025-11-03,08:33:35,17:41:00,8.0,0.0,Present
ATT04811,EMP180,2025-11-03,08:30:53,17:42:00,8.0,0.0,Present
ATT04812,EMP181,2025-11-03,08:17:21,17:42:00,8.0,0.0,Present
ATT04813,EMP182,2025-11-03,,,0.0,0.0,On Leave
ATT04814,EMP183,2025-11-03,08:25:36,17:38:00,8.0,0.0,Present
ATT04815,EMP185,2025-11-03,08:27:10,17:37:00,8.0,0.0,Present
ATT04816,EMP186,2025-11-03,08:31:03,17:43:00,8.0,0.0,Present
ATT04817,EMP187,2025-11-03,08:18:17,17:41:00,8.0,0.0,Present
ATT04818,EMP188,2025-11-03,08:27:54,17:41:00,8.0,0.0,Present
ATT04819,EMP189,2025-11-03,08:29:49,17:38:00,8.0,0.0,Present
ATT04820,EMP191,2025-11-03,08:48:00,17:43:00,7.7,0.0,Late
ATT04821,EMP192,2025-11-03,08:22:21,17:48:00,8.0,0.0,Present
ATT04822,EMP193,2025-11-03,08:28:08,17:48:00,8.0,0.0,Present
ATT04823,EMP195,2025-11-03,08:25:47,17:39:00,8.0,0.0,Present
ATT04824,EMP196,2025-11-03,08:27:31,17:34:00,8.0,0.0,Present
ATT04825,EMP197,2025-11-03,08:25:30,20:43:00,10.5,2.5,Present
ATT04826,EMP198,2025-11-03,08:30:00,15:20:00,5.5,0.0,Early Departure
ATT04827,EMP201,2025-11-03,08:24:26,17:46:00,8.0,0.0,Present
ATT04828,EMP202,2025-11-03,08:22:42,17:43:00,8.0,0.0,Present
ATT04829,EMP203,2025-11-03,08:27:46,17:39:00,8.0,0.0,Present
ATT04830,EMP204,2025-11-03,08:33:40,17:49:00,8.0,0.0,Present
ATT04831,EMP205,2025-11-03,08:32:50,17:43:00,8.0,0.0,Present
ATT04832,EMP206,2025-11-03,08:22:43,17:32:00,8.0,0.0,Present
ATT04833,EMP207,2025-11-03,08:31:41,20:32:00,10.5,2.5,Present
ATT04834,EMP208,2025-11-03,08:15:31,17:45:00,8.0,0.0,Present
ATT04835,EMP209,2025-11-03,08:16:30,17:30:00,8.0,0.0,Present
ATT04836,EMP210,2025-11-03,08:24:00,16:52:00,6.5,0.0,Early Departure
ATT04837,EMP211,2025-11-03,08:32:57,17:47:00,8.0,0.0,Present
ATT04838,EMP212,2025-11-03,08:48:00,17:53:00,7.7,0.0,Late
ATT04839,EMP213,2025-11-03,08:21:07,19:09:00,9.0,1.0,Present
ATT04840,EMP214,2025-11-03,08:21:37,17:44:00,8.0,0.0,Present
ATT04841,EMP215,2025-11-03,08:25:41,17:34:00,8.0,0.0,Present
ATT04842,EMP216,2025-11-03,08:20:24,17:39:00,8.0,0.0,Present
ATT04843,EMP217,2025-11-03,08:27:13,17:36:00,8.0,0.0,Present
ATT04844,EMP218,2025-11-03,08:29:08,17:48:00,8.0,0.0,Present
ATT04845,EMP219,2025-11-03,08:33:40,17:30:00,8.0,0.0,Present
ATT04846,EMP220,2025-11-03,08:33:16,17:32:00,8.0,0.0,Present
ATT04847,EMP221,2025-11-03,,,0.0,0.0,Absent
ATT04848,EMP222,2025-11-03,08:28:44,17:39:00,8.0,0.0,Present
ATT04849,EMP223,2025-11-03,08:17:39,17:30:00,8.0,0.0,Present
ATT04850,EMP224,2025-11-03,08:32:14,17:37:00,8.0,0.0,Present
ATT04851,EMP225,2025-11-03,08:16:06,17:33:00,8.0,0.0,Present
ATT04852,EMP226,2025-11-03,08:33:01,19:38:00,9.5,1.5,Present
ATT04853,EMP227,2025-11-03,08:16:48,17:36:00,8.0,0.0,Present
ATT04854,EMP228,2025-11-03,08:23:17,17:43:00,8.0,0.0,Present
ATT04855,EMP229,2025-11-03,08:21:43,17:33:00,8.0,0.0,Present
ATT04856,EMP230,2025-11-03,08:33:34,17:38:00,8.0,0.0,Present
ATT04857,EMP231,2025-11-03,08:16:04,17:45:00,8.0,0.0,Present
ATT04858,EMP232,2025-11-03,08:16:04,17:47:00,8.0,0.0,Present
ATT04859,EMP233,2025-11-03,08:27:00,17:48:00,8.0,0.0,Present
ATT04860,EMP234,2025-11-03,08:33:42,17:30:00,8.0,0.0,Present
ATT04861,EMP235,2025-11-03,08:24:41,17:35:00,8.0,0.0,Present
ATT04862,EMP236,2025-11-03,08:37:00,17:34:00,7.9,0.0,Late
ATT04863,EMP237,2025-11-03,08:28:54,17:33:00,8.0,0.0,Present
ATT04864,EMP239,2025-11-03,08:32:02,17:32:00,8.0,0.0,Present
ATT04865,EMP240,2025-11-03,08:34:02,17:34:00,8.0,0.0,Present
ATT04866,EMP241,2025-11-03,08:21:16,17:40:00,8.0,0.0,Present
ATT04867,EMP242,2025-11-03,08:23:56,19:06:00,9.0,1.0,Present
ATT04868,EMP243,2025-11-03,08:17:27,20:33:00,10.5,2.5,Present
ATT04869,EMP244,2025-11-03,08:33:06,17:47:00,8.0,0.0,Present
ATT04870,EMP245,2025-11-03,08:17:20,17:33:00,8.0,0.0,Present
ATT04871,EMP246,2025-11-03,08:17:50,17:36:00,8.0,0.0,Present
ATT04872,EMP249,2025-11-03,08:18:37,17:30:00,8.0,0.0,Present
ATT04873,EMP250,2025-11-03,,,0.0,0.0,Absent
ATT04874,EMP001,2025-11-04,08:29:42,17:35:00,8.0,0.0,Present
ATT04875,EMP002,2025-11-04,,,0.0,0.0,On Leave
ATT04876,EMP003,2025-11-04,08:17:18,19:44:00,9.5,1.5,Present
ATT04877,EMP004,2025-11-04,08:24:20,20:32:00,10.5,2.5,Present
ATT04878,EMP005,2025-11-04,08:34:13,17:45:00,8.0,0.0,Present
ATT04879,EMP006,2025-11-04,08:26:31,17:43:00,8.0,0.0,Present
ATT04880,EMP007,2025-11-04,08:17:15,17:32:00,8.0,0.0,Present
ATT04881,EMP008,2025-11-04,08:30:19,17:33:00,8.0,0.0,Present
ATT04882,EMP009,2025-11-04,08:27:07,17:39:00,8.0,0.0,Present
ATT04883,EMP010,2025-11-04,08:19:07,17:31:00,8.0,0.0,Present
ATT04884,EMP011,2025-11-04,08:22:05,17:36:00,8.0,0.0,Present
ATT04885,EMP012,2025-11-04,08:28:38,17:35:00,8.0,0.0,Present
ATT04886,EMP013,2025-11-04,08:28:35,17:41:00,8.0,0.0,Present
ATT04887,EMP014,2025-11-04,08:25:11,17:45:00,8.0,0.0,Present
ATT04888,EMP015,2025-11-04,08:17:00,20:09:00,10.0,2.0,Present
ATT04889,EMP016,2025-11-04,08:17:59,17:48:00,8.0,0.0,Present
ATT04890,EMP019,2025-11-04,08:34:17,17:41:00,8.0,0.0,Present
ATT04891,EMP020,2025-11-04,08:34:18,17:49:00,8.0,0.0,Present
ATT04892,EMP021,2025-11-04,08:16:01,17:48:00,8.0,0.0,Present
ATT04893,EMP022,2025-11-04,,,0.0,0.0,Absent
ATT04894,EMP023,2025-11-04,08:25:27,17:42:00,8.0,0.0,Present
ATT04895,EMP024,2025-11-04,08:26:49,17:34:00,8.0,0.0,Present
ATT04896,EMP025,2025-11-04,08:20:28,17:32:00,8.0,0.0,Present
ATT04897,EMP026,2025-11-04,08:27:25,20:12:00,10.0,2.0,Present
ATT04898,EMP027,2025-11-04,08:23:24,17:45:00,8.0,0.0,Present
ATT04899,EMP028,2025-11-04,08:16:05,17:50:00,8.0,0.0,Present
ATT04900,EMP029,2025-11-04,08:39:00,17:37:00,7.8,0.0,Late
ATT04901,EMP030,2025-11-04,08:27:32,17:43:00,8.0,0.0,Present
ATT04902,EMP031,2025-11-04,08:23:02,17:46:00,8.0,0.0,Present
ATT04903,EMP032,2025-11-04,08:18:56,20:43:00,10.5,2.5,Present
ATT04904,EMP035,2025-11-04,08:16:43,17:33:00,8.0,0.0,Present
ATT04905,EMP036,2025-11-04,08:32:09,20:35:00,10.5,2.5,Present
ATT04906,EMP038,2025-11-04,08:18:07,17:35:00,8.0,0.0,Present
ATT04907,EMP040,2025-11-04,08:19:35,19:34:00,9.5,1.5,Present
ATT04908,EMP041,2025-11-04,08:32:17,17:34:00,8.0,0.0,Present
ATT04909,EMP042,2025-11-04,08:26:38,17:39:00,8.0,0.0,Present
ATT04910,EMP043,2025-11-04,08:23:05,20:14:00,10.0,2.0,Present
ATT04911,EMP044,2025-11-04,08:18:14,17:33:00,8.0,0.0,Present
ATT04912,EMP045,2025-11-04,08:22:22,17:40:00,8.0,0.0,Present
ATT04913,EMP047,2025-11-04,08:29:59,19:30:00,9.5,1.5,Present
ATT04914,EMP048,2025-11-04,08:28:18,20:15:00,10.0,2.0,Present
ATT04915,EMP049,2025-11-04,08:16:38,17:46:00,8.0,0.0,Present
ATT04916,EMP050,2025-11-04,08:19:59,17:32:00,8.0,0.0,Present
ATT04917,EMP051,2025-11-04,08:24:06,17:40:00,8.0,0.0,Present
ATT04918,EMP052,2025-11-04,08:17:39,17:34:00,8.0,0.0,Present
ATT04919,EMP053,2025-11-04,08:31:48,17:50:00,8.0,0.0,Present
ATT04920,EMP054,2025-11-04,08:30:35,17:44:00,8.0,0.0,Present
ATT04921,EMP055,2025-11-04,08:19:35,19:07:00,9.0,1.0,Present
ATT04922,EMP056,2025-11-04,08:22:48,17:47:00,8.0,0.0,Present
ATT04923,EMP057,2025-11-04,08:15:43,17:44:00,8.0,0.0,Present
ATT04924,EMP058,2025-11-04,08:18:42,19:44:00,9.5,1.5,Present
ATT04925,EMP059,2025-11-04,08:22:52,17:49:00,8.0,0.0,Present
ATT04926,EMP060,2025-11-04,08:25:52,17:40:00,8.0,0.0,Present
ATT04927,EMP062,2025-11-04,08:27:00,16:37:00,6.5,0.0,Early Departure
ATT04928,EMP063,2025-11-04,08:15:34,17:35:00,8.0,0.0,Present
ATT04929,EMP064,2025-11-04,08:15:53,17:43:00,8.0,0.0,Present
ATT04930,EMP065,2025-11-04,08:16:44,17:34:00,8.0,0.0,Present
ATT04931,EMP069,2025-11-04,08:32:27,19:01:00,9.0,1.0,Present
ATT04932,EMP070,2025-11-04,08:28:29,17:44:00,8.0,0.0,Present
ATT04933,EMP071,2025-11-04,08:26:28,17:32:00,8.0,0.0,Present
ATT04934,EMP072,2025-11-04,08:19:28,17:37:00,8.0,0.0,Present
ATT04935,EMP074,2025-11-04,08:32:04,17:47:00,8.0,0.0,Present
ATT04936,EMP075,2025-11-04,08:26:14,17:46:00,8.0,0.0,Present
ATT04937,EMP076,2025-11-04,08:30:46,17:49:00,8.0,0.0,Present
ATT04938,EMP077,2025-11-04,08:34:54,17:38:00,8.0,0.0,Present
ATT04939,EMP078,2025-11-04,08:30:55,17:40:00,8.0,0.0,Present
ATT04940,EMP079,2025-11-04,08:15:34,17:35:00,8.0,0.0,Present
ATT04941,EMP080,2025-11-04,08:19:57,17:36:00,8.0,0.0,Present
ATT04942,EMP083,2025-11-04,08:15:49,19:14:00,9.0,1.0,Present
ATT04943,EMP084,2025-11-04,08:24:07,17:40:00,8.0,0.0,Present
ATT04944,EMP085,2025-11-04,08:27:38,20:10:00,10.0,2.0,Present
ATT04945,EMP086,2025-11-04,08:33:59,19:45:00,9.5,1.5,Present
ATT04946,EMP087,2025-11-04,08:27:00,19:41:00,9.5,1.5,Present
ATT04947,EMP088,2025-11-04,08:22:48,17:34:00,8.0,0.0,Present
ATT04948,EMP089,2025-11-04,08:25:43,17:41:00,8.0,0.0,Present
ATT04949,EMP090,2025-11-04,08:22:54,19:42:00,9.5,1.5,Present
ATT04950,EMP091,2025-11-04,08:23:01,17:34:00,8.0,0.0,Present
ATT04951,EMP092,2025-11-04,08:27:11,17:49:00,8.0,0.0,Present
ATT04952,EMP093,2025-11-04,08:29:10,20:05:00,10.0,2.0,Present
ATT04953,EMP094,2025-11-04,08:19:01,17:43:00,8.0,0.0,Present
ATT04954,EMP095,2025-11-04,08:20:57,19:35:00,9.5,1.5,Present
ATT04955,EMP096,2025-11-04,08:48:00,17:49:00,7.7,0.0,Late
ATT04956,EMP097,2025-11-04,08:15:25,17:34:00,8.0,0.0,Present
ATT04957,EMP098,2025-11-04,08:16:13,19:35:00,9.5,1.5,Present
ATT04958,EMP099,2025-11-04,08:24:34,17:41:00,8.0,0.0,Present
ATT04959,EMP100,2025-11-04,08:19:02,17:48:00,8.0,0.0,Present
ATT04960,EMP101,2025-11-04,08:33:15,17:36:00,8.0,0.0,Present
ATT04961,EMP102,2025-11-04,08:22:31,17:32:00,8.0,0.0,Present
ATT04962,EMP103,2025-11-04,08:15:03,17:35:00,8.0,0.0,Present
ATT04963,EMP104,2025-11-04,08:25:27,19:35:00,9.5,1.5,Present
ATT04964,EMP105,2025-11-04,08:27:45,17:38:00,8.0,0.0,Present
ATT04965,EMP106,2025-11-04,08:17:32,17:41:00,8.0,0.0,Present
ATT04966,EMP107,2025-11-04,,,0.0,0.0,On Leave
ATT04967,EMP108,2025-11-04,08:29:37,17:34:00,8.0,0.0,Present
ATT04968,EMP109,2025-11-04,08:24:50,17:36:00,8.0,0.0,Present
ATT04969,EMP110,2025-11-04,08:22:05,17:50:00,8.0,0.0,Present
ATT04970,EMP111,2025-11-04,08:29:58,17:32:00,8.0,0.0,Present
ATT04971,EMP112,2025-11-04,08:27:18,17:39:00,8.0,0.0,Present
ATT04972,EMP113,2025-11-04,08:29:00,17:33:00,8.0,0.0,Present
ATT04973,EMP114,2025-11-04,08:26:12,17:33:00,8.0,0.0,Present
ATT04974,EMP115,2025-11-04,08:50:00,17:45:00,7.7,0.0,Late
ATT04975,EMP116,2025-11-04,08:28:45,17:31:00,8.0,0.0,Present
ATT04976,EMP117,2025-11-04,08:30:41,17:43:00,8.0,0.0,Present
ATT04977,EMP120,2025-11-04,08:15:50,17:47:00,8.0,0.0,Present
ATT04978,EMP121,2025-11-04,08:25:30,17:43:00,8.0,0.0,Present
ATT04979,EMP122,2025-11-04,08:34:03,19:32:00,9.5,1.5,Present
ATT04980,EMP123,2025-11-04,08:27:30,17:44:00,8.0,0.0,Present
ATT04981,EMP124,2025-11-04,08:30:40,17:40:00,8.0,0.0,Present
ATT04982,EMP126,2025-11-04,08:19:12,17:33:00,8.0,0.0,Present
ATT04983,EMP127,2025-11-04,08:33:09,19:42:00,9.5,1.5,Present
ATT04984,EMP128,2025-11-04,08:31:46,17:46:00,8.0,0.0,Present
ATT04985,EMP129,2025-11-04,08:22:58,17:32:00,8.0,0.0,Present
ATT04986,EMP130,2025-11-04,08:19:38,17:30:00,8.0,0.0,Present
ATT04987,EMP131,2025-11-04,08:22:29,17:37:00,8.0,0.0,Present
ATT04988,EMP132,2025-11-04,08:32:36,17:34:00,8.0,0.0,Present
ATT04989,EMP133,2025-11-04,08:17:13,20:41:00,10.5,2.5,Present
ATT04990,EMP134,2025-11-04,08:31:54,17:49:00,8.0,0.0,Present
ATT04991,EMP135,2025-11-04,08:30:48,17:38:00,8.0,0.0,Present
ATT04992,EMP136,2025-11-04,08:32:12,17:45:00,8.0,0.0,Present
ATT04993,EMP137,2025-11-04,08:33:04,17:40:00,8.0,0.0,Present
ATT04994,EMP138,2025-11-04,08:52:00,17:34:00,7.6,0.0,Late
ATT04995,EMP139,2025-11-04,08:18:49,17:30:00,8.0,0.0,Present
ATT04996,EMP141,2025-11-04,08:26:10,17:42:00,8.0,0.0,Present
ATT04997,EMP142,2025-11-04,08:28:28,17:37:00,8.0,0.0,Present
ATT04998,EMP143,2025-11-04,08:26:04,17:45:00,8.0,0.0,Present
ATT04999,EMP144,2025-11-04,08:23:20,17:37:00,8.0,0.0,Present
ATT05000,EMP145,2025-11-04,,,0.0,0.0,On Leave
ATT05001,EMP146,2025-11-04,08:51:00,17:41:00,7.7,0.0,Late
ATT05002,EMP147,2025-11-04,08:25:59,17:49:00,8.0,0.0,Present
ATT05003,EMP148,2025-11-04,08:28:16,17:46:00,8.0,0.0,Present
ATT05004,EMP149,2025-11-04,08:28:10,20:11:00,10.0,2.0,Present
ATT05005,EMP151,2025-11-04,08:15:19,17:34:00,8.0,0.0,Present
ATT05006,EMP152,2025-11-04,08:28:37,20:40:00,10.5,2.5,Present
ATT05007,EMP153,2025-11-04,08:25:54,19:13:00,9.0,1.0,Present
ATT05008,EMP155,2025-11-04,08:29:56,17:45:00,8.0,0.0,Present
ATT05009,EMP156,2025-11-04,08:22:47,17:30:00,8.0,0.0,Present
ATT05010,EMP157,2025-11-04,08:33:49,17:38:00,8.0,0.0,Present
ATT05011,EMP158,2025-11-04,08:17:08,17:39:00,8.0,0.0,Present
ATT05012,EMP159,2025-11-04,08:26:57,19:36:00,9.5,1.5,Present
ATT05013,EMP160,2025-11-04,08:30:29,17:30:00,8.0,0.0,Present
ATT05014,EMP162,2025-11-04,08:26:31,17:44:00,8.0,0.0,Present
ATT05015,EMP163,2025-11-04,08:19:23,20:01:00,10.0,2.0,Present
ATT05016,EMP164,2025-11-04,08:21:14,17:46:00,8.0,0.0,Present
ATT05017,EMP165,2025-11-04,08:24:28,17:34:00,8.0,0.0,Present
ATT05018,EMP166,2025-11-04,08:21:28,17:34:00,8.0,0.0,Present
ATT05019,EMP167,2025-11-04,08:33:44,17:40:00,8.0,0.0,Present
ATT05020,EMP168,2025-11-04,08:27:31,17:44:00,8.0,0.0,Present
ATT05021,EMP169,2025-11-04,08:21:26,17:34:00,8.0,0.0,Present
ATT05022,EMP170,2025-11-04,08:31:27,17:33:00,8.0,0.0,Present
ATT05023,EMP171,2025-11-04,08:19:56,17:34:00,8.0,0.0,Present
ATT05024,EMP172,2025-11-04,08:16:57,17:46:00,8.0,0.0,Present
ATT05025,EMP173,2025-11-04,08:23:08,17:38:00,8.0,0.0,Present
ATT05026,EMP175,2025-11-04,08:32:13,17:36:00,8.0,0.0,Present
ATT05027,EMP176,2025-11-04,08:29:43,17:30:00,8.0,0.0,Present
ATT05028,EMP178,2025-11-04,08:28:00,15:44:00,5.5,0.0,Early Departure
ATT05029,EMP179,2025-11-04,08:27:31,17:50:00,8.0,0.0,Present
ATT05030,EMP180,2025-11-04,08:21:24,20:08:00,10.0,2.0,Present
ATT05031,EMP181,2025-11-04,08:24:57,17:49:00,8.0,0.0,Present
ATT05032,EMP182,2025-11-04,08:32:23,17:38:00,8.0,0.0,Present
ATT05033,EMP183,2025-11-04,08:16:07,17:34:00,8.0,0.0,Present
ATT05034,EMP185,2025-11-04,08:26:48,17:48:00,8.0,0.0,Present
ATT05035,EMP186,2025-11-04,08:47:00,17:31:00,7.7,0.0,Late
ATT05036,EMP187,2025-11-04,08:15:04,20:09:00,10.0,2.0,Present
ATT05037,EMP188,2025-11-04,08:30:22,17:46:00,8.0,0.0,Present
ATT05038,EMP189,2025-11-04,08:16:34,17:36:00,8.0,0.0,Present
ATT05039,EMP191,2025-11-04,08:28:00,15:18:00,5.5,0.0,Early Departure
ATT05040,EMP192,2025-11-04,08:17:03,17:38:00,8.0,0.0,Present
ATT05041,EMP193,2025-11-04,08:26:25,17:46:00,8.0,0.0,Present
ATT05042,EMP195,2025-11-04,08:21:53,17:46:00,8.0,0.0,Present
ATT05043,EMP196,2025-11-04,08:18:17,17:36:00,8.0,0.0,Present
ATT05044,EMP197,2025-11-04,08:29:20,17:31:00,8.0,0.0,Present
ATT05045,EMP198,2025-11-04,08:34:40,20:40:00,10.5,2.5,Present
ATT05046,EMP201,2025-11-04,08:29:07,17:44:00,8.0,0.0,Present
ATT05047,EMP202,2025-11-04,08:16:05,17:49:00,8.0,0.0,Present
ATT05048,EMP203,2025-11-04,08:29:50,17:33:00,8.0,0.0,Present
ATT05049,EMP204,2025-11-04,08:34:33,17:50:00,8.0,0.0,Present
ATT05050,EMP205,2025-11-04,08:30:44,19:03:00,9.0,1.0,Present
ATT05051,EMP206,2025-11-04,08:27:27,17:46:00,8.0,0.0,Present
ATT05052,EMP207,2025-11-04,,,0.0,0.0,On Leave
ATT05053,EMP208,2025-11-04,08:33:36,17:42:00,8.0,0.0,Present
ATT05054,EMP209,2025-11-04,08:33:47,17:36:00,8.0,0.0,Present
ATT05055,EMP210,2025-11-04,08:20:26,19:10:00,9.0,1.0,Present
ATT05056,EMP211,2025-11-04,08:25:34,17:36:00,8.0,0.0,Present
ATT05057,EMP212,2025-11-04,08:32:04,17:43:00,8.0,0.0,Present
ATT05058,EMP213,2025-11-04,08:19:34,17:41:00,8.0,0.0,Present
ATT05059,EMP214,2025-11-04,08:23:00,15:18:00,5.5,0.0,Early Departure
ATT05060,EMP215,2025-11-04,08:27:42,20:45:00,10.5,2.5,Present
ATT05061,EMP216,2025-11-04,08:16:04,17:47:00,8.0,0.0,Present
ATT05062,EMP217,2025-11-04,08:28:27,17:49:00,8.0,0.0,Present
ATT05063,EMP218,2025-11-04,08:15:52,17:36:00,8.0,0.0,Present
ATT05064,EMP219,2025-11-04,08:31:21,17:44:00,8.0,0.0,Present
ATT05065,EMP220,2025-11-04,08:27:27,17:50:00,8.0,0.0,Present
ATT05066,EMP221,2025-11-04,08:25:04,17:31:00,8.0,0.0,Present
ATT05067,EMP222,2025-11-04,08:19:55,17:39:00,8.0,0.0,Present
ATT05068,EMP223,2025-11-04,08:22:00,17:44:00,8.0,0.0,Present
ATT05069,EMP224,2025-11-04,08:15:34,17:45:00,8.0,0.0,Present
ATT05070,EMP225,2025-11-04,08:15:40,17:37:00,8.0,0.0,Present
ATT05071,EMP226,2025-11-04,08:20:30,17:45:00,8.0,0.0,Present
ATT05072,EMP227,2025-11-04,08:18:07,17:46:00,8.0,0.0,Present
ATT05073,EMP228,2025-11-04,08:25:08,17:45:00,8.0,0.0,Present
ATT05074,EMP229,2025-11-04,08:27:12,19:00:00,9.0,1.0,Present
ATT05075,EMP230,2025-11-04,08:17:09,19:38:00,9.5,1.5,Present
ATT05076,EMP231,2025-11-04,08:24:43,17:36:00,8.0,0.0,Present
ATT05077,EMP232,2025-11-04,08:37:00,17:41:00,7.9,0.0,Late
ATT05078,EMP233,2025-11-04,08:30:54,17:44:00,8.0,0.0,Present
ATT05079,EMP234,2025-11-04,,,0.0,0.0,On Leave
ATT05080,EMP235,2025-11-04,08:34:53,17:43:00,8.0,0.0,Present
ATT05081,EMP236,2025-11-04,08:54:00,17:48:00,7.6,0.0,Late
ATT05082,EMP237,2025-11-04,08:18:24,17:49:00,8.0,0.0,Present
ATT05083,EMP239,2025-11-04,08:27:25,17:43:00,8.0,0.0,Present
ATT05084,EMP240,2025-11-04,08:34:39,17:42:00,8.0,0.0,Present
ATT05085,EMP241,2025-11-04,08:22:12,17:38:00,8.0,0.0,Present
ATT05086,EMP242,2025-11-04,08:34:45,17:35:00,8.0,0.0,Present
ATT05087,EMP243,2025-11-04,08:45:00,17:34:00,7.8,0.0,Late
ATT05088,EMP244,2025-11-04,,,0.0,0.0,On Leave
ATT05089,EMP245,2025-11-04,08:26:12,17:49:00,8.0,0.0,Present
ATT05090,EMP246,2025-11-04,08:20:08,17:48:00,8.0,0.0,Present
ATT05091,EMP249,2025-11-04,08:23:15,17:30:00,8.0,0.0,Present
ATT05092,EMP250,2025-11-04,08:26:44,17:37:00,8.0,0.0,Present
