order_detail_id,order_id,product_id,quantity,unit_price,discount,line_total
DTL_000001,ORD_00001,PROD_0009,1,2850000.0,0.1,2565000.0
DTL_000002,ORD_00001,PROD_0017,1,190000.0,0.0,190000.0
DTL_000003,ORD_00001,PROD_0004,2,9500000.0,0.1,17100000.0
DTL_000004,ORD_00002,PROD_0006,2,2100000.0,0.1,3780000.0
DTL_000005,ORD_00002,PROD_0015,1,690000.0,0.0,690000.0
DTL_000006,ORD_00002,PROD_0029,1,520000.0,0.0,520000.0
DTL_000007,ORD_00003,PROD_0009,1,2850000.0,0.05,2707500.0
DTL_000008,ORD_00003,PROD_0003,1,21900000.0,0.0,21900000.0
DTL_000009,ORD_00004,PROD_0010,1,2200000.0,0.05,2090000.0
DTL_000010,ORD_00005,PROD_0004,1,9500000.0,0.0,9500000.0
DTL_000011,ORD_00006,PROD_0037,2,5200000.0,0.0,10400000.0
DTL_000012,ORD_00006,PROD_0016,1,790000.0,0.0,790000.0
DTL_000013,ORD_00007,PROD_0034,1,180000.0,0.05,171000.0
DTL_000014,ORD_00008,PROD_0024,2,4490000.0,0.0,8980000.0
DTL_000015,ORD_00008,PROD_0017,1,190000.0,0.0,190000.0
DTL_000016,ORD_00009,PROD_0012,1,550000.0,0.0,550000.0
DTL_000017,ORD_00009,PROD_0050,1,1190000.0,0.05,1130500.0
DTL_000018,ORD_00009,PROD_0044,1,890000.0,0.05,845500.0
DTL_000019,ORD_00010,PROD_0020,1,490000.0,0.15,416500.0
DTL_000020,ORD_00011,PROD_0050,1,1190000.0,0.0,1190000.0
DTL_000021,ORD_00012,PROD_0025,1,1350000.0,0.0,1350000.0
DTL_000022,ORD_00012,PROD_0022,3,7900000.0,0.0,23700000.0
DTL_000023,ORD_00012,PROD_0012,2,550000.0,0.05,1045000.0
DTL_000024,ORD_00013,PROD_0043,1,3990000.0,0.0,3990000.0
DTL_000025,ORD_00014,PROD_0023,1,1990000.0,0.0,1990000.0
DTL_000026,ORD_00015,PROD_0048,1,14900000.0,0.0,14900000.0
DTL_000027,ORD_00015,PROD_0044,2,890000.0,0.0,1780000.0
DTL_000028,ORD_00016,PROD_0037,1,5200000.0,0.0,5200000.0
DTL_000029,ORD_00017,PROD_0026,1,290000.0,0.0,290000.0
DTL_000030,ORD_00017,PROD_0021,1,4290000.0,0.05,4075500.0
DTL_000031,ORD_00018,PROD_0046,1,3200000.0,0.0,3200000.0
DTL_000032,ORD_00018,PROD_0029,1,520000.0,0.15,442000.0
DTL_000033,ORD_00019,PROD_0029,3,520000.0,0.15,1326000.0
DTL_000034,ORD_00019,PROD_0006,1,2100000.0,0.05,1995000.0
DTL_000035,ORD_00019,PROD_0044,1,890000.0,0.0,890000.0
DTL_000036,ORD_00020,PROD_0013,2,490000.0,0.0,980000.0
DTL_000037,ORD_00021,PROD_0036,2,420000.0,0.0,840000.0
DTL_000038,ORD_00021,PROD_0009,1,2850000.0,0.05,2707500.0
DTL_000039,ORD_00021,PROD_0040,1,2690000.0,0.0,2690000.0
DTL_000040,ORD_00022,PROD_0044,1,890000.0,0.0,890000.0
DTL_000041,ORD_00023,PROD_0004,2,9500000.0,0.0,19000000.0
DTL_000042,ORD_00024,PROD_0034,1,180000.0,0.0,180000.0
DTL_000043,ORD_00024,PROD_0019,1,720000.0,0.0,720000.0
DTL_000044,ORD_00024,PROD_0006,1,2100000.0,0.0,2100000.0
DTL_000045,ORD_00025,PROD_0037,1,5200000.0,0.1,4680000.0
DTL_000046,ORD_00025,PROD_0003,2,21900000.0,0.0,43800000.0
DTL_000047,ORD_00025,PROD_0002,1,24000000.0,0.0,24000000.0
DTL_000048,ORD_00026,PROD_0020,1,490000.0,0.05,465500.0
DTL_000049,ORD_00026,PROD_0031,1,15990000.0,0.0,15990000.0
DTL_000050,ORD_00027,PROD_0039,1,1250000.0,0.1,1125000.0
DTL_000051,ORD_00028,PROD_0030,1,75000.0,0.0,75000.0
DTL_000052,ORD_00029,PROD_0011,2,290000.0,0.1,522000.0
DTL_000053,ORD_00030,PROD_0030,1,75000.0,0.0,75000.0
DTL_000054,ORD_00030,PROD_0032,1,4990000.0,0.0,4990000.0
DTL_000055,ORD_00030,PROD_0020,1,490000.0,0.0,490000.0
DTL_000056,ORD_00030,PROD_0002,1,24000000.0,0.0,24000000.0
DTL_000057,ORD_00031,PROD_0017,2,190000.0,0.05,361000.0
DTL_000058,ORD_00032,PROD_0019,1,720000.0,0.0,720000.0
DTL_000059,ORD_00033,PROD_0007,1,2450000.0,0.05,2327500.0
DTL_000060,ORD_00034,PROD_0026,1,290000.0,0.0,290000.0
DTL_000061,ORD_00034,PROD_0033,2,990000.0,0.05,1881000.0
DTL_000062,ORD_00035,PROD_0040,1,2690000.0,0.0,2690000.0
DTL_000063,ORD_00036,PROD_0020,2,490000.0,0.0,980000.0
DTL_000064,ORD_00036,PROD_0031,1,15990000.0,0.15,13591500.0
DTL_000065,ORD_00037,PROD_0038,1,2590000.0,0.0,2590000.0
DTL_000066,ORD_00037,PROD_0031,1,15990000.0,0.05,15190500.0
DTL_000067,ORD_00038,PROD_0021,1,4290000.0,0.0,4290000.0
DTL_000068,ORD_00039,PROD_0048,2,14900000.0,0.0,29800000.0
DTL_000069,ORD_00039,PROD_0047,1,1690000.0,0.15,1436500.0
DTL_000070,ORD_00039,PROD_0004,1,9500000.0,0.0,9500000.0
DTL_000071,ORD_00040,PROD_0016,1,790000.0,0.0,790000.0
DTL_000072,ORD_00041,PROD_0036,1,420000.0,0.0,420000.0
DTL_000073,ORD_00041,PROD_0047,1,1690000.0,0.0,1690000.0
DTL_000074,ORD_00042,PROD_0029,1,520000.0,0.05,494000.0
DTL_000075,ORD_00043,PROD_0048,1,14900000.0,0.0,14900000.0
DTL_000076,ORD_00044,PROD_0046,1,3200000.0,0.0,3200000.0
DTL_000077,ORD_00045,PROD_0049,1,1990000.0,0.0,1990000.0
DTL_000078,ORD_00045,PROD_0019,3,720000.0,0.0,2160000.0
DTL_000079,ORD_00046,PROD_0012,2,550000.0,0.0,1100000.0
DTL_000080,ORD_00046,PROD_0003,2,21900000.0,0.1,39420000.0
DTL_000081,ORD_00046,PROD_0026,1,290000.0,0.0,290000.0
DTL_000082,ORD_00047,PROD_0042,1,2890000.0,0.1,2601000.0
DTL_000083,ORD_00047,PROD_0035,1,650000.0,0.0,650000.0
DTL_000084,ORD_00048,PROD_0001,1,27500000.0,0.0,27500000.0
DTL_000085,ORD_00048,PROD_0048,1,14900000.0,0.0,14900000.0
DTL_000086,ORD_00049,PROD_0012,1,550000.0,0.1,495000.0
DTL_000087,ORD_00049,PROD_0009,1,2850000.0,0.0,2850000.0
DTL_000088,ORD_00050,PROD_0024,1,4490000.0,0.0,4490000.0
DTL_000089,ORD_00051,PROD_0041,1,7990000.0,0.0,7990000.0
DTL_000090,ORD_00051,PROD_0019,3,720000.0,0.0,2160000.0
DTL_000091,ORD_00052,PROD_0043,2,3990000.0,0.0,7980000.0
DTL_000092,ORD_00052,PROD_0014,1,350000.0,0.05,332500.0
DTL_000093,ORD_00053,PROD_0036,3,420000.0,0.0,1260000.0
DTL_000094,ORD_00054,PROD_0014,2,350000.0,0.0,700000.0
DTL_000095,ORD_00055,PROD_0004,1,9500000.0,0.05,9025000.0
DTL_000096,ORD_00055,PROD_0036,2,420000.0,0.0,840000.0
DTL_000097,ORD_00056,PROD_0004,5,9500000.0,0.0,47500000.0
DTL_000098,ORD_00056,PROD_0005,1,11500000.0,0.0,11500000.0
DTL_000099,ORD_00057,PROD_0025,1,1350000.0,0.0,1350000.0
DTL_000100,ORD_00058,PROD_0035,1,650000.0,0.0,650000.0
DTL_000101,ORD_00059,PROD_0035,1,650000.0,0.05,617500.0
DTL_000102,ORD_00059,PROD_0028,1,150000.0,0.0,150000.0
DTL_000103,ORD_00060,PROD_0005,1,11500000.0,0.0,11500000.0
DTL_000104,ORD_00061,PROD_0014,2,350000.0,0.05,665000.0
DTL_000105,ORD_00062,PROD_0050,2,1190000.0,0.0,2380000.0
DTL_000106,ORD_00062,PROD_0044,2,890000.0,0.15,1513000.0
DTL_000107,ORD_00063,PROD_0028,1,150000.0,0.15,127500.0
DTL_000108,ORD_00063,PROD_0036,3,420000.0,0.0,1260000.0
DTL_000109,ORD_00064,PROD_0035,1,650000.0,0.05,617500.0
DTL_000110,ORD_00065,PROD_0036,1,420000.0,0.0,420000.0
DTL_000111,ORD_00065,PROD_0034,1,180000.0,0.1,162000.0
DTL_000112,ORD_00065,PROD_0009,2,2850000.0,0.0,5700000.0
DTL_000113,ORD_00065,PROD_0025,2,1350000.0,0.0,2700000.0
DTL_000114,ORD_00066,PROD_0022,3,7900000.0,0.0,23700000.0
DTL_000115,ORD_00066,PROD_0020,3,490000.0,0.15,1249500.0
DTL_000116,ORD_00067,PROD_0036,1,420000.0,0.0,420000.0
DTL_000117,ORD_00067,PROD_0021,1,4290000.0,0.0,4290000.0
DTL_000118,ORD_00067,PROD_0050,1,1190000.0,0.1,1071000.0
DTL_000119,ORD_00068,PROD_0024,1,4490000.0,0.1,4041000.0
DTL_000120,ORD_00068,PROD_0021,2,4290000.0,0.0,8580000.0
DTL_000121,ORD_00068,PROD_0027,1,190000.0,0.0,190000.0
DTL_000122,ORD_00069,PROD_0016,1,790000.0,0.0,790000.0
DTL_000123,ORD_00070,PROD_0042,1,2890000.0,0.05,2745500.0
DTL_000124,ORD_00070,PROD_0048,1,14900000.0,0.05,14155000.0
DTL_000125,ORD_00070,PROD_0032,1,4990000.0,0.1,4491000.0
DTL_000126,ORD_00070,PROD_0030,1,75000.0,0.0,75000.0
DTL_000127,ORD_00071,PROD_0043,1,3990000.0,0.0,3990000.0
DTL_000128,ORD_00071,PROD_0004,1,9500000.0,0.0,9500000.0
DTL_000129,ORD_00071,PROD_0049,1,1990000.0,0.0,1990000.0
DTL_000130,ORD_00072,PROD_0002,1,24000000.0,0.0,24000000.0
DTL_000131,ORD_00072,PROD_0001,1,27500000.0,0.05,26125000.0
DTL_000132,ORD_00073,PROD_0007,1,2450000.0,0.0,2450000.0
DTL_000133,ORD_00074,PROD_0006,3,2100000.0,0.0,6300000.0
DTL_000134,ORD_00074,PROD_0024,1,4490000.0,0.0,4490000.0
DTL_000135,ORD_00075,PROD_0004,1,9500000.0,0.0,9500000.0
DTL_000136,ORD_00075,PROD_0041,1,7990000.0,0.0,7990000.0
DTL_000137,ORD_00076,PROD_0045,2,5290000.0,0.0,10580000.0
DTL_000138,ORD_00077,PROD_0021,1,4290000.0,0.0,4290000.0
DTL_000139,ORD_00078,PROD_0025,2,1350000.0,0.0,2700000.0
DTL_000140,ORD_00078,PROD_0044,2,890000.0,0.0,1780000.0
DTL_000141,ORD_00079,PROD_0015,2,690000.0,0.0,1380000.0
DTL_000142,ORD_00080,PROD_0018,2,890000.0,0.0,1780000.0
DTL_000143,ORD_00081,PROD_0040,1,2690000.0,0.0,2690000.0
DTL_000144,ORD_00082,PROD_0007,1,2450000.0,0.1,2205000.0
DTL_000145,ORD_00083,PROD_0036,1,420000.0,0.0,420000.0
DTL_000146,ORD_00084,PROD_0001,1,27500000.0,0.0,27500000.0
DTL_000147,ORD_00084,PROD_0019,3,720000.0,0.1,1944000.0
DTL_000148,ORD_00084,PROD_0027,3,190000.0,0.0,570000.0
DTL_000149,ORD_00085,PROD_0005,1,11500000.0,0.0,11500000.0
DTL_000150,ORD_00085,PROD_0011,1,290000.0,0.0,290000.0
DTL_000151,ORD_00086,PROD_0020,1,490000.0,0.0,490000.0
DTL_000152,ORD_00087,PROD_0039,3,1250000.0,0.0,3750000.0
DTL_000153,ORD_00088,PROD_0041,3,7990000.0,0.05,22771500.0
DTL_000154,ORD_00088,PROD_0032,1,4990000.0,0.0,4990000.0
DTL_000155,ORD_00089,PROD_0036,3,420000.0,0.0,1260000.0
DTL_000156,ORD_00089,PROD_0002,2,24000000.0,0.0,48000000.0
DTL_000157,ORD_00090,PROD_0043,1,3990000.0,0.0,3990000.0
DTL_000158,ORD_00091,PROD_0035,3,650000.0,0.1,1755000.0
DTL_000159,ORD_00091,PROD_0033,1,990000.0,0.0,990000.0
DTL_000160,ORD_00092,PROD_0040,1,2690000.0,0.15,2286500.0
DTL_000161,ORD_00093,PROD_0007,1,2450000.0,0.0,2450000.0
DTL_000162,ORD_00094,PROD_0038,1,2590000.0,0.0,2590000.0
DTL_000163,ORD_00094,PROD_0045,1,5290000.0,0.0,5290000.0
DTL_000164,ORD_00095,PROD_0022,1,7900000.0,0.0,7900000.0
DTL_000165,ORD_00096,PROD_0003,2,21900000.0,0.0,43800000.0
DTL_000166,ORD_00097,PROD_0022,1,7900000.0,0.0,7900000.0
DTL_000167,ORD_00097,PROD_0036,2,420000.0,0.0,840000.0
DTL_000168,ORD_00098,PROD_0028,1,150000.0,0.05,142500.0
DTL_000169,ORD_00099,PROD_0013,1,490000.0,0.0,490000.0
DTL_000170,ORD_00100,PROD_0023,1,1990000.0,0.05,1890500.0
DTL_000171,ORD_00100,PROD_0030,2,75000.0,0.0,150000.0
DTL_000172,ORD_00101,PROD_0008,1,8490000.0,0.0,8490000.0
DTL_000173,ORD_00102,PROD_0032,1,4990000.0,0.0,4990000.0
DTL_000174,ORD_00103,PROD_0029,1,520000.0,0.1,468000.0
DTL_000175,ORD_00104,PROD_0032,1,4990000.0,0.05,4740500.0
DTL_000176,ORD_00105,PROD_0015,1,690000.0,0.0,690000.0
DTL_000177,ORD_00106,PROD_0035,2,650000.0,0.0,1300000.0
DTL_000178,ORD_00107,PROD_0042,1,2890000.0,0.1,2601000.0
DTL_000179,ORD_00107,PROD_0049,1,1990000.0,0.0,1990000.0
DTL_000180,ORD_00108,PROD_0048,1,14900000.0,0.0,14900000.0
DTL_000181,ORD_00109,PROD_0004,1,9500000.0,0.0,9500000.0
DTL_000182,ORD_00109,PROD_0037,1,5200000.0,0.15,4420000.0
DTL_000183,ORD_00109,PROD_0023,1,1990000.0,0.0,1990000.0
DTL_000184,ORD_00110,PROD_0018,2,890000.0,0.0,1780000.0
DTL_000185,ORD_00110,PROD_0042,1,2890000.0,0.0,2890000.0
DTL_000186,ORD_00110,PROD_0009,1,2850000.0,0.05,2707500.0
DTL_000187,ORD_00111,PROD_0005,1,11500000.0,0.1,10350000.0
DTL_000188,ORD_00112,PROD_0021,2,4290000.0,0.0,8580000.0
DTL_000189,ORD_00112,PROD_0038,3,2590000.0,0.0,7770000.0
DTL_000190,ORD_00112,PROD_0001,1,27500000.0,0.1,24750000.0
DTL_000191,ORD_00112,PROD_0050,2,1190000.0,0.0,2380000.0
DTL_000192,ORD_00113,PROD_0009,2,2850000.0,0.05,5415000.0
DTL_000193,ORD_00113,PROD_0037,2,5200000.0,0.05,9880000.0
DTL_000194,ORD_00114,PROD_0028,5,150000.0,0.1,675000.0
DTL_000195,ORD_00114,PROD_0013,2,490000.0,0.0,980000.0
DTL_000196,ORD_00115,PROD_0041,1,7990000.0,0.0,7990000.0
DTL_000197,ORD_00116,PROD_0009,1,2850000.0,0.0,2850000.0
DTL_000198,ORD_00116,PROD_0038,1,2590000.0,0.0,2590000.0
DTL_000199,ORD_00117,PROD_0007,1,2450000.0,0.0,2450000.0
DTL_000200,ORD_00118,PROD_0044,1,890000.0,0.0,890000.0
DTL_000201,ORD_00118,PROD_0010,1,2200000.0,0.0,2200000.0
DTL_000202,ORD_00119,PROD_0006,2,2100000.0,0.0,4200000.0
DTL_000203,ORD_00119,PROD_0007,1,2450000.0,0.15,2082500.0
DTL_000204,ORD_00119,PROD_0009,1,2850000.0,0.0,2850000.0
DTL_000205,ORD_00120,PROD_0045,2,5290000.0,0.0,10580000.0
DTL_000206,ORD_00120,PROD_0002,1,24000000.0,0.0,24000000.0
DTL_000207,ORD_00121,PROD_0008,1,8490000.0,0.0,8490000.0
DTL_000208,ORD_00121,PROD_0016,1,790000.0,0.15,671500.0
DTL_000209,ORD_00122,PROD_0044,1,890000.0,0.0,890000.0
DTL_000210,ORD_00123,PROD_0004,3,9500000.0,0.0,28500000.0
DTL_000211,ORD_00124,PROD_0035,1,650000.0,0.0,650000.0
DTL_000212,ORD_00124,PROD_0040,1,2690000.0,0.1,2421000.0
DTL_000213,ORD_00125,PROD_0047,1,1690000.0,0.0,1690000.0
DTL_000214,ORD_00125,PROD_0016,1,790000.0,0.0,790000.0
DTL_000215,ORD_00126,PROD_0009,2,2850000.0,0.0,5700000.0
DTL_000216,ORD_00127,PROD_0009,2,2850000.0,0.1,5130000.0
DTL_000217,ORD_00128,PROD_0017,3,190000.0,0.0,570000.0
DTL_000218,ORD_00128,PROD_0046,1,3200000.0,0.0,3200000.0
DTL_000219,ORD_00129,PROD_0044,1,890000.0,0.0,890000.0
DTL_000220,ORD_00129,PROD_0047,1,1690000.0,0.1,1521000.0
DTL_000221,ORD_00129,PROD_0008,1,8490000.0,0.0,8490000.0
DTL_000222,ORD_00130,PROD_0016,1,790000.0,0.05,750500.0
DTL_000223,ORD_00131,PROD_0034,5,180000.0,0.15,765000.0
DTL_000224,ORD_00132,PROD_0036,1,420000.0,0.0,420000.0
DTL_000225,ORD_00133,PROD_0032,5,4990000.0,0.05,23702500.0
DTL_000226,ORD_00134,PROD_0023,1,1990000.0,0.0,1990000.0
DTL_000227,ORD_00135,PROD_0047,1,1690000.0,0.15,1436500.0
DTL_000228,ORD_00135,PROD_0020,1,490000.0,0.15,416500.0
DTL_000229,ORD_00135,PROD_0007,3,2450000.0,0.0,7350000.0
DTL_000230,ORD_00136,PROD_0024,3,4490000.0,0.0,13470000.0
DTL_000231,ORD_00136,PROD_0030,1,75000.0,0.0,75000.0
DTL_000232,ORD_00137,PROD_0021,3,4290000.0,0.0,12870000.0
DTL_000233,ORD_00138,PROD_0009,1,2850000.0,0.0,2850000.0
DTL_000234,ORD_00138,PROD_0050,1,1190000.0,0.0,1190000.0
DTL_000235,ORD_00138,PROD_0038,1,2590000.0,0.0,2590000.0
DTL_000236,ORD_00139,PROD_0044,1,890000.0,0.05,845500.0
DTL_000237,ORD_00140,PROD_0046,1,3200000.0,0.0,3200000.0
DTL_000238,ORD_00141,PROD_0029,1,520000.0,0.0,520000.0
DTL_000239,ORD_00141,PROD_0036,2,420000.0,0.0,840000.0
DTL_000240,ORD_00141,PROD_0048,1,14900000.0,0.05,14155000.0
DTL_000241,ORD_00141,PROD_0016,1,790000.0,0.0,790000.0
DTL_000242,ORD_00142,PROD_0005,1,11500000.0,0.0,11500000.0
DTL_000243,ORD_00143,PROD_0037,1,5200000.0,0.05,4940000.0
DTL_000244,ORD_00144,PROD_0012,1,550000.0,0.0,550000.0
DTL_000245,ORD_00145,PROD_0031,1,15990000.0,0.0,15990000.0
DTL_000246,ORD_00145,PROD_0004,1,9500000.0,0.1,8550000.0
DTL_000247,ORD_00145,PROD_0006,1,2100000.0,0.0,2100000.0
DTL_000248,ORD_00146,PROD_0032,3,4990000.0,0.0,14970000.0
DTL_000249,ORD_00146,PROD_0023,1,1990000.0,0.0,1990000.0
DTL_000250,ORD_00147,PROD_0031,2,15990000.0,0.15,27183000.0
DTL_000251,ORD_00147,PROD_0034,3,180000.0,0.0,540000.0
DTL_000252,ORD_00147,PROD_0023,1,1990000.0,0.0,1990000.0
DTL_000253,ORD_00148,PROD_0012,1,550000.0,0.05,522500.0
DTL_000254,ORD_00148,PROD_0016,1,790000.0,0.0,790000.0
DTL_000255,ORD_00148,PROD_0038,2,2590000.0,0.0,5180000.0
DTL_000256,ORD_00149,PROD_0012,1,550000.0,0.0,550000.0
DTL_000257,ORD_00149,PROD_0032,1,4990000.0,0.0,4990000.0
DTL_000258,ORD_00150,PROD_0012,3,550000.0,0.05,1567500.0
DTL_000259,ORD_00151,PROD_0024,3,4490000.0,0.0,13470000.0
DTL_000260,ORD_00151,PROD_0005,1,11500000.0,0.0,11500000.0
DTL_000261,ORD_00151,PROD_0046,1,3200000.0,0.0,3200000.0
DTL_000262,ORD_00152,PROD_0038,2,2590000.0,0.0,5180000.0
DTL_000263,ORD_00153,PROD_0050,1,1190000.0,0.0,1190000.0
DTL_000264,ORD_00153,PROD_0037,2,5200000.0,0.0,10400000.0
DTL_000265,ORD_00153,PROD_0003,1,21900000.0,0.0,21900000.0
DTL_000266,ORD_00154,PROD_0011,1,290000.0,0.05,275500.0
DTL_000267,ORD_00154,PROD_0041,1,7990000.0,0.0,7990000.0
DTL_000268,ORD_00154,PROD_0006,1,2100000.0,0.0,2100000.0
DTL_000269,ORD_00154,PROD_0046,1,3200000.0,0.05,3040000.0
DTL_000270,ORD_00155,PROD_0032,1,4990000.0,0.0,4990000.0
DTL_000271,ORD_00155,PROD_0025,1,1350000.0,0.1,1215000.0
DTL_000272,ORD_00155,PROD_0023,1,1990000.0,0.0,1990000.0
DTL_000273,ORD_00156,PROD_0021,1,4290000.0,0.0,4290000.0
DTL_000274,ORD_00157,PROD_0040,2,2690000.0,0.05,5111000.0
DTL_000275,ORD_00158,PROD_0013,1,490000.0,0.0,490000.0
DTL_000276,ORD_00159,PROD_0026,1,290000.0,0.05,275500.0
DTL_000277,ORD_00160,PROD_0041,1,7990000.0,0.0,7990000.0
DTL_000278,ORD_00160,PROD_0039,1,1250000.0,0.0,1250000.0
DTL_000279,ORD_00160,PROD_0031,1,15990000.0,0.05,15190500.0
DTL_000280,ORD_00161,PROD_0025,1,1350000.0,0.0,1350000.0
DTL_000281,ORD_00161,PROD_0012,1,550000.0,0.0,550000.0
DTL_000282,ORD_00162,PROD_0045,1,5290000.0,0.0,5290000.0
DTL_000283,ORD_00163,PROD_0025,1,1350000.0,0.0,1350000.0
DTL_000284,ORD_00163,PROD_0034,2,180000.0,0.0,360000.0
DTL_000285,ORD_00164,PROD_0049,1,1990000.0,0.1,1791000.0
DTL_000286,ORD_00165,PROD_0028,2,150000.0,0.0,300000.0
DTL_000287,ORD_00165,PROD_0013,3,490000.0,0.1,1323000.0
DTL_000288,ORD_00165,PROD_0041,1,7990000.0,0.0,7990000.0
DTL_000289,ORD_00165,PROD_0010,1,2200000.0,0.0,2200000.0
DTL_000290,ORD_00166,PROD_0010,1,2200000.0,0.0,2200000.0
DTL_000291,ORD_00167,PROD_0023,1,1990000.0,0.0,1990000.0
DTL_000292,ORD_00167,PROD_0027,1,190000.0,0.0,190000.0
DTL_000293,ORD_00167,PROD_0017,1,190000.0,0.0,190000.0
DTL_000294,ORD_00168,PROD_0031,3,15990000.0,0.1,43173000.0
DTL_000295,ORD_00169,PROD_0015,1,690000.0,0.05,655500.0
DTL_000296,ORD_00169,PROD_0009,1,2850000.0,0.0,2850000.0
DTL_000297,ORD_00169,PROD_0020,1,490000.0,0.0,490000.0
DTL_000298,ORD_00169,PROD_0048,1,14900000.0,0.05,14155000.0
DTL_000299,ORD_00170,PROD_0046,1,3200000.0,0.0,3200000.0
DTL_000300,ORD_00171,PROD_0030,1,75000.0,0.0,75000.0
DTL_000301,ORD_00172,PROD_0008,1,8490000.0,0.0,8490000.0
DTL_000302,ORD_00172,PROD_0044,1,890000.0,0.0,890000.0
DTL_000303,ORD_00173,PROD_0025,1,1350000.0,0.1,1215000.0
DTL_000304,ORD_00174,PROD_0033,2,990000.0,0.15,1683000.0
DTL_000305,ORD_00174,PROD_0002,1,24000000.0,0.0,24000000.0
DTL_000306,ORD_00175,PROD_0046,1,3200000.0,0.1,2880000.0
DTL_000307,ORD_00175,PROD_0042,2,2890000.0,0.0,5780000.0
DTL_000308,ORD_00176,PROD_0001,5,27500000.0,0.15,116875000.0
DTL_000309,ORD_00176,PROD_0033,2,990000.0,0.0,1980000.0
DTL_000310,ORD_00177,PROD_0018,1,890000.0,0.1,801000.0
DTL_000311,ORD_00178,PROD_0039,1,1250000.0,0.0,1250000.0
DTL_000312,ORD_00178,PROD_0026,1,290000.0,0.0,290000.0
DTL_000313,ORD_00178,PROD_0043,1,3990000.0,0.1,3591000.0
DTL_000314,ORD_00179,PROD_0046,1,3200000.0,0.0,3200000.0
DTL_000315,ORD_00180,PROD_0031,1,15990000.0,0.0,15990000.0
DTL_000316,ORD_00181,PROD_0020,1,490000.0,0.1,441000.0
DTL_000317,ORD_00182,PROD_0041,1,7990000.0,0.1,7191000.0
DTL_000318,ORD_00183,PROD_0010,1,2200000.0,0.0,2200000.0
DTL_000319,ORD_00184,PROD_0041,1,7990000.0,0.0,7990000.0
DTL_000320,ORD_00184,PROD_0012,1,550000.0,0.0,550000.0
DTL_000321,ORD_00185,PROD_0041,1,7990000.0,0.15,6791500.0
DTL_000322,ORD_00185,PROD_0028,1,150000.0,0.0,150000.0
DTL_000323,ORD_00186,PROD_0001,1,27500000.0,0.0,27500000.0
DTL_000324,ORD_00187,PROD_0003,1,21900000.0,0.0,21900000.0
DTL_000325,ORD_00188,PROD_0032,1,4990000.0,0.1,4491000.0
DTL_000326,ORD_00188,PROD_0023,2,1990000.0,0.0,3980000.0
DTL_000327,ORD_00188,PROD_0049,1,1990000.0,0.15,1691500.0
DTL_000328,ORD_00188,PROD_0013,1,490000.0,0.0,490000.0
DTL_000329,ORD_00189,PROD_0017,1,190000.0,0.0,190000.0
DTL_000330,ORD_00189,PROD_0050,1,1190000.0,0.0,1190000.0
DTL_000331,ORD_00189,PROD_0035,2,650000.0,0.0,1300000.0
DTL_000332,ORD_00190,PROD_0010,1,2200000.0,0.0,2200000.0
DTL_000333,ORD_00190,PROD_0014,1,350000.0,0.0,350000.0
DTL_000334,ORD_00191,PROD_0007,1,2450000.0,0.0,2450000.0
DTL_000335,ORD_00191,PROD_0033,2,990000.0,0.0,1980000.0
DTL_000336,ORD_00191,PROD_0047,1,1690000.0,0.05,1605500.0
DTL_000337,ORD_00192,PROD_0032,3,4990000.0,0.0,14970000.0
DTL_000338,ORD_00193,PROD_0043,3,3990000.0,0.05,11371500.0
DTL_000339,ORD_00193,PROD_0032,1,4990000.0,0.05,4740500.0
DTL_000340,ORD_00193,PROD_0010,3,2200000.0,0.0,6600000.0
DTL_000341,ORD_00194,PROD_0019,1,720000.0,0.05,684000.0
DTL_000342,ORD_00194,PROD_0024,1,4490000.0,0.05,4265500.0
DTL_000343,ORD_00194,PROD_0044,1,890000.0,0.1,801000.0
DTL_000344,ORD_00195,PROD_0006,1,2100000.0,0.0,2100000.0
DTL_000345,ORD_00195,PROD_0024,3,4490000.0,0.0,13470000.0
DTL_000346,ORD_00195,PROD_0022,1,7900000.0,0.1,7110000.0
DTL_000347,ORD_00196,PROD_0038,1,2590000.0,0.0,2590000.0
DTL_000348,ORD_00197,PROD_0047,3,1690000.0,0.0,5070000.0
DTL_000349,ORD_00197,PROD_0009,1,2850000.0,0.0,2850000.0
DTL_000350,ORD_00197,PROD_0031,1,15990000.0,0.0,15990000.0
DTL_000351,ORD_00198,PROD_0045,1,5290000.0,0.0,5290000.0
DTL_000352,ORD_00198,PROD_0040,1,2690000.0,0.0,2690000.0
DTL_000353,ORD_00199,PROD_0011,1,290000.0,0.0,290000.0
DTL_000354,ORD_00200,PROD_0018,1,890000.0,0.0,890000.0
DTL_000355,ORD_00201,PROD_0037,1,5200000.0,0.0,5200000.0
DTL_000356,ORD_00201,PROD_0029,1,520000.0,0.15,442000.0
DTL_000357,ORD_00202,PROD_0039,1,1250000.0,0.0,1250000.0
DTL_000358,ORD_00202,PROD_0040,1,2690000.0,0.0,2690000.0
DTL_000359,ORD_00202,PROD_0041,3,7990000.0,0.0,23970000.0
DTL_000360,ORD_00203,PROD_0024,1,4490000.0,0.0,4490000.0
DTL_000361,ORD_00203,PROD_0046,1,3200000.0,0.0,3200000.0
DTL_000362,ORD_00204,PROD_0032,2,4990000.0,0.0,9980000.0
DTL_000363,ORD_00204,PROD_0009,1,2850000.0,0.0,2850000.0
DTL_000364,ORD_00204,PROD_0046,1,3200000.0,0.1,2880000.0
DTL_000365,ORD_00205,PROD_0041,2,7990000.0,0.0,15980000.0
DTL_000366,ORD_00206,PROD_0001,1,27500000.0,0.0,27500000.0
DTL_000367,ORD_00206,PROD_0034,1,180000.0,0.1,162000.0
DTL_000368,ORD_00206,PROD_0048,2,14900000.0,0.1,26820000.0
DTL_000369,ORD_00206,PROD_0004,1,9500000.0,0.0,9500000.0
DTL_000370,ORD_00207,PROD_0025,3,1350000.0,0.1,3645000.0
DTL_000371,ORD_00207,PROD_0027,2,190000.0,0.0,380000.0
DTL_000372,ORD_00208,PROD_0045,2,5290000.0,0.0,10580000.0
DTL_000373,ORD_00209,PROD_0040,2,2690000.0,0.0,5380000.0
DTL_000374,ORD_00210,PROD_0036,1,420000.0,0.1,378000.0
DTL_000375,ORD_00210,PROD_0031,2,15990000.0,0.0,31980000.0
DTL_000376,ORD_00211,PROD_0010,1,2200000.0,0.0,2200000.0
DTL_000377,ORD_00212,PROD_0019,2,720000.0,0.0,1440000.0
DTL_000378,ORD_00212,PROD_0014,2,350000.0,0.0,700000.0
DTL_000379,ORD_00213,PROD_0045,1,5290000.0,0.0,5290000.0
DTL_000380,ORD_00214,PROD_0004,1,9500000.0,0.1,8550000.0
DTL_000381,ORD_00214,PROD_0001,2,27500000.0,0.0,55000000.0
DTL_000382,ORD_00214,PROD_0048,1,14900000.0,0.0,14900000.0
DTL_000383,ORD_00214,PROD_0017,2,190000.0,0.0,380000.0
DTL_000384,ORD_00215,PROD_0012,5,550000.0,0.0,2750000.0
DTL_000385,ORD_00216,PROD_0009,1,2850000.0,0.0,2850000.0
DTL_000386,ORD_00216,PROD_0011,1,290000.0,0.05,275500.0
DTL_000387,ORD_00217,PROD_0041,2,7990000.0,0.0,15980000.0
DTL_000388,ORD_00217,PROD_0040,2,2690000.0,0.0,5380000.0
DTL_000389,ORD_00218,PROD_0011,1,290000.0,0.0,290000.0
DTL_000390,ORD_00218,PROD_0027,1,190000.0,0.1,171000.0
DTL_000391,ORD_00219,PROD_0049,1,1990000.0,0.0,1990000.0
DTL_000392,ORD_00219,PROD_0042,3,2890000.0,0.0,8670000.0
DTL_000393,ORD_00219,PROD_0001,1,27500000.0,0.15,23375000.0
DTL_000394,ORD_00219,PROD_0008,1,8490000.0,0.0,8490000.0
DTL_000395,ORD_00220,PROD_0050,2,1190000.0,0.0,2380000.0
DTL_000396,ORD_00220,PROD_0024,1,4490000.0,0.1,4041000.0
DTL_000397,ORD_00220,PROD_0033,1,990000.0,0.0,990000.0
DTL_000398,ORD_00221,PROD_0028,1,150000.0,0.05,142500.0
DTL_000399,ORD_00221,PROD_0007,3,2450000.0,0.05,6982500.0
DTL_000400,ORD_00221,PROD_0014,1,350000.0,0.1,315000.0
DTL_000401,ORD_00222,PROD_0004,1,9500000.0,0.0,9500000.0
DTL_000402,ORD_00223,PROD_0026,1,290000.0,0.0,290000.0
DTL_000403,ORD_00223,PROD_0028,1,150000.0,0.0,150000.0
DTL_000404,ORD_00224,PROD_0005,3,11500000.0,0.0,34500000.0
DTL_000405,ORD_00224,PROD_0023,2,1990000.0,0.0,3980000.0
DTL_000406,ORD_00225,PROD_0015,1,690000.0,0.0,690000.0
DTL_000407,ORD_00226,PROD_0036,1,420000.0,0.0,420000.0
DTL_000408,ORD_00226,PROD_0010,1,2200000.0,0.0,2200000.0
DTL_000409,ORD_00227,PROD_0042,2,2890000.0,0.0,5780000.0
DTL_000410,ORD_00228,PROD_0036,1,420000.0,0.0,420000.0
DTL_000411,ORD_00228,PROD_0030,1,75000.0,0.0,75000.0
DTL_000412,ORD_00228,PROD_0042,2,2890000.0,0.0,5780000.0
DTL_000413,ORD_00229,PROD_0005,3,11500000.0,0.0,34500000.0
DTL_000414,ORD_00230,PROD_0028,1,150000.0,0.05,142500.0
DTL_000415,ORD_00230,PROD_0011,2,290000.0,0.0,580000.0
DTL_000416,ORD_00230,PROD_0001,1,27500000.0,0.0,27500000.0
DTL_000417,ORD_00231,PROD_0007,1,2450000.0,0.0,2450000.0
DTL_000418,ORD_00231,PROD_0012,1,550000.0,0.05,522500.0
DTL_000419,ORD_00232,PROD_0033,2,990000.0,0.0,1980000.0
DTL_000420,ORD_00232,PROD_0041,2,7990000.0,0.0,15980000.0
DTL_000421,ORD_00232,PROD_0002,1,24000000.0,0.0,24000000.0
DTL_000422,ORD_00233,PROD_0033,1,990000.0,0.0,990000.0
DTL_000423,ORD_00234,PROD_0009,1,2850000.0,0.0,2850000.0
DTL_000424,ORD_00234,PROD_0029,1,520000.0,0.1,468000.0
DTL_000425,ORD_00235,PROD_0024,1,4490000.0,0.0,4490000.0
DTL_000426,ORD_00236,PROD_0042,1,2890000.0,0.05,2745500.0
DTL_000427,ORD_00237,PROD_0025,1,1350000.0,0.0,1350000.0
DTL_000428,ORD_00238,PROD_0023,1,1990000.0,0.0,1990000.0
DTL_000429,ORD_00239,PROD_0033,1,990000.0,0.0,990000.0
DTL_000430,ORD_00240,PROD_0022,2,7900000.0,0.0,15800000.0
DTL_000431,ORD_00241,PROD_0009,1,2850000.0,0.0,2850000.0
DTL_000432,ORD_00242,PROD_0012,1,550000.0,0.0,550000.0
DTL_000433,ORD_00243,PROD_0031,1,15990000.0,0.0,15990000.0
DTL_000434,ORD_00243,PROD_0011,1,290000.0,0.0,290000.0
DTL_000435,ORD_00244,PROD_0005,1,11500000.0,0.0,11500000.0
DTL_000436,ORD_00244,PROD_0015,1,690000.0,0.0,690000.0
DTL_000437,ORD_00245,PROD_0039,1,1250000.0,0.0,1250000.0
DTL_000438,ORD_00245,PROD_0003,1,21900000.0,0.0,21900000.0
DTL_000439,ORD_00245,PROD_0035,1,650000.0,0.05,617500.0
DTL_000440,ORD_00246,PROD_0031,2,15990000.0,0.0,31980000.0
DTL_000441,ORD_00247,PROD_0006,1,2100000.0,0.0,2100000.0
DTL_000442,ORD_00247,PROD_0019,1,720000.0,0.0,720000.0
DTL_000443,ORD_00248,PROD_0045,1,5290000.0,0.0,5290000.0
DTL_000444,ORD_00248,PROD_0021,1,4290000.0,0.0,4290000.0
DTL_000445,ORD_00249,PROD_0026,1,290000.0,0.0,290000.0
DTL_000446,ORD_00249,PROD_0049,1,1990000.0,0.0,1990000.0
DTL_000447,ORD_00249,PROD_0014,1,350000.0,0.15,297500.0
DTL_000448,ORD_00249,PROD_0027,1,190000.0,0.05,180500.0
DTL_000449,ORD_00250,PROD_0033,1,990000.0,0.0,990000.0
DTL_000450,ORD_00251,PROD_0031,1,15990000.0,0.0,15990000.0
DTL_000451,ORD_00251,PROD_0039,1,1250000.0,0.0,1250000.0
DTL_000452,ORD_00251,PROD_0028,2,150000.0,0.1,270000.0
DTL_000453,ORD_00252,PROD_0012,1,550000.0,0.0,550000.0
DTL_000454,ORD_00252,PROD_0041,1,7990000.0,0.05,7590500.0
DTL_000455,ORD_00252,PROD_0032,1,4990000.0,0.0,4990000.0
DTL_000456,ORD_00253,PROD_0024,1,4490000.0,0.15,3816500.0
DTL_000457,ORD_00253,PROD_0016,1,790000.0,0.0,790000.0
DTL_000458,ORD_00254,PROD_0005,1,11500000.0,0.05,10925000.0
DTL_000459,ORD_00254,PROD_0006,1,2100000.0,0.0,2100000.0
DTL_000460,ORD_00255,PROD_0037,1,5200000.0,0.0,5200000.0
DTL_000461,ORD_00255,PROD_0001,1,27500000.0,0.0,27500000.0
DTL_000462,ORD_00255,PROD_0017,1,190000.0,0.0,190000.0
DTL_000463,ORD_00256,PROD_0049,3,1990000.0,0.0,5970000.0
DTL_000464,ORD_00256,PROD_0022,1,7900000.0,0.0,7900000.0
DTL_000465,ORD_00257,PROD_0015,1,690000.0,0.0,690000.0
DTL_000466,ORD_00257,PROD_0021,1,4290000.0,0.05,4075500.0
DTL_000467,ORD_00258,PROD_0012,1,550000.0,0.0,550000.0
DTL_000468,ORD_00258,PROD_0031,1,15990000.0,0.0,15990000.0
DTL_000469,ORD_00259,PROD_0014,2,350000.0,0.05,665000.0
DTL_000470,ORD_00259,PROD_0015,1,690000.0,0.05,655500.0
DTL_000471,ORD_00259,PROD_0013,1,490000.0,0.0,490000.0
DTL_000472,ORD_00260,PROD_0024,1,4490000.0,0.15,3816500.0
DTL_000473,ORD_00260,PROD_0040,2,2690000.0,0.1,4842000.0
DTL_000474,ORD_00260,PROD_0021,1,4290000.0,0.15,3646500.0
DTL_000475,ORD_00261,PROD_0028,1,150000.0,0.0,150000.0
DTL_000476,ORD_00262,PROD_0045,1,5290000.0,0.0,5290000.0
DTL_000477,ORD_00262,PROD_0034,1,180000.0,0.0,180000.0
DTL_000478,ORD_00262,PROD_0030,1,75000.0,0.0,75000.0
DTL_000479,ORD_00262,PROD_0021,1,4290000.0,0.0,4290000.0
DTL_000480,ORD_00263,PROD_0032,1,4990000.0,0.0,4990000.0
DTL_000481,ORD_00264,PROD_0009,3,2850000.0,0.0,8550000.0
DTL_000482,ORD_00265,PROD_0048,1,14900000.0,0.05,14155000.0
DTL_000483,ORD_00266,PROD_0020,1,490000.0,0.0,490000.0
DTL_000484,ORD_00266,PROD_0017,1,190000.0,0.0,190000.0
DTL_000485,ORD_00267,PROD_0017,1,190000.0,0.0,190000.0
DTL_000486,ORD_00267,PROD_0024,2,4490000.0,0.0,8980000.0
DTL_000487,ORD_00268,PROD_0042,1,2890000.0,0.05,2745500.0
DTL_000488,ORD_00268,PROD_0035,1,650000.0,0.0,650000.0
DTL_000489,ORD_00269,PROD_0010,1,2200000.0,0.1,1980000.0
DTL_000490,ORD_00269,PROD_0011,1,290000.0,0.0,290000.0
DTL_000491,ORD_00270,PROD_0019,2,720000.0,0.0,1440000.0
DTL_000492,ORD_00271,PROD_0034,1,180000.0,0.0,180000.0
DTL_000493,ORD_00271,PROD_0029,1,520000.0,0.05,494000.0
DTL_000494,ORD_00272,PROD_0031,1,15990000.0,0.0,15990000.0
DTL_000495,ORD_00273,PROD_0025,1,1350000.0,0.0,1350000.0
DTL_000496,ORD_00274,PROD_0023,2,1990000.0,0.0,3980000.0
DTL_000497,ORD_00275,PROD_0030,2,75000.0,0.1,135000.0
DTL_000498,ORD_00275,PROD_0041,1,7990000.0,0.0,7990000.0
DTL_000499,ORD_00276,PROD_0024,1,4490000.0,0.0,4490000.0
DTL_000500,ORD_00277,PROD_0031,1,15990000.0,0.0,15990000.0
DTL_000501,ORD_00278,PROD_0001,1,27500000.0,0.0,27500000.0
DTL_000502,ORD_00278,PROD_0036,1,420000.0,0.0,420000.0
DTL_000503,ORD_00279,PROD_0034,2,180000.0,0.0,360000.0
DTL_000504,ORD_00279,PROD_0049,1,1990000.0,0.0,1990000.0
DTL_000505,ORD_00280,PROD_0008,1,8490000.0,0.0,8490000.0
DTL_000506,ORD_00281,PROD_0035,1,650000.0,0.15,552500.0
DTL_000507,ORD_00282,PROD_0001,1,27500000.0,0.0,27500000.0
DTL_000508,ORD_00283,PROD_0049,3,1990000.0,0.0,5970000.0
DTL_000509,ORD_00284,PROD_0017,1,190000.0,0.05,180500.0
DTL_000510,ORD_00284,PROD_0025,1,1350000.0,0.05,1282500.0
DTL_000511,ORD_00284,PROD_0001,1,27500000.0,0.05,26125000.0
DTL_000512,ORD_00285,PROD_0044,3,890000.0,0.0,2670000.0
DTL_000513,ORD_00285,PROD_0020,2,490000.0,0.05,931000.0
DTL_000514,ORD_00286,PROD_0004,2,9500000.0,0.0,19000000.0
DTL_000515,ORD_00287,PROD_0026,1,290000.0,0.0,290000.0
DTL_000516,ORD_00287,PROD_0016,2,790000.0,0.0,1580000.0
DTL_000517,ORD_00288,PROD_0006,1,2100000.0,0.0,2100000.0
DTL_000518,ORD_00289,PROD_0015,1,690000.0,0.0,690000.0
DTL_000519,ORD_00290,PROD_0009,1,2850000.0,0.0,2850000.0
DTL_000520,ORD_00291,PROD_0035,1,650000.0,0.0,650000.0
DTL_000521,ORD_00291,PROD_0023,2,1990000.0,0.0,3980000.0
DTL_000522,ORD_00292,PROD_0035,1,650000.0,0.0,650000.0
DTL_000523,ORD_00292,PROD_0024,1,4490000.0,0.0,4490000.0
DTL_000524,ORD_00292,PROD_0030,1,75000.0,0.1,67500.0
DTL_000525,ORD_00293,PROD_0044,1,890000.0,0.0,890000.0
DTL_000526,ORD_00294,PROD_0043,1,3990000.0,0.05,3790500.0
DTL_000527,ORD_00295,PROD_0037,1,5200000.0,0.0,5200000.0
DTL_000528,ORD_00296,PROD_0014,1,350000.0,0.1,315000.0
DTL_000529,ORD_00297,PROD_0004,1,9500000.0,0.0,9500000.0
DTL_000530,ORD_00297,PROD_0040,1,2690000.0,0.0,2690000.0
DTL_000531,ORD_00298,PROD_0034,1,180000.0,0.0,180000.0
DTL_000532,ORD_00299,PROD_0045,1,5290000.0,0.0,5290000.0
DTL_000533,ORD_00299,PROD_0043,2,3990000.0,0.0,7980000.0
DTL_000534,ORD_00300,PROD_0021,1,4290000.0,0.0,4290000.0
DTL_000535,ORD_00300,PROD_0036,2,420000.0,0.0,840000.0
DTL_000536,ORD_00300,PROD_0024,1,4490000.0,0.0,4490000.0
DTL_000537,ORD_00301,PROD_0001,1,27500000.0,0.0,27500000.0
DTL_000538,ORD_00301,PROD_0047,5,1690000.0,0.0,8450000.0
DTL_000539,ORD_00301,PROD_0003,1,21900000.0,0.0,21900000.0
DTL_000540,ORD_00301,PROD_0019,2,720000.0,0.0,1440000.0
DTL_000541,ORD_00302,PROD_0030,1,75000.0,0.0,75000.0
DTL_000542,ORD_00303,PROD_0037,2,5200000.0,0.05,9880000.0
DTL_000543,ORD_00303,PROD_0014,2,350000.0,0.0,700000.0
DTL_000544,ORD_00304,PROD_0037,1,5200000.0,0.0,5200000.0
DTL_000545,ORD_00304,PROD_0025,2,1350000.0,0.0,2700000.0
DTL_000546,ORD_00305,PROD_0041,1,7990000.0,0.0,7990000.0
DTL_000547,ORD_00305,PROD_0025,1,1350000.0,0.0,1350000.0
DTL_000548,ORD_00306,PROD_0037,1,5200000.0,0.0,5200000.0
DTL_000549,ORD_00306,PROD_0033,2,990000.0,0.0,1980000.0
DTL_000550,ORD_00307,PROD_0026,1,290000.0,0.05,275500.0
DTL_000551,ORD_00308,PROD_0013,1,490000.0,0.05,465500.0
DTL_000552,ORD_00308,PROD_0036,1,420000.0,0.0,420000.0
DTL_000553,ORD_00309,PROD_0027,1,190000.0,0.0,190000.0
DTL_000554,ORD_00310,PROD_0040,3,2690000.0,0.0,8070000.0
DTL_000555,ORD_00310,PROD_0029,1,520000.0,0.0,520000.0
DTL_000556,ORD_00310,PROD_0010,2,2200000.0,0.0,4400000.0
DTL_000557,ORD_00310,PROD_0003,2,21900000.0,0.0,43800000.0
DTL_000558,ORD_00311,PROD_0002,1,24000000.0,0.0,24000000.0
DTL_000559,ORD_00311,PROD_0022,1,7900000.0,0.0,7900000.0
DTL_000560,ORD_00312,PROD_0043,1,3990000.0,0.0,3990000.0
DTL_000561,ORD_00313,PROD_0042,3,2890000.0,0.0,8670000.0
DTL_000562,ORD_00314,PROD_0042,3,2890000.0,0.0,8670000.0
DTL_000563,ORD_00314,PROD_0025,2,1350000.0,0.1,2430000.0
DTL_000564,ORD_00314,PROD_0015,1,690000.0,0.0,690000.0
DTL_000565,ORD_00315,PROD_0034,1,180000.0,0.0,180000.0
DTL_000566,ORD_00316,PROD_0016,1,790000.0,0.0,790000.0
DTL_000567,ORD_00316,PROD_0033,1,990000.0,0.0,990000.0
DTL_000568,ORD_00317,PROD_0006,1,2100000.0,0.15,1785000.0
DTL_000569,ORD_00317,PROD_0047,1,1690000.0,0.0,1690000.0
DTL_000570,ORD_00318,PROD_0022,1,7900000.0,0.0,7900000.0
DTL_000571,ORD_00318,PROD_0029,1,520000.0,0.0,520000.0
DTL_000572,ORD_00318,PROD_0035,1,650000.0,0.0,650000.0
DTL_000573,ORD_00319,PROD_0036,1,420000.0,0.05,399000.0
DTL_000574,ORD_00320,PROD_0020,3,490000.0,0.0,1470000.0
DTL_000575,ORD_00320,PROD_0029,2,520000.0,0.0,1040000.0
DTL_000576,ORD_00320,PROD_0048,1,14900000.0,0.05,14155000.0
DTL_000577,ORD_00320,PROD_0041,1,7990000.0,0.0,7990000.0
DTL_000578,ORD_00321,PROD_0045,2,5290000.0,0.0,10580000.0
DTL_000579,ORD_00322,PROD_0011,1,290000.0,0.0,290000.0
DTL_000580,ORD_00322,PROD_0013,3,490000.0,0.1,1323000.0
DTL_000581,ORD_00323,PROD_0029,2,520000.0,0.0,1040000.0
DTL_000582,ORD_00324,PROD_0026,3,290000.0,0.0,870000.0
DTL_000583,ORD_00324,PROD_0040,1,2690000.0,0.0,2690000.0
DTL_000584,ORD_00325,PROD_0016,1,790000.0,0.05,750500.0
DTL_000585,ORD_00325,PROD_0034,1,180000.0,0.0,180000.0
DTL_000586,ORD_00325,PROD_0035,1,650000.0,0.0,650000.0
DTL_000587,ORD_00326,PROD_0019,1,720000.0,0.0,720000.0
DTL_000588,ORD_00327,PROD_0033,1,990000.0,0.05,940500.0
DTL_000589,ORD_00328,PROD_0030,1,75000.0,0.05,71250.0
DTL_000590,ORD_00329,PROD_0046,1,3200000.0,0.0,3200000.0
DTL_000591,ORD_00330,PROD_0003,1,21900000.0,0.0,21900000.0
DTL_000592,ORD_00330,PROD_0050,2,1190000.0,0.1,2142000.0
DTL_000593,ORD_00331,PROD_0020,2,490000.0,0.15,833000.0
DTL_000594,ORD_00332,PROD_0017,1,190000.0,0.1,171000.0
DTL_000595,ORD_00332,PROD_0001,1,27500000.0,0.0,27500000.0
DTL_000596,ORD_00333,PROD_0006,1,2100000.0,0.0,2100000.0
DTL_000597,ORD_00334,PROD_0003,2,21900000.0,0.0,43800000.0
DTL_000598,ORD_00334,PROD_0010,2,2200000.0,0.0,4400000.0
DTL_000599,ORD_00335,PROD_0040,1,2690000.0,0.0,2690000.0
DTL_000600,ORD_00335,PROD_0043,2,3990000.0,0.0,7980000.0
DTL_000601,ORD_00336,PROD_0025,2,1350000.0,0.05,2565000.0
DTL_000602,ORD_00337,PROD_0027,1,190000.0,0.0,190000.0
DTL_000603,ORD_00338,PROD_0045,3,5290000.0,0.15,13489500.0
DTL_000604,ORD_00338,PROD_0039,1,1250000.0,0.0,1250000.0
DTL_000605,ORD_00339,PROD_0040,1,2690000.0,0.0,2690000.0
DTL_000606,ORD_00339,PROD_0037,1,5200000.0,0.0,5200000.0
DTL_000607,ORD_00339,PROD_0032,1,4990000.0,0.05,4740500.0
DTL_000608,ORD_00340,PROD_0027,1,190000.0,0.0,190000.0
DTL_000609,ORD_00340,PROD_0003,1,21900000.0,0.0,21900000.0
DTL_000610,ORD_00341,PROD_0036,1,420000.0,0.0,420000.0
DTL_000611,ORD_00342,PROD_0013,1,490000.0,0.0,490000.0
DTL_000612,ORD_00342,PROD_0022,1,7900000.0,0.0,7900000.0
DTL_000613,ORD_00342,PROD_0044,1,890000.0,0.0,890000.0
DTL_000614,ORD_00343,PROD_0004,1,9500000.0,0.0,9500000.0
DTL_000615,ORD_00343,PROD_0034,1,180000.0,0.0,180000.0
DTL_000616,ORD_00343,PROD_0020,1,490000.0,0.0,490000.0
DTL_000617,ORD_00344,PROD_0041,1,7990000.0,0.0,7990000.0
DTL_000618,ORD_00344,PROD_0035,1,650000.0,0.05,617500.0
DTL_000619,ORD_00344,PROD_0011,1,290000.0,0.1,261000.0
DTL_000620,ORD_00344,PROD_0037,2,5200000.0,0.0,10400000.0
DTL_000621,ORD_00345,PROD_0012,1,550000.0,0.0,550000.0
DTL_000622,ORD_00345,PROD_0008,1,8490000.0,0.0,8490000.0
DTL_000623,ORD_00346,PROD_0031,2,15990000.0,0.0,31980000.0
DTL_000624,ORD_00347,PROD_0034,1,180000.0,0.0,180000.0
DTL_000625,ORD_00347,PROD_0044,1,890000.0,0.1,801000.0
DTL_000626,ORD_00347,PROD_0009,1,2850000.0,0.0,2850000.0
DTL_000627,ORD_00348,PROD_0043,1,3990000.0,0.0,3990000.0
DTL_000628,ORD_00348,PROD_0048,1,14900000.0,0.1,13410000.0
DTL_000629,ORD_00349,PROD_0043,1,3990000.0,0.0,3990000.0
DTL_000630,ORD_00349,PROD_0008,1,8490000.0,0.15,7216500.0
DTL_000631,ORD_00350,PROD_0046,2,3200000.0,0.0,6400000.0
DTL_000632,ORD_00351,PROD_0002,1,24000000.0,0.0,24000000.0
DTL_000633,ORD_00352,PROD_0038,2,2590000.0,0.0,5180000.0
DTL_000634,ORD_00352,PROD_0041,1,7990000.0,0.0,7990000.0
DTL_000635,ORD_00353,PROD_0006,1,2100000.0,0.0,2100000.0
DTL_000636,ORD_00353,PROD_0045,1,5290000.0,0.05,5025500.0
DTL_000637,ORD_00354,PROD_0026,3,290000.0,0.0,870000.0
DTL_000638,ORD_00354,PROD_0012,2,550000.0,0.0,1100000.0
DTL_000639,ORD_00354,PROD_0045,1,5290000.0,0.0,5290000.0
DTL_000640,ORD_00355,PROD_0039,1,1250000.0,0.0,1250000.0
DTL_000641,ORD_00355,PROD_0037,2,5200000.0,0.05,9880000.0
DTL_000642,ORD_00356,PROD_0027,1,190000.0,0.0,190000.0
DTL_000643,ORD_00357,PROD_0028,2,150000.0,0.0,300000.0
DTL_000644,ORD_00357,PROD_0037,1,5200000.0,0.0,5200000.0
DTL_000645,ORD_00358,PROD_0007,2,2450000.0,0.0,4900000.0
DTL_000646,ORD_00359,PROD_0042,1,2890000.0,0.0,2890000.0
DTL_000647,ORD_00360,PROD_0019,1,720000.0,0.0,720000.0
DTL_000648,ORD_00360,PROD_0025,1,1350000.0,0.1,1215000.0
DTL_000649,ORD_00361,PROD_0038,1,2590000.0,0.0,2590000.0
DTL_000650,ORD_00361,PROD_0001,1,27500000.0,0.0,27500000.0
DTL_000651,ORD_00361,PROD_0040,1,2690000.0,0.0,2690000.0
DTL_000652,ORD_00361,PROD_0033,2,990000.0,0.05,1881000.0
DTL_000653,ORD_00362,PROD_0026,1,290000.0,0.0,290000.0
DTL_000654,ORD_00362,PROD_0041,1,7990000.0,0.0,7990000.0
DTL_000655,ORD_00363,PROD_0024,1,4490000.0,0.1,4041000.0
DTL_000656,ORD_00363,PROD_0027,1,190000.0,0.0,190000.0
DTL_000657,ORD_00363,PROD_0010,1,2200000.0,0.0,2200000.0
DTL_000658,ORD_00364,PROD_0045,1,5290000.0,0.0,5290000.0
DTL_000659,ORD_00364,PROD_0039,1,1250000.0,0.05,1187500.0
DTL_000660,ORD_00364,PROD_0028,1,150000.0,0.0,150000.0
DTL_000661,ORD_00365,PROD_0035,1,650000.0,0.0,650000.0
DTL_000662,ORD_00366,PROD_0006,5,2100000.0,0.15,8925000.0
DTL_000663,ORD_00366,PROD_0010,2,2200000.0,0.0,4400000.0
DTL_000664,ORD_00366,PROD_0047,1,1690000.0,0.1,1521000.0
DTL_000665,ORD_00366,PROD_0034,1,180000.0,0.0,180000.0
DTL_000666,ORD_00367,PROD_0033,1,990000.0,0.0,990000.0
DTL_000667,ORD_00367,PROD_0031,1,15990000.0,0.15,13591500.0
DTL_000668,ORD_00368,PROD_0037,1,5200000.0,0.0,5200000.0
DTL_000669,ORD_00368,PROD_0017,1,190000.0,0.0,190000.0
DTL_000670,ORD_00369,PROD_0018,1,890000.0,0.0,890000.0
DTL_000671,ORD_00369,PROD_0017,2,190000.0,0.0,380000.0
DTL_000672,ORD_00370,PROD_0012,1,550000.0,0.05,522500.0
DTL_000673,ORD_00371,PROD_0039,5,1250000.0,0.05,5937500.0
DTL_000674,ORD_00371,PROD_0010,1,2200000.0,0.0,2200000.0
DTL_000675,ORD_00371,PROD_0032,1,4990000.0,0.0,4990000.0
DTL_000676,ORD_00371,PROD_0049,2,1990000.0,0.0,3980000.0
DTL_000677,ORD_00372,PROD_0031,3,15990000.0,0.1,43173000.0
DTL_000678,ORD_00372,PROD_0048,1,14900000.0,0.0,14900000.0
DTL_000679,ORD_00373,PROD_0029,1,520000.0,0.0,520000.0
DTL_000680,ORD_00374,PROD_0042,1,2890000.0,0.0,2890000.0
DTL_000681,ORD_00374,PROD_0018,1,890000.0,0.0,890000.0
DTL_000682,ORD_00375,PROD_0044,5,890000.0,0.0,4450000.0
DTL_000683,ORD_00375,PROD_0045,1,5290000.0,0.0,5290000.0
DTL_000684,ORD_00376,PROD_0047,1,1690000.0,0.0,1690000.0
DTL_000685,ORD_00377,PROD_0041,2,7990000.0,0.0,15980000.0
DTL_000686,ORD_00377,PROD_0008,1,8490000.0,0.1,7641000.0
DTL_000687,ORD_00377,PROD_0046,1,3200000.0,0.15,2720000.0
DTL_000688,ORD_00377,PROD_0006,2,2100000.0,0.0,4200000.0
DTL_000689,ORD_00378,PROD_0018,1,890000.0,0.0,890000.0
DTL_000690,ORD_00378,PROD_0050,2,1190000.0,0.0,2380000.0
DTL_000691,ORD_00378,PROD_0028,2,150000.0,0.0,300000.0
DTL_000692,ORD_00379,PROD_0017,1,190000.0,0.1,171000.0
DTL_000693,ORD_00379,PROD_0012,1,550000.0,0.0,550000.0
DTL_000694,ORD_00379,PROD_0029,1,520000.0,0.0,520000.0
DTL_000695,ORD_00379,PROD_0005,2,11500000.0,0.0,23000000.0
DTL_000696,ORD_00380,PROD_0037,2,5200000.0,0.05,9880000.0
DTL_000697,ORD_00381,PROD_0018,2,890000.0,0.1,1602000.0
DTL_000698,ORD_00381,PROD_0010,1,2200000.0,0.0,2200000.0
DTL_000699,ORD_00382,PROD_0045,2,5290000.0,0.0,10580000.0
DTL_000700,ORD_00383,PROD_0042,1,2890000.0,0.0,2890000.0
DTL_000701,ORD_00384,PROD_0012,1,550000.0,0.0,550000.0
DTL_000702,ORD_00384,PROD_0036,1,420000.0,0.0,420000.0
DTL_000703,ORD_00385,PROD_0013,1,490000.0,0.15,416500.0
DTL_000704,ORD_00386,PROD_0029,1,520000.0,0.0,520000.0
DTL_000705,ORD_00386,PROD_0002,2,24000000.0,0.0,48000000.0
DTL_000706,ORD_00387,PROD_0015,1,690000.0,0.0,690000.0
DTL_000707,ORD_00387,PROD_0005,1,11500000.0,0.0,11500000.0
DTL_000708,ORD_00388,PROD_0004,3,9500000.0,0.05,27075000.0
DTL_000709,ORD_00389,PROD_0007,1,2450000.0,0.0,2450000.0
DTL_000710,ORD_00389,PROD_0008,1,8490000.0,0.0,8490000.0
DTL_000711,ORD_00389,PROD_0032,1,4990000.0,0.05,4740500.0
DTL_000712,ORD_00390,PROD_0014,2,350000.0,0.0,700000.0
DTL_000713,ORD_00391,PROD_0036,1,420000.0,0.1,378000.0
DTL_000714,ORD_00391,PROD_0011,1,290000.0,0.0,290000.0
DTL_000715,ORD_00392,PROD_0006,3,2100000.0,0.05,5985000.0
DTL_000716,ORD_00392,PROD_0001,1,27500000.0,0.0,27500000.0
DTL_000717,ORD_00392,PROD_0012,1,550000.0,0.05,522500.0
DTL_000718,ORD_00393,PROD_0012,1,550000.0,0.0,550000.0
DTL_000719,ORD_00394,PROD_0036,1,420000.0,0.0,420000.0
DTL_000720,ORD_00395,PROD_0041,1,7990000.0,0.0,7990000.0
DTL_000721,ORD_00395,PROD_0043,1,3990000.0,0.0,3990000.0
DTL_000722,ORD_00396,PROD_0019,1,720000.0,0.0,720000.0
DTL_000723,ORD_00396,PROD_0014,2,350000.0,0.05,665000.0
DTL_000724,ORD_00397,PROD_0032,1,4990000.0,0.1,4491000.0
DTL_000725,ORD_00397,PROD_0033,2,990000.0,0.0,1980000.0
DTL_000726,ORD_00398,PROD_0021,1,4290000.0,0.05,4075500.0
DTL_000727,ORD_00398,PROD_0015,2,690000.0,0.0,1380000.0
DTL_000728,ORD_00399,PROD_0040,1,2690000.0,0.0,2690000.0
DTL_000729,ORD_00400,PROD_0003,1,21900000.0,0.0,21900000.0
DTL_000730,ORD_00401,PROD_0019,1,720000.0,0.05,684000.0
DTL_000731,ORD_00402,PROD_0034,1,180000.0,0.15,153000.0
DTL_000732,ORD_00403,PROD_0028,1,150000.0,0.1,135000.0
DTL_000733,ORD_00404,PROD_0047,1,1690000.0,0.0,1690000.0
DTL_000734,ORD_00404,PROD_0050,2,1190000.0,0.0,2380000.0
DTL_000735,ORD_00404,PROD_0033,1,990000.0,0.0,990000.0
DTL_000736,ORD_00404,PROD_0003,1,21900000.0,0.05,20805000.0
DTL_000737,ORD_00405,PROD_0006,1,2100000.0,0.0,2100000.0
DTL_000738,ORD_00405,PROD_0002,2,24000000.0,0.1,43200000.0
DTL_000739,ORD_00406,PROD_0046,1,3200000.0,0.1,2880000.0
DTL_000740,ORD_00406,PROD_0026,1,290000.0,0.05,275500.0
DTL_000741,ORD_00407,PROD_0049,1,1990000.0,0.1,1791000.0
DTL_000742,ORD_00408,PROD_0022,3,7900000.0,0.0,23700000.0
DTL_000743,ORD_00408,PROD_0048,3,14900000.0,0.0,44700000.0
DTL_000744,ORD_00409,PROD_0012,1,550000.0,0.05,522500.0
DTL_000745,ORD_00410,PROD_0042,2,2890000.0,0.05,5491000.0
DTL_000746,ORD_00410,PROD_0031,2,15990000.0,0.05,30381000.0
DTL_000747,ORD_00411,PROD_0005,1,11500000.0,0.0,11500000.0
DTL_000748,ORD_00412,PROD_0024,3,4490000.0,0.05,12796500.0
DTL_000749,ORD_00412,PROD_0044,3,890000.0,0.0,2670000.0
DTL_000750,ORD_00413,PROD_0005,1,11500000.0,0.0,11500000.0
DTL_000751,ORD_00413,PROD_0007,1,2450000.0,0.0,2450000.0
DTL_000752,ORD_00413,PROD_0011,3,290000.0,0.0,870000.0
DTL_000753,ORD_00413,PROD_0018,1,890000.0,0.0,890000.0
DTL_000754,ORD_00414,PROD_0002,2,24000000.0,0.0,48000000.0
DTL_000755,ORD_00415,PROD_0045,2,5290000.0,0.0,10580000.0
DTL_000756,ORD_00415,PROD_0034,1,180000.0,0.0,180000.0
DTL_000757,ORD_00416,PROD_0004,1,9500000.0,0.0,9500000.0
DTL_000758,ORD_00416,PROD_0010,1,2200000.0,0.1,1980000.0
DTL_000759,ORD_00417,PROD_0008,1,8490000.0,0.0,8490000.0
DTL_000760,ORD_00418,PROD_0023,1,1990000.0,0.0,1990000.0
DTL_000761,ORD_00418,PROD_0010,1,2200000.0,0.0,2200000.0
DTL_000762,ORD_00419,PROD_0010,1,2200000.0,0.0,2200000.0
DTL_000763,ORD_00419,PROD_0001,1,27500000.0,0.0,27500000.0
DTL_000764,ORD_00419,PROD_0048,2,14900000.0,0.15,25330000.0
DTL_000765,ORD_00420,PROD_0008,2,8490000.0,0.1,15282000.0
DTL_000766,ORD_00421,PROD_0006,1,2100000.0,0.0,2100000.0
DTL_000767,ORD_00422,PROD_0035,2,650000.0,0.0,1300000.0
DTL_000768,ORD_00423,PROD_0024,2,4490000.0,0.0,8980000.0
DTL_000769,ORD_00423,PROD_0026,1,290000.0,0.0,290000.0
DTL_000770,ORD_00423,PROD_0010,1,2200000.0,0.0,2200000.0
DTL_000771,ORD_00424,PROD_0019,3,720000.0,0.0,2160000.0
DTL_000772,ORD_00424,PROD_0011,2,290000.0,0.0,580000.0
DTL_000773,ORD_00424,PROD_0047,1,1690000.0,0.0,1690000.0
DTL_000774,ORD_00425,PROD_0038,2,2590000.0,0.0,5180000.0
DTL_000775,ORD_00426,PROD_0025,1,1350000.0,0.0,1350000.0
DTL_000776,ORD_00427,PROD_0001,1,27500000.0,0.0,27500000.0
DTL_000777,ORD_00428,PROD_0045,1,5290000.0,0.0,5290000.0
DTL_000778,ORD_00429,PROD_0024,1,4490000.0,0.0,4490000.0
DTL_000779,ORD_00429,PROD_0038,1,2590000.0,0.0,2590000.0
DTL_000780,ORD_00430,PROD_0011,1,290000.0,0.0,290000.0
DTL_000781,ORD_00430,PROD_0038,1,2590000.0,0.0,2590000.0
DTL_000782,ORD_00430,PROD_0004,1,9500000.0,0.0,9500000.0
DTL_000783,ORD_00431,PROD_0050,1,1190000.0,0.0,1190000.0
DTL_000784,ORD_00431,PROD_0041,2,7990000.0,0.0,15980000.0
DTL_000785,ORD_00432,PROD_0023,1,1990000.0,0.0,1990000.0
DTL_000786,ORD_00432,PROD_0010,1,2200000.0,0.0,2200000.0
DTL_000787,ORD_00433,PROD_0036,2,420000.0,0.0,840000.0
DTL_000788,ORD_00433,PROD_0040,1,2690000.0,0.0,2690000.0
DTL_000789,ORD_00433,PROD_0045,2,5290000.0,0.0,10580000.0
DTL_000790,ORD_00434,PROD_0020,1,490000.0,0.05,465500.0
DTL_000791,ORD_00434,PROD_0045,2,5290000.0,0.0,10580000.0
DTL_000792,ORD_00435,PROD_0045,1,5290000.0,0.0,5290000.0
DTL_000793,ORD_00436,PROD_0008,1,8490000.0,0.0,8490000.0
DTL_000794,ORD_00436,PROD_0005,1,11500000.0,0.0,11500000.0
DTL_000795,ORD_00437,PROD_0043,1,3990000.0,0.0,3990000.0
DTL_000796,ORD_00438,PROD_0002,1,24000000.0,0.05,22800000.0
DTL_000797,ORD_00438,PROD_0006,1,2100000.0,0.0,2100000.0
DTL_000798,ORD_00439,PROD_0005,2,11500000.0,0.05,21850000.0
DTL_000799,ORD_00439,PROD_0007,1,2450000.0,0.05,2327500.0
DTL_000800,ORD_00440,PROD_0033,1,990000.0,0.0,990000.0
DTL_000801,ORD_00440,PROD_0046,1,3200000.0,0.15,2720000.0
DTL_000802,ORD_00440,PROD_0031,1,15990000.0,0.0,15990000.0
DTL_000803,ORD_00441,PROD_0021,1,4290000.0,0.0,4290000.0
DTL_000804,ORD_00441,PROD_0008,1,8490000.0,0.0,8490000.0
DTL_000805,ORD_00442,PROD_0030,1,75000.0,0.0,75000.0
DTL_000806,ORD_00443,PROD_0031,1,15990000.0,0.15,13591500.0
DTL_000807,ORD_00443,PROD_0044,1,890000.0,0.0,890000.0
DTL_000808,ORD_00443,PROD_0024,1,4490000.0,0.0,4490000.0
DTL_000809,ORD_00444,PROD_0011,1,290000.0,0.0,290000.0
DTL_000810,ORD_00444,PROD_0005,1,11500000.0,0.05,10925000.0
DTL_000811,ORD_00445,PROD_0046,2,3200000.0,0.0,6400000.0
DTL_000812,ORD_00446,PROD_0033,1,990000.0,0.0,990000.0
DTL_000813,ORD_00446,PROD_0018,1,890000.0,0.0,890000.0
DTL_000814,ORD_00446,PROD_0010,3,2200000.0,0.0,6600000.0
DTL_000815,ORD_00446,PROD_0050,2,1190000.0,0.05,2261000.0
DTL_000816,ORD_00447,PROD_0040,1,2690000.0,0.0,2690000.0
DTL_000817,ORD_00448,PROD_0032,1,4990000.0,0.0,4990000.0
DTL_000818,ORD_00449,PROD_0008,2,8490000.0,0.0,16980000.0
DTL_000819,ORD_00449,PROD_0025,1,1350000.0,0.0,1350000.0
DTL_000820,ORD_00449,PROD_0029,1,520000.0,0.05,494000.0
DTL_000821,ORD_00449,PROD_0021,2,4290000.0,0.0,8580000.0
DTL_000822,ORD_00450,PROD_0032,1,4990000.0,0.0,4990000.0
DTL_000823,ORD_00450,PROD_0043,1,3990000.0,0.0,3990000.0
DTL_000824,ORD_00451,PROD_0023,3,1990000.0,0.0,5970000.0
DTL_000825,ORD_00451,PROD_0050,1,1190000.0,0.0,1190000.0
DTL_000826,ORD_00452,PROD_0028,1,150000.0,0.0,150000.0
DTL_000827,ORD_00453,PROD_0005,1,11500000.0,0.0,11500000.0
DTL_000828,ORD_00453,PROD_0020,1,490000.0,0.0,490000.0
DTL_000829,ORD_00453,PROD_0008,2,8490000.0,0.0,16980000.0
DTL_000830,ORD_00454,PROD_0025,2,1350000.0,0.0,2700000.0
DTL_000831,ORD_00454,PROD_0037,1,5200000.0,0.0,5200000.0
DTL_000832,ORD_00454,PROD_0021,1,4290000.0,0.05,4075500.0
DTL_000833,ORD_00454,PROD_0007,1,2450000.0,0.0,2450000.0
DTL_000834,ORD_00455,PROD_0004,1,9500000.0,0.0,9500000.0
DTL_000835,ORD_00456,PROD_0018,1,890000.0,0.0,890000.0
DTL_000836,ORD_00456,PROD_0005,1,11500000.0,0.0,11500000.0
DTL_000837,ORD_00457,PROD_0021,1,4290000.0,0.0,4290000.0
DTL_000838,ORD_00457,PROD_0013,1,490000.0,0.0,490000.0
DTL_000839,ORD_00458,PROD_0014,3,350000.0,0.05,997500.0
DTL_000840,ORD_00458,PROD_0043,1,3990000.0,0.1,3591000.0
DTL_000841,ORD_00459,PROD_0010,1,2200000.0,0.05,2090000.0
DTL_000842,ORD_00460,PROD_0018,1,890000.0,0.0,890000.0
DTL_000843,ORD_00460,PROD_0019,1,720000.0,0.0,720000.0
DTL_000844,ORD_00460,PROD_0042,1,2890000.0,0.0,2890000.0
DTL_000845,ORD_00461,PROD_0003,1,21900000.0,0.0,21900000.0
DTL_000846,ORD_00461,PROD_0013,1,490000.0,0.05,465500.0
DTL_000847,ORD_00462,PROD_0004,1,9500000.0,0.0,9500000.0
DTL_000848,ORD_00462,PROD_0006,1,2100000.0,0.15,1785000.0
DTL_000849,ORD_00463,PROD_0048,1,14900000.0,0.0,14900000.0
DTL_000850,ORD_00464,PROD_0050,1,1190000.0,0.0,1190000.0
DTL_000851,ORD_00464,PROD_0021,1,4290000.0,0.05,4075500.0
DTL_000852,ORD_00465,PROD_0029,1,520000.0,0.0,520000.0
DTL_000853,ORD_00465,PROD_0027,1,190000.0,0.0,190000.0
DTL_000854,ORD_00465,PROD_0017,1,190000.0,0.0,190000.0
DTL_000855,ORD_00465,PROD_0038,1,2590000.0,0.0,2590000.0
DTL_000856,ORD_00466,PROD_0039,2,1250000.0,0.0,2500000.0
DTL_000857,ORD_00466,PROD_0003,3,21900000.0,0.0,65700000.0
DTL_000858,ORD_00467,PROD_0044,2,890000.0,0.1,1602000.0
DTL_000859,ORD_00467,PROD_0008,1,8490000.0,0.1,7641000.0
DTL_000860,ORD_00467,PROD_0035,1,650000.0,0.15,552500.0
DTL_000861,ORD_00468,PROD_0011,3,290000.0,0.0,870000.0
DTL_000862,ORD_00469,PROD_0027,2,190000.0,0.1,342000.0
DTL_000863,ORD_00469,PROD_0022,2,7900000.0,0.05,15010000.0
DTL_000864,ORD_00470,PROD_0002,1,24000000.0,0.0,24000000.0
DTL_000865,ORD_00470,PROD_0049,1,1990000.0,0.05,1890500.0
DTL_000866,ORD_00471,PROD_0008,1,8490000.0,0.05,8065500.0
DTL_000867,ORD_00471,PROD_0011,2,290000.0,0.0,580000.0
DTL_000868,ORD_00472,PROD_0048,1,14900000.0,0.0,14900000.0
DTL_000869,ORD_00472,PROD_0009,2,2850000.0,0.05,5415000.0
DTL_000870,ORD_00473,PROD_0037,3,5200000.0,0.1,14040000.0
DTL_000871,ORD_00473,PROD_0015,1,690000.0,0.0,690000.0
DTL_000872,ORD_00473,PROD_0002,3,24000000.0,0.15,61200000.0
DTL_000873,ORD_00474,PROD_0010,3,2200000.0,0.0,6600000.0
DTL_000874,ORD_00474,PROD_0006,1,2100000.0,0.0,2100000.0
DTL_000875,ORD_00475,PROD_0046,1,3200000.0,0.1,2880000.0
DTL_000876,ORD_00476,PROD_0019,1,720000.0,0.0,720000.0
DTL_000877,ORD_00476,PROD_0047,1,1690000.0,0.0,1690000.0
DTL_000878,ORD_00477,PROD_0042,1,2890000.0,0.0,2890000.0
DTL_000879,ORD_00477,PROD_0030,2,75000.0,0.15,127500.0
DTL_000880,ORD_00478,PROD_0036,1,420000.0,0.0,420000.0
DTL_000881,ORD_00479,PROD_0033,1,990000.0,0.0,990000.0
DTL_000882,ORD_00480,PROD_0017,1,190000.0,0.1,171000.0
DTL_000883,ORD_00480,PROD_0011,2,290000.0,0.0,580000.0
DTL_000884,ORD_00481,PROD_0009,1,2850000.0,0.15,2422500.0
DTL_000885,ORD_00482,PROD_0028,1,150000.0,0.15,127500.0
DTL_000886,ORD_00482,PROD_0011,2,290000.0,0.0,580000.0
DTL_000887,ORD_00483,PROD_0031,1,15990000.0,0.05,15190500.0
DTL_000888,ORD_00484,PROD_0008,2,8490000.0,0.0,16980000.0
DTL_000889,ORD_00484,PROD_0047,1,1690000.0,0.1,1521000.0
DTL_000890,ORD_00485,PROD_0001,2,27500000.0,0.0,55000000.0
DTL_000891,ORD_00485,PROD_0034,3,180000.0,0.0,540000.0
DTL_000892,ORD_00486,PROD_0007,2,2450000.0,0.0,4900000.0
DTL_000893,ORD_00487,PROD_0003,1,21900000.0,0.15,18615000.0
DTL_000894,ORD_00488,PROD_0004,2,9500000.0,0.0,19000000.0
DTL_000895,ORD_00489,PROD_0026,1,290000.0,0.05,275500.0
DTL_000896,ORD_00489,PROD_0006,1,2100000.0,0.05,1995000.0
DTL_000897,ORD_00489,PROD_0002,1,24000000.0,0.0,24000000.0
DTL_000898,ORD_00489,PROD_0014,1,350000.0,0.0,350000.0
DTL_000899,ORD_00490,PROD_0032,2,4990000.0,0.0,9980000.0
DTL_000900,ORD_00490,PROD_0029,1,520000.0,0.0,520000.0
DTL_000901,ORD_00491,PROD_0033,1,990000.0,0.0,990000.0
DTL_000902,ORD_00492,PROD_0028,1,150000.0,0.05,142500.0
DTL_000903,ORD_00493,PROD_0019,1,720000.0,0.0,720000.0
DTL_000904,ORD_00493,PROD_0037,1,5200000.0,0.0,5200000.0
DTL_000905,ORD_00494,PROD_0038,1,2590000.0,0.0,2590000.0
DTL_000906,ORD_00495,PROD_0027,2,190000.0,0.0,380000.0
DTL_000907,ORD_00496,PROD_0012,5,550000.0,0.0,2750000.0
DTL_000908,ORD_00496,PROD_0014,1,350000.0,0.0,350000.0
DTL_000909,ORD_00496,PROD_0006,1,2100000.0,0.0,2100000.0
DTL_000910,ORD_00496,PROD_0048,1,14900000.0,0.0,14900000.0
DTL_000911,ORD_00497,PROD_0045,1,5290000.0,0.0,5290000.0
DTL_000912,ORD_00497,PROD_0044,1,890000.0,0.0,890000.0
DTL_000913,ORD_00498,PROD_0042,1,2890000.0,0.0,2890000.0
DTL_000914,ORD_00498,PROD_0016,2,790000.0,0.0,1580000.0
DTL_000915,ORD_00499,PROD_0010,2,2200000.0,0.0,4400000.0
DTL_000916,ORD_00500,PROD_0037,2,5200000.0,0.0,10400000.0
DTL_000917,ORD_00501,PROD_0048,2,14900000.0,0.15,25330000.0
DTL_000918,ORD_00501,PROD_0038,1,2590000.0,0.0,2590000.0
DTL_000919,ORD_00501,PROD_0039,1,1250000.0,0.05,1187500.0
DTL_000920,ORD_00502,PROD_0021,1,4290000.0,0.0,4290000.0
DTL_000921,ORD_00503,PROD_0028,1,150000.0,0.0,150000.0
DTL_000922,ORD_00504,PROD_0044,3,890000.0,0.1,2403000.0
DTL_000923,ORD_00504,PROD_0022,2,7900000.0,0.0,15800000.0
DTL_000924,ORD_00505,PROD_0011,1,290000.0,0.0,290000.0
DTL_000925,ORD_00505,PROD_0040,1,2690000.0,0.0,2690000.0
DTL_000926,ORD_00506,PROD_0032,1,4990000.0,0.0,4990000.0
DTL_000927,ORD_00506,PROD_0020,1,490000.0,0.1,441000.0
DTL_000928,ORD_00506,PROD_0016,1,790000.0,0.0,790000.0
DTL_000929,ORD_00507,PROD_0015,1,690000.0,0.15,586500.0
DTL_000930,ORD_00508,PROD_0029,3,520000.0,0.05,1482000.0
DTL_000931,ORD_00508,PROD_0030,3,75000.0,0.05,213750.0
DTL_000932,ORD_00509,PROD_0024,1,4490000.0,0.0,4490000.0
DTL_000933,ORD_00509,PROD_0011,1,290000.0,0.05,275500.0
DTL_000934,ORD_00509,PROD_0047,1,1690000.0,0.0,1690000.0
DTL_000935,ORD_00510,PROD_0050,1,1190000.0,0.0,1190000.0
DTL_000936,ORD_00510,PROD_0001,1,27500000.0,0.0,27500000.0
DTL_000937,ORD_00510,PROD_0016,2,790000.0,0.0,1580000.0
DTL_000938,ORD_00510,PROD_0031,1,15990000.0,0.0,15990000.0
DTL_000939,ORD_00511,PROD_0027,2,190000.0,0.0,380000.0
DTL_000940,ORD_00511,PROD_0030,1,75000.0,0.0,75000.0
DTL_000941,ORD_00511,PROD_0034,1,180000.0,0.05,171000.0
DTL_000942,ORD_00512,PROD_0049,1,1990000.0,0.1,1791000.0
DTL_000943,ORD_00513,PROD_0044,2,890000.0,0.1,1602000.0
DTL_000944,ORD_00514,PROD_0029,1,520000.0,0.0,520000.0
DTL_000945,ORD_00514,PROD_0042,2,2890000.0,0.0,5780000.0
DTL_000946,ORD_00515,PROD_0035,1,650000.0,0.05,617500.0
DTL_000947,ORD_00516,PROD_0033,1,990000.0,0.0,990000.0
DTL_000948,ORD_00517,PROD_0050,1,1190000.0,0.0,1190000.0
DTL_000949,ORD_00518,PROD_0023,1,1990000.0,0.0,1990000.0
DTL_000950,ORD_00518,PROD_0008,1,8490000.0,0.0,8490000.0
DTL_000951,ORD_00519,PROD_0019,1,720000.0,0.05,684000.0
DTL_000952,ORD_00520,PROD_0038,1,2590000.0,0.05,2460500.0
DTL_000953,ORD_00521,PROD_0028,2,150000.0,0.0,300000.0
DTL_000954,ORD_00522,PROD_0038,1,2590000.0,0.0,2590000.0
DTL_000955,ORD_00522,PROD_0032,3,4990000.0,0.0,14970000.0
DTL_000956,ORD_00522,PROD_0041,3,7990000.0,0.05,22771500.0
DTL_000957,ORD_00523,PROD_0033,1,990000.0,0.0,990000.0
DTL_000958,ORD_00523,PROD_0034,2,180000.0,0.1,324000.0
DTL_000959,ORD_00523,PROD_0008,1,8490000.0,0.15,7216500.0
DTL_000960,ORD_00523,PROD_0045,1,5290000.0,0.0,5290000.0
DTL_000961,ORD_00524,PROD_0024,1,4490000.0,0.0,4490000.0
DTL_000962,ORD_00525,PROD_0048,1,14900000.0,0.0,14900000.0
DTL_000963,ORD_00526,PROD_0022,1,7900000.0,0.05,7505000.0
DTL_000964,ORD_00526,PROD_0025,1,1350000.0,0.05,1282500.0
DTL_000965,ORD_00527,PROD_0040,1,2690000.0,0.0,2690000.0
DTL_000966,ORD_00528,PROD_0011,1,290000.0,0.0,290000.0
DTL_000967,ORD_00528,PROD_0046,2,3200000.0,0.0,6400000.0
DTL_000968,ORD_00529,PROD_0034,1,180000.0,0.0,180000.0
DTL_000969,ORD_00529,PROD_0013,1,490000.0,0.0,490000.0
DTL_000970,ORD_00529,PROD_0049,3,1990000.0,0.0,5970000.0
DTL_000971,ORD_00529,PROD_0031,1,15990000.0,0.05,15190500.0
DTL_000972,ORD_00530,PROD_0003,1,21900000.0,0.1,19710000.0
DTL_000973,ORD_00531,PROD_0006,1,2100000.0,0.0,2100000.0
DTL_000974,ORD_00532,PROD_0027,1,190000.0,0.0,190000.0
DTL_000975,ORD_00533,PROD_0010,1,2200000.0,0.0,2200000.0
DTL_000976,ORD_00534,PROD_0049,1,1990000.0,0.0,1990000.0
DTL_000977,ORD_00534,PROD_0033,1,990000.0,0.0,990000.0
DTL_000978,ORD_00535,PROD_0038,1,2590000.0,0.0,2590000.0
DTL_000979,ORD_00536,PROD_0033,1,990000.0,0.15,841500.0
DTL_000980,ORD_00536,PROD_0014,2,350000.0,0.0,700000.0
DTL_000981,ORD_00536,PROD_0010,1,2200000.0,0.1,1980000.0
DTL_000982,ORD_00537,PROD_0011,1,290000.0,0.1,261000.0
DTL_000983,ORD_00537,PROD_0001,1,27500000.0,0.0,27500000.0
DTL_000984,ORD_00538,PROD_0033,1,990000.0,0.05,940500.0
DTL_000985,ORD_00538,PROD_0019,1,720000.0,0.0,720000.0
DTL_000986,ORD_00539,PROD_0033,3,990000.0,0.0,2970000.0
DTL_000987,ORD_00540,PROD_0043,5,3990000.0,0.0,19950000.0
DTL_000988,ORD_00541,PROD_0001,1,27500000.0,0.0,27500000.0
DTL_000989,ORD_00541,PROD_0044,1,890000.0,0.0,890000.0
DTL_000990,ORD_00542,PROD_0043,1,3990000.0,0.0,3990000.0
DTL_000991,ORD_00542,PROD_0029,2,520000.0,0.05,988000.0
DTL_000992,ORD_00543,PROD_0024,3,4490000.0,0.0,13470000.0
DTL_000993,ORD_00544,PROD_0040,1,2690000.0,0.05,2555500.0
DTL_000994,ORD_00545,PROD_0046,2,3200000.0,0.0,6400000.0
DTL_000995,ORD_00546,PROD_0013,1,490000.0,0.0,490000.0
DTL_000996,ORD_00547,PROD_0037,2,5200000.0,0.1,9360000.0
DTL_000997,ORD_00548,PROD_0045,1,5290000.0,0.0,5290000.0
DTL_000998,ORD_00548,PROD_0044,1,890000.0,0.1,801000.0
DTL_000999,ORD_00548,PROD_0035,1,650000.0,0.1,585000.0
DTL_001000,ORD_00548,PROD_0040,1,2690000.0,0.1,2421000.0
DTL_001001,ORD_00549,PROD_0034,1,180000.0,0.05,171000.0
DTL_001002,ORD_00549,PROD_0049,1,1990000.0,0.1,1791000.0
DTL_001003,ORD_00550,PROD_0037,2,5200000.0,0.15,8840000.0
DTL_001004,ORD_00551,PROD_0005,1,11500000.0,0.0,11500000.0
DTL_001005,ORD_00552,PROD_0031,1,15990000.0,0.0,15990000.0
DTL_001006,ORD_00553,PROD_0040,2,2690000.0,0.0,5380000.0
DTL_001007,ORD_00553,PROD_0029,1,520000.0,0.0,520000.0
DTL_001008,ORD_00554,PROD_0029,1,520000.0,0.0,520000.0
DTL_001009,ORD_00555,PROD_0025,1,1350000.0,0.0,1350000.0
DTL_001010,ORD_00556,PROD_0040,1,2690000.0,0.0,2690000.0
DTL_001011,ORD_00556,PROD_0007,1,2450000.0,0.0,2450000.0
DTL_001012,ORD_00556,PROD_0022,1,7900000.0,0.0,7900000.0
DTL_001013,ORD_00557,PROD_0017,1,190000.0,0.05,180500.0
DTL_001014,ORD_00557,PROD_0023,1,1990000.0,0.0,1990000.0
DTL_001015,ORD_00558,PROD_0035,2,650000.0,0.0,1300000.0
DTL_001016,ORD_00559,PROD_0033,2,990000.0,0.0,1980000.0
DTL_001017,ORD_00560,PROD_0022,1,7900000.0,0.0,7900000.0
DTL_001018,ORD_00560,PROD_0013,5,490000.0,0.0,2450000.0
DTL_001019,ORD_00561,PROD_0030,2,75000.0,0.1,135000.0
DTL_001020,ORD_00562,PROD_0016,2,790000.0,0.15,1343000.0
DTL_001021,ORD_00562,PROD_0031,1,15990000.0,0.05,15190500.0
DTL_001022,ORD_00563,PROD_0005,1,11500000.0,0.0,11500000.0
DTL_001023,ORD_00564,PROD_0002,1,24000000.0,0.0,24000000.0
DTL_001024,ORD_00565,PROD_0002,1,24000000.0,0.0,24000000.0
DTL_001025,ORD_00566,PROD_0020,1,490000.0,0.0,490000.0
DTL_001026,ORD_00566,PROD_0030,1,75000.0,0.0,75000.0
DTL_001027,ORD_00566,PROD_0016,2,790000.0,0.0,1580000.0
DTL_001028,ORD_00567,PROD_0025,1,1350000.0,0.0,1350000.0
DTL_001029,ORD_00568,PROD_0019,1,720000.0,0.0,720000.0
DTL_001030,ORD_00568,PROD_0010,1,2200000.0,0.0,2200000.0
DTL_001031,ORD_00568,PROD_0021,1,4290000.0,0.0,4290000.0
DTL_001032,ORD_00569,PROD_0025,2,1350000.0,0.0,2700000.0
DTL_001033,ORD_00570,PROD_0034,1,180000.0,0.15,153000.0
DTL_001034,ORD_00570,PROD_0045,1,5290000.0,0.0,5290000.0
DTL_001035,ORD_00571,PROD_0026,1,290000.0,0.0,290000.0
DTL_001036,ORD_00571,PROD_0014,1,350000.0,0.05,332500.0
DTL_001037,ORD_00571,PROD_0020,1,490000.0,0.0,490000.0
DTL_001038,ORD_00572,PROD_0030,1,75000.0,0.0,75000.0
DTL_001039,ORD_00572,PROD_0033,1,990000.0,0.0,990000.0
DTL_001040,ORD_00573,PROD_0042,1,2890000.0,0.1,2601000.0
DTL_001041,ORD_00574,PROD_0007,1,2450000.0,0.0,2450000.0
DTL_001042,ORD_00574,PROD_0008,1,8490000.0,0.0,8490000.0
DTL_001043,ORD_00574,PROD_0005,1,11500000.0,0.05,10925000.0
DTL_001044,ORD_00575,PROD_0020,1,490000.0,0.0,490000.0
DTL_001045,ORD_00576,PROD_0015,1,690000.0,0.0,690000.0
DTL_001046,ORD_00576,PROD_0047,1,1690000.0,0.0,1690000.0
DTL_001047,ORD_00576,PROD_0048,1,14900000.0,0.05,14155000.0
DTL_001048,ORD_00577,PROD_0045,1,5290000.0,0.0,5290000.0
DTL_001049,ORD_00577,PROD_0027,1,190000.0,0.0,190000.0
DTL_001050,ORD_00578,PROD_0023,1,1990000.0,0.0,1990000.0
DTL_001051,ORD_00578,PROD_0022,1,7900000.0,0.05,7505000.0
DTL_001052,ORD_00578,PROD_0015,1,690000.0,0.0,690000.0
DTL_001053,ORD_00579,PROD_0039,2,1250000.0,0.15,2125000.0
DTL_001054,ORD_00579,PROD_0037,1,5200000.0,0.0,5200000.0
DTL_001055,ORD_00580,PROD_0020,1,490000.0,0.0,490000.0
DTL_001056,ORD_00580,PROD_0006,1,2100000.0,0.05,1995000.0
DTL_001057,ORD_00581,PROD_0015,1,690000.0,0.0,690000.0
DTL_001058,ORD_00582,PROD_0027,5,190000.0,0.0,950000.0
DTL_001059,ORD_00582,PROD_0026,1,290000.0,0.05,275500.0
DTL_001060,ORD_00582,PROD_0011,1,290000.0,0.1,261000.0
DTL_001061,ORD_00583,PROD_0020,1,490000.0,0.05,465500.0
DTL_001062,ORD_00583,PROD_0038,1,2590000.0,0.0,2590000.0
DTL_001063,ORD_00584,PROD_0037,1,5200000.0,0.0,5200000.0
DTL_001064,ORD_00584,PROD_0032,2,4990000.0,0.0,9980000.0
DTL_001065,ORD_00585,PROD_0040,2,2690000.0,0.0,5380000.0
DTL_001066,ORD_00586,PROD_0011,1,290000.0,0.0,290000.0
DTL_001067,ORD_00586,PROD_0018,1,890000.0,0.05,845500.0
DTL_001068,ORD_00586,PROD_0041,3,7990000.0,0.1,21573000.0
DTL_001069,ORD_00587,PROD_0033,2,990000.0,0.0,1980000.0
DTL_001070,ORD_00587,PROD_0050,1,1190000.0,0.0,1190000.0
DTL_001071,ORD_00588,PROD_0026,2,290000.0,0.0,580000.0
DTL_001072,ORD_00589,PROD_0030,1,75000.0,0.0,75000.0
DTL_001073,ORD_00589,PROD_0032,1,4990000.0,0.05,4740500.0
DTL_001074,ORD_00590,PROD_0002,1,24000000.0,0.0,24000000.0
DTL_001075,ORD_00591,PROD_0023,1,1990000.0,0.05,1890500.0
DTL_001076,ORD_00592,PROD_0020,1,490000.0,0.0,490000.0
DTL_001077,ORD_00593,PROD_0002,1,24000000.0,0.15,20400000.0
DTL_001078,ORD_00594,PROD_0003,1,21900000.0,0.05,20805000.0
DTL_001079,ORD_00594,PROD_0027,1,190000.0,0.0,190000.0
DTL_001080,ORD_00595,PROD_0023,1,1990000.0,0.0,1990000.0
DTL_001081,ORD_00596,PROD_0018,1,890000.0,0.0,890000.0
DTL_001082,ORD_00597,PROD_0007,1,2450000.0,0.15,2082500.0
DTL_001083,ORD_00597,PROD_0046,1,3200000.0,0.15,2720000.0
DTL_001084,ORD_00597,PROD_0035,1,650000.0,0.0,650000.0
DTL_001085,ORD_00597,PROD_0037,3,5200000.0,0.0,15600000.0
DTL_001086,ORD_00598,PROD_0002,1,24000000.0,0.0,24000000.0
DTL_001087,ORD_00599,PROD_0049,2,1990000.0,0.0,3980000.0
DTL_001088,ORD_00600,PROD_0019,1,720000.0,0.0,720000.0
DTL_001089,ORD_00601,PROD_0022,1,7900000.0,0.0,7900000.0
DTL_001090,ORD_00601,PROD_0009,2,2850000.0,0.0,5700000.0
DTL_001091,ORD_00602,PROD_0035,1,650000.0,0.1,585000.0
DTL_001092,ORD_00603,PROD_0005,1,11500000.0,0.0,11500000.0
DTL_001093,ORD_00603,PROD_0032,1,4990000.0,0.0,4990000.0
DTL_001094,ORD_00604,PROD_0006,1,2100000.0,0.0,2100000.0
DTL_001095,ORD_00605,PROD_0037,1,5200000.0,0.0,5200000.0
DTL_001096,ORD_00606,PROD_0011,1,290000.0,0.0,290000.0
DTL_001097,ORD_00607,PROD_0025,1,1350000.0,0.0,1350000.0
DTL_001098,ORD_00608,PROD_0020,1,490000.0,0.0,490000.0
DTL_001099,ORD_00609,PROD_0013,1,490000.0,0.1,441000.0
DTL_001100,ORD_00610,PROD_0024,1,4490000.0,0.0,4490000.0
DTL_001101,ORD_00610,PROD_0025,1,1350000.0,0.0,1350000.0
DTL_001102,ORD_00610,PROD_0032,3,4990000.0,0.0,14970000.0
DTL_001103,ORD_00610,PROD_0020,1,490000.0,0.0,490000.0
DTL_001104,ORD_00611,PROD_0042,3,2890000.0,0.05,8236500.0
DTL_001105,ORD_00611,PROD_0025,1,1350000.0,0.0,1350000.0
DTL_001106,ORD_00612,PROD_0039,1,1250000.0,0.0,1250000.0
DTL_001107,ORD_00613,PROD_0038,3,2590000.0,0.0,7770000.0
DTL_001108,ORD_00614,PROD_0033,1,990000.0,0.0,990000.0
DTL_001109,ORD_00614,PROD_0035,1,650000.0,0.0,650000.0
DTL_001110,ORD_00615,PROD_0014,3,350000.0,0.0,1050000.0
DTL_001111,ORD_00616,PROD_0050,1,1190000.0,0.0,1190000.0
DTL_001112,ORD_00617,PROD_0013,1,490000.0,0.1,441000.0
DTL_001113,ORD_00617,PROD_0032,1,4990000.0,0.05,4740500.0
DTL_001114,ORD_00618,PROD_0027,1,190000.0,0.0,190000.0
DTL_001115,ORD_00618,PROD_0029,1,520000.0,0.0,520000.0
DTL_001116,ORD_00618,PROD_0041,1,7990000.0,0.0,7990000.0
DTL_001117,ORD_00618,PROD_0040,1,2690000.0,0.0,2690000.0
DTL_001118,ORD_00619,PROD_0034,2,180000.0,0.0,360000.0
DTL_001119,ORD_00620,PROD_0044,2,890000.0,0.15,1513000.0
DTL_001120,ORD_00621,PROD_0007,2,2450000.0,0.0,4900000.0
DTL_001121,ORD_00621,PROD_0001,2,27500000.0,0.1,49500000.0
DTL_001122,ORD_00621,PROD_0030,1,75000.0,0.0,75000.0
DTL_001123,ORD_00622,PROD_0043,1,3990000.0,0.0,3990000.0
DTL_001124,ORD_00622,PROD_0013,3,490000.0,0.0,1470000.0
DTL_001125,ORD_00623,PROD_0015,1,690000.0,0.05,655500.0
DTL_001126,ORD_00623,PROD_0039,2,1250000.0,0.0,2500000.0
DTL_001127,ORD_00624,PROD_0037,1,5200000.0,0.0,5200000.0
DTL_001128,ORD_00624,PROD_0046,1,3200000.0,0.05,3040000.0
DTL_001129,ORD_00624,PROD_0033,5,990000.0,0.15,4207500.0
DTL_001130,ORD_00625,PROD_0016,1,790000.0,0.1,711000.0
DTL_001131,ORD_00625,PROD_0014,1,350000.0,0.0,350000.0
DTL_001132,ORD_00626,PROD_0015,1,690000.0,0.0,690000.0
DTL_001133,ORD_00626,PROD_0047,2,1690000.0,0.0,3380000.0
DTL_001134,ORD_00627,PROD_0050,1,1190000.0,0.0,1190000.0
DTL_001135,ORD_00627,PROD_0039,2,1250000.0,0.05,2375000.0
DTL_001136,ORD_00627,PROD_0005,1,11500000.0,0.0,11500000.0
DTL_001137,ORD_00628,PROD_0006,1,2100000.0,0.0,2100000.0
DTL_001138,ORD_00629,PROD_0001,1,27500000.0,0.0,27500000.0
DTL_001139,ORD_00629,PROD_0020,2,490000.0,0.15,833000.0
DTL_001140,ORD_00630,PROD_0001,1,27500000.0,0.0,27500000.0
DTL_001141,ORD_00631,PROD_0010,1,2200000.0,0.05,2090000.0
DTL_001142,ORD_00631,PROD_0048,2,14900000.0,0.0,29800000.0
DTL_001143,ORD_00632,PROD_0014,1,350000.0,0.15,297500.0
DTL_001144,ORD_00632,PROD_0032,1,4990000.0,0.05,4740500.0
DTL_001145,ORD_00633,PROD_0047,5,1690000.0,0.0,8450000.0
DTL_001146,ORD_00633,PROD_0026,2,290000.0,0.15,493000.0
DTL_001147,ORD_00633,PROD_0020,1,490000.0,0.0,490000.0
DTL_001148,ORD_00634,PROD_0047,1,1690000.0,0.0,1690000.0
DTL_001149,ORD_00635,PROD_0046,1,3200000.0,0.0,3200000.0
DTL_001150,ORD_00635,PROD_0020,1,490000.0,0.0,490000.0
DTL_001151,ORD_00635,PROD_0030,2,75000.0,0.0,150000.0
DTL_001152,ORD_00636,PROD_0010,3,2200000.0,0.0,6600000.0
DTL_001153,ORD_00636,PROD_0025,2,1350000.0,0.1,2430000.0
DTL_001154,ORD_00637,PROD_0042,3,2890000.0,0.0,8670000.0
DTL_001155,ORD_00637,PROD_0022,1,7900000.0,0.0,7900000.0
DTL_001156,ORD_00637,PROD_0038,1,2590000.0,0.0,2590000.0
DTL_001157,ORD_00637,PROD_0028,1,150000.0,0.15,127500.0
DTL_001158,ORD_00638,PROD_0042,1,2890000.0,0.0,2890000.0
DTL_001159,ORD_00639,PROD_0037,5,5200000.0,0.0,26000000.0
DTL_001160,ORD_00640,PROD_0007,1,2450000.0,0.1,2205000.0
DTL_001161,ORD_00640,PROD_0021,2,4290000.0,0.0,8580000.0
DTL_001162,ORD_00641,PROD_0038,1,2590000.0,0.05,2460500.0
DTL_001163,ORD_00642,PROD_0039,1,1250000.0,0.0,1250000.0
DTL_001164,ORD_00643,PROD_0006,1,2100000.0,0.05,1995000.0
DTL_001165,ORD_00643,PROD_0036,1,420000.0,0.0,420000.0
DTL_001166,ORD_00644,PROD_0034,3,180000.0,0.0,540000.0
DTL_001167,ORD_00645,PROD_0033,1,990000.0,0.0,990000.0
DTL_001168,ORD_00645,PROD_0014,1,350000.0,0.0,350000.0
DTL_001169,ORD_00646,PROD_0018,2,890000.0,0.0,1780000.0
DTL_001170,ORD_00646,PROD_0009,1,2850000.0,0.0,2850000.0
DTL_001171,ORD_00647,PROD_0010,1,2200000.0,0.05,2090000.0
DTL_001172,ORD_00647,PROD_0035,5,650000.0,0.0,3250000.0
DTL_001173,ORD_00647,PROD_0014,1,350000.0,0.0,350000.0
DTL_001174,ORD_00648,PROD_0028,1,150000.0,0.0,150000.0
DTL_001175,ORD_00648,PROD_0025,1,1350000.0,0.0,1350000.0
DTL_001176,ORD_00648,PROD_0002,1,24000000.0,0.0,24000000.0
DTL_001177,ORD_00648,PROD_0039,1,1250000.0,0.1,1125000.0
DTL_001178,ORD_00649,PROD_0025,3,1350000.0,0.0,4050000.0
DTL_001179,ORD_00650,PROD_0023,2,1990000.0,0.1,3582000.0
DTL_001180,ORD_00651,PROD_0025,2,1350000.0,0.0,2700000.0
DTL_001181,ORD_00651,PROD_0012,2,550000.0,0.0,1100000.0
DTL_001182,ORD_00651,PROD_0023,2,1990000.0,0.0,3980000.0
DTL_001183,ORD_00652,PROD_0010,1,2200000.0,0.0,2200000.0
DTL_001184,ORD_00652,PROD_0025,3,1350000.0,0.0,4050000.0
DTL_001185,ORD_00653,PROD_0030,3,75000.0,0.0,225000.0
DTL_001186,ORD_00653,PROD_0033,2,990000.0,0.1,1782000.0
DTL_001187,ORD_00653,PROD_0019,1,720000.0,0.0,720000.0
DTL_001188,ORD_00653,PROD_0018,1,890000.0,0.0,890000.0
DTL_001189,ORD_00654,PROD_0011,1,290000.0,0.0,290000.0
DTL_001190,ORD_00654,PROD_0037,3,5200000.0,0.05,14820000.0
DTL_001191,ORD_00654,PROD_0004,1,9500000.0,0.1,8550000.0
DTL_001192,ORD_00655,PROD_0040,1,2690000.0,0.05,2555500.0
DTL_001193,ORD_00656,PROD_0011,3,290000.0,0.05,826500.0
DTL_001194,ORD_00656,PROD_0044,3,890000.0,0.0,2670000.0
DTL_001195,ORD_00657,PROD_0011,3,290000.0,0.0,870000.0
DTL_001196,ORD_00657,PROD_0024,1,4490000.0,0.05,4265500.0
DTL_001197,ORD_00658,PROD_0048,1,14900000.0,0.0,14900000.0
DTL_001198,ORD_00659,PROD_0001,1,27500000.0,0.0,27500000.0
DTL_001199,ORD_00660,PROD_0007,1,2450000.0,0.0,2450000.0
DTL_001200,ORD_00661,PROD_0043,1,3990000.0,0.0,3990000.0
DTL_001201,ORD_00662,PROD_0029,1,520000.0,0.0,520000.0
DTL_001202,ORD_00663,PROD_0003,1,21900000.0,0.0,21900000.0
DTL_001203,ORD_00664,PROD_0032,1,4990000.0,0.05,4740500.0
DTL_001204,ORD_00665,PROD_0048,1,14900000.0,0.15,12665000.0
DTL_001205,ORD_00665,PROD_0025,2,1350000.0,0.0,2700000.0
DTL_001206,ORD_00666,PROD_0022,1,7900000.0,0.0,7900000.0
DTL_001207,ORD_00667,PROD_0016,1,790000.0,0.0,790000.0
DTL_001208,ORD_00667,PROD_0040,1,2690000.0,0.05,2555500.0
DTL_001209,ORD_00668,PROD_0038,1,2590000.0,0.0,2590000.0
DTL_001210,ORD_00669,PROD_0040,1,2690000.0,0.1,2421000.0
DTL_001211,ORD_00670,PROD_0031,1,15990000.0,0.0,15990000.0
DTL_001212,ORD_00671,PROD_0016,2,790000.0,0.0,1580000.0
DTL_001213,ORD_00671,PROD_0021,1,4290000.0,0.0,4290000.0
DTL_001214,ORD_00672,PROD_0017,3,190000.0,0.0,570000.0
DTL_001215,ORD_00673,PROD_0048,2,14900000.0,0.05,28310000.0
DTL_001216,ORD_00674,PROD_0006,1,2100000.0,0.05,1995000.0
DTL_001217,ORD_00674,PROD_0007,1,2450000.0,0.0,2450000.0
DTL_001218,ORD_00675,PROD_0040,2,2690000.0,0.15,4573000.0
DTL_001219,ORD_00675,PROD_0022,1,7900000.0,0.05,7505000.0
DTL_001220,ORD_00675,PROD_0020,1,490000.0,0.0,490000.0
DTL_001221,ORD_00676,PROD_0005,1,11500000.0,0.15,9775000.0
DTL_001222,ORD_00676,PROD_0031,2,15990000.0,0.0,31980000.0
DTL_001223,ORD_00676,PROD_0027,1,190000.0,0.15,161500.0
DTL_001224,ORD_00677,PROD_0026,1,290000.0,0.1,261000.0
DTL_001225,ORD_00677,PROD_0032,3,4990000.0,0.0,14970000.0
DTL_001226,ORD_00678,PROD_0014,1,350000.0,0.0,350000.0
DTL_001227,ORD_00678,PROD_0012,1,550000.0,0.0,550000.0
DTL_001228,ORD_00679,PROD_0015,1,690000.0,0.0,690000.0
DTL_001229,ORD_00680,PROD_0010,3,2200000.0,0.0,6600000.0
DTL_001230,ORD_00681,PROD_0001,1,27500000.0,0.0,27500000.0
DTL_001231,ORD_00681,PROD_0042,1,2890000.0,0.0,2890000.0
DTL_001232,ORD_00682,PROD_0004,1,9500000.0,0.0,9500000.0
DTL_001233,ORD_00683,PROD_0045,3,5290000.0,0.0,15870000.0
DTL_001234,ORD_00683,PROD_0025,1,1350000.0,0.0,1350000.0
DTL_001235,ORD_00684,PROD_0015,2,690000.0,0.0,1380000.0
DTL_001236,ORD_00685,PROD_0012,1,550000.0,0.05,522500.0
DTL_001237,ORD_00685,PROD_0013,1,490000.0,0.0,490000.0
DTL_001238,ORD_00685,PROD_0037,1,5200000.0,0.0,5200000.0
DTL_001239,ORD_00686,PROD_0042,3,2890000.0,0.0,8670000.0
DTL_001240,ORD_00687,PROD_0001,2,27500000.0,0.0,55000000.0
DTL_001241,ORD_00688,PROD_0041,1,7990000.0,0.05,7590500.0
DTL_001242,ORD_00689,PROD_0049,1,1990000.0,0.0,1990000.0
DTL_001243,ORD_00690,PROD_0018,1,890000.0,0.0,890000.0
DTL_001244,ORD_00690,PROD_0041,1,7990000.0,0.0,7990000.0
DTL_001245,ORD_00691,PROD_0025,1,1350000.0,0.0,1350000.0
DTL_001246,ORD_00692,PROD_0019,1,720000.0,0.0,720000.0
DTL_001247,ORD_00693,PROD_0034,1,180000.0,0.0,180000.0
DTL_001248,ORD_00694,PROD_0018,1,890000.0,0.0,890000.0
DTL_001249,ORD_00694,PROD_0032,3,4990000.0,0.05,14221500.0
DTL_001250,ORD_00694,PROD_0043,2,3990000.0,0.1,7182000.0
DTL_001251,ORD_00695,PROD_0008,3,8490000.0,0.0,25470000.0
DTL_001252,ORD_00695,PROD_0037,1,5200000.0,0.15,4420000.0
DTL_001253,ORD_00695,PROD_0028,1,150000.0,0.0,150000.0
DTL_001254,ORD_00696,PROD_0042,3,2890000.0,0.0,8670000.0
DTL_001255,ORD_00697,PROD_0046,1,3200000.0,0.0,3200000.0
DTL_001256,ORD_00698,PROD_0002,3,24000000.0,0.1,64800000.0
DTL_001257,ORD_00698,PROD_0024,1,4490000.0,0.0,4490000.0
DTL_001258,ORD_00698,PROD_0036,2,420000.0,0.1,756000.0
DTL_001259,ORD_00698,PROD_0031,2,15990000.0,0.0,31980000.0
DTL_001260,ORD_00699,PROD_0008,2,8490000.0,0.0,16980000.0
DTL_001261,ORD_00699,PROD_0045,1,5290000.0,0.15,4496500.0
DTL_001262,ORD_00700,PROD_0011,1,290000.0,0.0,290000.0
DTL_001263,ORD_00700,PROD_0002,1,24000000.0,0.0,24000000.0
DTL_001264,ORD_00700,PROD_0010,2,2200000.0,0.0,4400000.0
DTL_001265,ORD_00701,PROD_0022,1,7900000.0,0.0,7900000.0
DTL_001266,ORD_00702,PROD_0001,2,27500000.0,0.0,55000000.0
DTL_001267,ORD_00702,PROD_0026,2,290000.0,0.0,580000.0
DTL_001268,ORD_00703,PROD_0018,1,890000.0,0.15,756500.0
DTL_001269,ORD_00703,PROD_0006,2,2100000.0,0.0,4200000.0
DTL_001270,ORD_00703,PROD_0034,1,180000.0,0.0,180000.0
DTL_001271,ORD_00704,PROD_0042,2,2890000.0,0.0,5780000.0
DTL_001272,ORD_00704,PROD_0026,2,290000.0,0.0,580000.0
DTL_001273,ORD_00705,PROD_0019,1,720000.0,0.0,720000.0
DTL_001274,ORD_00706,PROD_0013,1,490000.0,0.0,490000.0
DTL_001275,ORD_00707,PROD_0006,3,2100000.0,0.0,6300000.0
DTL_001276,ORD_00708,PROD_0009,1,2850000.0,0.0,2850000.0
DTL_001277,ORD_00708,PROD_0045,2,5290000.0,0.0,10580000.0
DTL_001278,ORD_00709,PROD_0003,1,21900000.0,0.0,21900000.0
DTL_001279,ORD_00709,PROD_0019,1,720000.0,0.0,720000.0
DTL_001280,ORD_00710,PROD_0011,1,290000.0,0.05,275500.0
DTL_001281,ORD_00710,PROD_0033,1,990000.0,0.1,891000.0
DTL_001282,ORD_00711,PROD_0046,2,3200000.0,0.0,6400000.0
DTL_001283,ORD_00712,PROD_0001,1,27500000.0,0.1,24750000.0
DTL_001284,ORD_00713,PROD_0011,1,290000.0,0.0,290000.0
DTL_001285,ORD_00713,PROD_0005,1,11500000.0,0.05,10925000.0
DTL_001286,ORD_00713,PROD_0018,1,890000.0,0.15,756500.0
DTL_001287,ORD_00714,PROD_0019,1,720000.0,0.1,648000.0
DTL_001288,ORD_00715,PROD_0044,1,890000.0,0.0,890000.0
DTL_001289,ORD_00716,PROD_0007,1,2450000.0,0.0,2450000.0
DTL_001290,ORD_00717,PROD_0030,1,75000.0,0.1,67500.0
DTL_001291,ORD_00718,PROD_0013,1,490000.0,0.0,490000.0
DTL_001292,ORD_00718,PROD_0026,5,290000.0,0.0,1450000.0
DTL_001293,ORD_00719,PROD_0010,1,2200000.0,0.0,2200000.0
DTL_001294,ORD_00719,PROD_0041,1,7990000.0,0.0,7990000.0
DTL_001295,ORD_00719,PROD_0014,3,350000.0,0.0,1050000.0
DTL_001296,ORD_00720,PROD_0041,1,7990000.0,0.0,7990000.0
DTL_001297,ORD_00721,PROD_0043,1,3990000.0,0.0,3990000.0
DTL_001298,ORD_00721,PROD_0017,2,190000.0,0.0,380000.0
DTL_001299,ORD_00722,PROD_0045,3,5290000.0,0.0,15870000.0
DTL_001300,ORD_00722,PROD_0011,3,290000.0,0.0,870000.0
DTL_001301,ORD_00723,PROD_0047,2,1690000.0,0.05,3211000.0
DTL_001302,ORD_00724,PROD_0008,1,8490000.0,0.05,8065500.0
DTL_001303,ORD_00724,PROD_0044,5,890000.0,0.1,4005000.0
DTL_001304,ORD_00724,PROD_0027,2,190000.0,0.0,380000.0
DTL_001305,ORD_00725,PROD_0050,1,1190000.0,0.0,1190000.0
DTL_001306,ORD_00725,PROD_0011,1,290000.0,0.0,290000.0
DTL_001307,ORD_00726,PROD_0020,1,490000.0,0.1,441000.0
DTL_001308,ORD_00727,PROD_0028,1,150000.0,0.1,135000.0
DTL_001309,ORD_00727,PROD_0034,1,180000.0,0.0,180000.0
DTL_001310,ORD_00727,PROD_0049,1,1990000.0,0.0,1990000.0
DTL_001311,ORD_00728,PROD_0045,3,5290000.0,0.1,14283000.0
DTL_001312,ORD_00728,PROD_0040,1,2690000.0,0.0,2690000.0
DTL_001313,ORD_00729,PROD_0049,3,1990000.0,0.0,5970000.0
DTL_001314,ORD_00729,PROD_0040,1,2690000.0,0.0,2690000.0
DTL_001315,ORD_00730,PROD_0031,3,15990000.0,0.0,47970000.0
DTL_001316,ORD_00731,PROD_0018,1,890000.0,0.05,845500.0
DTL_001317,ORD_00731,PROD_0043,2,3990000.0,0.0,7980000.0
DTL_001318,ORD_00732,PROD_0034,1,180000.0,0.0,180000.0
DTL_001319,ORD_00732,PROD_0048,3,14900000.0,0.15,37995000.0
DTL_001320,ORD_00733,PROD_0037,3,5200000.0,0.0,15600000.0
DTL_001321,ORD_00733,PROD_0028,2,150000.0,0.0,300000.0
DTL_001322,ORD_00733,PROD_0009,1,2850000.0,0.0,2850000.0
DTL_001323,ORD_00734,PROD_0041,1,7990000.0,0.0,7990000.0
DTL_001324,ORD_00734,PROD_0017,1,190000.0,0.0,190000.0
DTL_001325,ORD_00734,PROD_0036,1,420000.0,0.05,399000.0
DTL_001326,ORD_00735,PROD_0041,1,7990000.0,0.1,7191000.0
DTL_001327,ORD_00735,PROD_0050,1,1190000.0,0.0,1190000.0
DTL_001328,ORD_00735,PROD_0023,1,1990000.0,0.05,1890500.0
DTL_001329,ORD_00735,PROD_0012,2,550000.0,0.05,1045000.0
DTL_001330,ORD_00736,PROD_0038,1,2590000.0,0.1,2331000.0
DTL_001331,ORD_00736,PROD_0007,1,2450000.0,0.0,2450000.0
DTL_001332,ORD_00737,PROD_0032,2,4990000.0,0.0,9980000.0
DTL_001333,ORD_00738,PROD_0029,1,520000.0,0.0,520000.0
DTL_001334,ORD_00738,PROD_0011,1,290000.0,0.0,290000.0
DTL_001335,ORD_00739,PROD_0040,1,2690000.0,0.0,2690000.0
DTL_001336,ORD_00739,PROD_0039,2,1250000.0,0.1,2250000.0
DTL_001337,ORD_00740,PROD_0024,1,4490000.0,0.0,4490000.0
DTL_001338,ORD_00741,PROD_0013,3,490000.0,0.0,1470000.0
DTL_001339,ORD_00742,PROD_0026,1,290000.0,0.0,290000.0
DTL_001340,ORD_00742,PROD_0013,2,490000.0,0.05,931000.0
DTL_001341,ORD_00743,PROD_0029,1,520000.0,0.05,494000.0
DTL_001342,ORD_00744,PROD_0024,2,4490000.0,0.0,8980000.0
DTL_001343,ORD_00744,PROD_0041,2,7990000.0,0.15,13583000.0
DTL_001344,ORD_00745,PROD_0008,1,8490000.0,0.0,8490000.0
DTL_001345,ORD_00746,PROD_0021,1,4290000.0,0.0,4290000.0
DTL_001346,ORD_00747,PROD_0025,1,1350000.0,0.0,1350000.0
DTL_001347,ORD_00747,PROD_0019,1,720000.0,0.0,720000.0
DTL_001348,ORD_00748,PROD_0013,1,490000.0,0.15,416500.0
DTL_001349,ORD_00748,PROD_0004,1,9500000.0,0.0,9500000.0
DTL_001350,ORD_00748,PROD_0032,1,4990000.0,0.0,4990000.0
DTL_001351,ORD_00749,PROD_0019,1,720000.0,0.0,720000.0
DTL_001352,ORD_00749,PROD_0009,1,2850000.0,0.0,2850000.0
DTL_001353,ORD_00749,PROD_0026,1,290000.0,0.0,290000.0
DTL_001354,ORD_00750,PROD_0050,1,1190000.0,0.0,1190000.0
DTL_001355,ORD_00751,PROD_0007,1,2450000.0,0.0,2450000.0
DTL_001356,ORD_00751,PROD_0002,1,24000000.0,0.0,24000000.0
DTL_001357,ORD_00751,PROD_0015,1,690000.0,0.0,690000.0
DTL_001358,ORD_00752,PROD_0004,1,9500000.0,0.1,8550000.0
DTL_001359,ORD_00752,PROD_0017,1,190000.0,0.0,190000.0
DTL_001360,ORD_00752,PROD_0003,1,21900000.0,0.05,20805000.0
DTL_001361,ORD_00753,PROD_0010,2,2200000.0,0.1,3960000.0
DTL_001362,ORD_00754,PROD_0018,2,890000.0,0.0,1780000.0
DTL_001363,ORD_00754,PROD_0021,1,4290000.0,0.05,4075500.0
DTL_001364,ORD_00755,PROD_0005,1,11500000.0,0.0,11500000.0
DTL_001365,ORD_00755,PROD_0032,1,4990000.0,0.05,4740500.0
DTL_001366,ORD_00756,PROD_0020,1,490000.0,0.0,490000.0
DTL_001367,ORD_00756,PROD_0046,1,3200000.0,0.1,2880000.0
DTL_001368,ORD_00757,PROD_0013,1,490000.0,0.0,490000.0
DTL_001369,ORD_00757,PROD_0005,1,11500000.0,0.1,10350000.0
DTL_001370,ORD_00758,PROD_0030,1,75000.0,0.0,75000.0
DTL_001371,ORD_00759,PROD_0014,1,350000.0,0.0,350000.0
DTL_001372,ORD_00760,PROD_0025,2,1350000.0,0.0,2700000.0
DTL_001373,ORD_00761,PROD_0007,1,2450000.0,0.0,2450000.0
DTL_001374,ORD_00761,PROD_0044,1,890000.0,0.0,890000.0
DTL_001375,ORD_00762,PROD_0040,1,2690000.0,0.0,2690000.0
DTL_001376,ORD_00763,PROD_0014,1,350000.0,0.0,350000.0
DTL_001377,ORD_00764,PROD_0045,1,5290000.0,0.0,5290000.0
DTL_001378,ORD_00764,PROD_0016,1,790000.0,0.0,790000.0
DTL_001379,ORD_00765,PROD_0017,2,190000.0,0.0,380000.0
DTL_001380,ORD_00766,PROD_0016,1,790000.0,0.05,750500.0
DTL_001381,ORD_00766,PROD_0031,1,15990000.0,0.15,13591500.0
DTL_001382,ORD_00767,PROD_0048,1,14900000.0,0.0,14900000.0
DTL_001383,ORD_00768,PROD_0023,2,1990000.0,0.1,3582000.0
DTL_001384,ORD_00768,PROD_0020,2,490000.0,0.1,882000.0
DTL_001385,ORD_00769,PROD_0027,2,190000.0,0.0,380000.0
DTL_001386,ORD_00770,PROD_0048,1,14900000.0,0.1,13410000.0
DTL_001387,ORD_00771,PROD_0034,1,180000.0,0.0,180000.0
DTL_001388,ORD_00771,PROD_0012,1,550000.0,0.1,495000.0
DTL_001389,ORD_00771,PROD_0017,1,190000.0,0.0,190000.0
DTL_001390,ORD_00771,PROD_0044,1,890000.0,0.05,845500.0
DTL_001391,ORD_00772,PROD_0001,1,27500000.0,0.0,27500000.0
DTL_001392,ORD_00773,PROD_0019,1,720000.0,0.0,720000.0
DTL_001393,ORD_00774,PROD_0020,1,490000.0,0.0,490000.0
DTL_001394,ORD_00775,PROD_0046,1,3200000.0,0.0,3200000.0
DTL_001395,ORD_00775,PROD_0018,1,890000.0,0.0,890000.0
DTL_001396,ORD_00775,PROD_0010,1,2200000.0,0.0,2200000.0
DTL_001397,ORD_00775,PROD_0047,2,1690000.0,0.0,3380000.0
DTL_001398,ORD_00776,PROD_0028,1,150000.0,0.0,150000.0
DTL_001399,ORD_00777,PROD_0006,1,2100000.0,0.1,1890000.0
DTL_001400,ORD_00778,PROD_0029,1,520000.0,0.0,520000.0
DTL_001401,ORD_00779,PROD_0030,1,75000.0,0.05,71250.0
DTL_001402,ORD_00779,PROD_0002,1,24000000.0,0.0,24000000.0
DTL_001403,ORD_00779,PROD_0036,1,420000.0,0.0,420000.0
DTL_001404,ORD_00779,PROD_0050,1,1190000.0,0.0,1190000.0
DTL_001405,ORD_00780,PROD_0043,1,3990000.0,0.05,3790500.0
DTL_001406,ORD_00781,PROD_0007,2,2450000.0,0.0,4900000.0
DTL_001407,ORD_00782,PROD_0034,1,180000.0,0.15,153000.0
DTL_001408,ORD_00782,PROD_0010,1,2200000.0,0.1,1980000.0
DTL_001409,ORD_00783,PROD_0013,1,490000.0,0.0,490000.0
DTL_001410,ORD_00783,PROD_0008,2,8490000.0,0.0,16980000.0
DTL_001411,ORD_00784,PROD_0008,1,8490000.0,0.0,8490000.0
DTL_001412,ORD_00785,PROD_0040,1,2690000.0,0.0,2690000.0
DTL_001413,ORD_00785,PROD_0008,1,8490000.0,0.05,8065500.0
DTL_001414,ORD_00785,PROD_0028,1,150000.0,0.0,150000.0
DTL_001415,ORD_00786,PROD_0038,1,2590000.0,0.0,2590000.0
DTL_001416,ORD_00786,PROD_0032,1,4990000.0,0.05,4740500.0
DTL_001417,ORD_00787,PROD_0025,1,1350000.0,0.0,1350000.0
DTL_001418,ORD_00788,PROD_0047,1,1690000.0,0.15,1436500.0
DTL_001419,ORD_00788,PROD_0030,1,75000.0,0.1,67500.0
DTL_001420,ORD_00789,PROD_0012,1,550000.0,0.0,550000.0
DTL_001421,ORD_00789,PROD_0042,1,2890000.0,0.0,2890000.0
DTL_001422,ORD_00790,PROD_0031,1,15990000.0,0.0,15990000.0
DTL_001423,ORD_00791,PROD_0026,1,290000.0,0.1,261000.0
DTL_001424,ORD_00791,PROD_0005,1,11500000.0,0.0,11500000.0
DTL_001425,ORD_00792,PROD_0012,2,550000.0,0.0,1100000.0
DTL_001426,ORD_00793,PROD_0005,1,11500000.0,0.0,11500000.0
DTL_001427,ORD_00793,PROD_0029,1,520000.0,0.0,520000.0
DTL_001428,ORD_00793,PROD_0049,1,1990000.0,0.0,1990000.0
DTL_001429,ORD_00794,PROD_0015,2,690000.0,0.0,1380000.0
DTL_001430,ORD_00794,PROD_0013,1,490000.0,0.05,465500.0
DTL_001431,ORD_00795,PROD_0009,2,2850000.0,0.0,5700000.0
DTL_001432,ORD_00796,PROD_0014,1,350000.0,0.0,350000.0
DTL_001433,ORD_00797,PROD_0025,2,1350000.0,0.0,2700000.0
DTL_001434,ORD_00798,PROD_0035,1,650000.0,0.0,650000.0
DTL_001435,ORD_00799,PROD_0005,2,11500000.0,0.1,20700000.0
DTL_001436,ORD_00799,PROD_0035,1,650000.0,0.0,650000.0
DTL_001437,ORD_00799,PROD_0037,1,5200000.0,0.0,5200000.0
DTL_001438,ORD_00799,PROD_0016,1,790000.0,0.0,790000.0
DTL_001439,ORD_00800,PROD_0049,1,1990000.0,0.0,1990000.0
DTL_001440,ORD_00801,PROD_0005,3,11500000.0,0.0,34500000.0
DTL_001441,ORD_00802,PROD_0032,1,4990000.0,0.0,4990000.0
DTL_001442,ORD_00803,PROD_0004,1,9500000.0,0.05,9025000.0
DTL_001443,ORD_00804,PROD_0050,1,1190000.0,0.0,1190000.0
DTL_001444,ORD_00805,PROD_0022,1,7900000.0,0.0,7900000.0
DTL_001445,ORD_00806,PROD_0001,1,27500000.0,0.0,27500000.0
DTL_001446,ORD_00806,PROD_0047,1,1690000.0,0.0,1690000.0
DTL_001447,ORD_00806,PROD_0016,1,790000.0,0.0,790000.0
DTL_001448,ORD_00806,PROD_0004,1,9500000.0,0.0,9500000.0
DTL_001449,ORD_00807,PROD_0035,1,650000.0,0.05,617500.0
DTL_001450,ORD_00808,PROD_0016,1,790000.0,0.0,790000.0
DTL_001451,ORD_00808,PROD_0034,1,180000.0,0.0,180000.0
DTL_001452,ORD_00808,PROD_0018,1,890000.0,0.15,756500.0
DTL_001453,ORD_00809,PROD_0036,1,420000.0,0.0,420000.0
DTL_001454,ORD_00810,PROD_0003,1,21900000.0,0.0,21900000.0
DTL_001455,ORD_00811,PROD_0025,1,1350000.0,0.0,1350000.0
DTL_001456,ORD_00811,PROD_0029,1,520000.0,0.0,520000.0
DTL_001457,ORD_00812,PROD_0049,2,1990000.0,0.0,3980000.0
DTL_001458,ORD_00812,PROD_0022,2,7900000.0,0.0,15800000.0
DTL_001459,ORD_00812,PROD_0017,2,190000.0,0.0,380000.0
DTL_001460,ORD_00813,PROD_0047,1,1690000.0,0.0,1690000.0
DTL_001461,ORD_00814,PROD_0018,5,890000.0,0.05,4227500.0
DTL_001462,ORD_00814,PROD_0044,1,890000.0,0.0,890000.0
DTL_001463,ORD_00814,PROD_0006,1,2100000.0,0.0,2100000.0
DTL_001464,ORD_00815,PROD_0012,1,550000.0,0.0,550000.0
DTL_001465,ORD_00815,PROD_0029,1,520000.0,0.0,520000.0
DTL_001466,ORD_00815,PROD_0030,1,75000.0,0.0,75000.0
DTL_001467,ORD_00816,PROD_0029,2,520000.0,0.0,1040000.0
DTL_001468,ORD_00816,PROD_0012,1,550000.0,0.0,550000.0
DTL_001469,ORD_00816,PROD_0017,1,190000.0,0.1,171000.0
DTL_001470,ORD_00816,PROD_0050,1,1190000.0,0.0,1190000.0
DTL_001471,ORD_00817,PROD_0046,1,3200000.0,0.15,2720000.0
DTL_001472,ORD_00818,PROD_0023,1,1990000.0,0.0,1990000.0
DTL_001473,ORD_00818,PROD_0007,1,2450000.0,0.0,2450000.0
DTL_001474,ORD_00819,PROD_0028,2,150000.0,0.0,300000.0
DTL_001475,ORD_00820,PROD_0019,1,720000.0,0.0,720000.0
DTL_001476,ORD_00820,PROD_0040,1,2690000.0,0.0,2690000.0
DTL_001477,ORD_00821,PROD_0025,1,1350000.0,0.0,1350000.0
DTL_001478,ORD_00821,PROD_0038,2,2590000.0,0.0,5180000.0
DTL_001479,ORD_00821,PROD_0003,3,21900000.0,0.15,55845000.0
DTL_001480,ORD_00822,PROD_0008,2,8490000.0,0.0,16980000.0
DTL_001481,ORD_00822,PROD_0034,1,180000.0,0.0,180000.0
DTL_001482,ORD_00823,PROD_0022,3,7900000.0,0.0,23700000.0
DTL_001483,ORD_00823,PROD_0016,1,790000.0,0.15,671500.0
DTL_001484,ORD_00823,PROD_0050,1,1190000.0,0.0,1190000.0
DTL_001485,ORD_00824,PROD_0042,1,2890000.0,0.05,2745500.0
DTL_001486,ORD_00824,PROD_0031,1,15990000.0,0.05,15190500.0
DTL_001487,ORD_00824,PROD_0039,5,1250000.0,0.1,5625000.0
DTL_001488,ORD_00825,PROD_0006,1,2100000.0,0.0,2100000.0
DTL_001489,ORD_00826,PROD_0001,1,27500000.0,0.05,26125000.0
DTL_001490,ORD_00826,PROD_0011,2,290000.0,0.0,580000.0
DTL_001491,ORD_00826,PROD_0008,1,8490000.0,0.1,7641000.0
DTL_001492,ORD_00827,PROD_0034,3,180000.0,0.0,540000.0
DTL_001493,ORD_00827,PROD_0025,1,1350000.0,0.0,1350000.0
DTL_001494,ORD_00828,PROD_0003,3,21900000.0,0.1,59130000.0
DTL_001495,ORD_00828,PROD_0005,1,11500000.0,0.05,10925000.0
DTL_001496,ORD_00828,PROD_0048,1,14900000.0,0.05,14155000.0
DTL_001497,ORD_00828,PROD_0023,2,1990000.0,0.05,3781000.0
DTL_001498,ORD_00829,PROD_0030,1,75000.0,0.0,75000.0
DTL_001499,ORD_00829,PROD_0025,2,1350000.0,0.0,2700000.0
DTL_001500,ORD_00830,PROD_0034,1,180000.0,0.1,162000.0
DTL_001501,ORD_00830,PROD_0038,1,2590000.0,0.0,2590000.0
DTL_001502,ORD_00831,PROD_0037,1,5200000.0,0.0,5200000.0
DTL_001503,ORD_00831,PROD_0040,1,2690000.0,0.0,2690000.0
DTL_001504,ORD_00832,PROD_0049,1,1990000.0,0.0,1990000.0
DTL_001505,ORD_00832,PROD_0007,1,2450000.0,0.0,2450000.0
DTL_001506,ORD_00832,PROD_0015,1,690000.0,0.0,690000.0
DTL_001507,ORD_00832,PROD_0043,1,3990000.0,0.1,3591000.0
DTL_001508,ORD_00833,PROD_0037,1,5200000.0,0.0,5200000.0
DTL_001509,ORD_00834,PROD_0032,2,4990000.0,0.15,8483000.0
DTL_001510,ORD_00834,PROD_0017,2,190000.0,0.0,380000.0
DTL_001511,ORD_00834,PROD_0006,1,2100000.0,0.0,2100000.0
DTL_001512,ORD_00835,PROD_0048,1,14900000.0,0.0,14900000.0
DTL_001513,ORD_00835,PROD_0033,1,990000.0,0.1,891000.0
DTL_001514,ORD_00836,PROD_0036,1,420000.0,0.1,378000.0
DTL_001515,ORD_00837,PROD_0017,1,190000.0,0.05,180500.0
DTL_001516,ORD_00837,PROD_0031,2,15990000.0,0.0,31980000.0
DTL_001517,ORD_00838,PROD_0032,1,4990000.0,0.0,4990000.0
DTL_001518,ORD_00839,PROD_0016,1,790000.0,0.0,790000.0
DTL_001519,ORD_00839,PROD_0041,3,7990000.0,0.1,21573000.0
DTL_001520,ORD_00840,PROD_0019,1,720000.0,0.15,612000.0
DTL_001521,ORD_00840,PROD_0007,2,2450000.0,0.05,4655000.0
DTL_001522,ORD_00841,PROD_0021,1,4290000.0,0.0,4290000.0
DTL_001523,ORD_00842,PROD_0044,1,890000.0,0.0,890000.0
DTL_001524,ORD_00842,PROD_0016,1,790000.0,0.1,711000.0
DTL_001525,ORD_00843,PROD_0029,1,520000.0,0.0,520000.0
DTL_001526,ORD_00844,PROD_0027,1,190000.0,0.1,171000.0
DTL_001527,ORD_00845,PROD_0035,1,650000.0,0.05,617500.0
DTL_001528,ORD_00846,PROD_0034,1,180000.0,0.0,180000.0
DTL_001529,ORD_00846,PROD_0014,1,350000.0,0.0,350000.0
DTL_001530,ORD_00847,PROD_0014,1,350000.0,0.0,350000.0
DTL_001531,ORD_00848,PROD_0032,1,4990000.0,0.0,4990000.0
DTL_001532,ORD_00848,PROD_0003,1,21900000.0,0.05,20805000.0
DTL_001533,ORD_00849,PROD_0048,2,14900000.0,0.1,26820000.0
DTL_001534,ORD_00850,PROD_0035,1,650000.0,0.0,650000.0
DTL_001535,ORD_00851,PROD_0028,2,150000.0,0.0,300000.0
DTL_001536,ORD_00851,PROD_0033,1,990000.0,0.0,990000.0
DTL_001537,ORD_00852,PROD_0027,1,190000.0,0.0,190000.0
DTL_001538,ORD_00853,PROD_0024,1,4490000.0,0.0,4490000.0
DTL_001539,ORD_00853,PROD_0049,1,1990000.0,0.15,1691500.0
DTL_001540,ORD_00854,PROD_0022,2,7900000.0,0.15,13430000.0
DTL_001541,ORD_00854,PROD_0010,1,2200000.0,0.0,2200000.0
DTL_001542,ORD_00855,PROD_0037,1,5200000.0,0.05,4940000.0
DTL_001543,ORD_00855,PROD_0049,1,1990000.0,0.0,1990000.0
DTL_001544,ORD_00856,PROD_0018,2,890000.0,0.05,1691000.0
DTL_001545,ORD_00856,PROD_0045,1,5290000.0,0.0,5290000.0
DTL_001546,ORD_00856,PROD_0014,1,350000.0,0.0,350000.0
DTL_001547,ORD_00857,PROD_0005,1,11500000.0,0.05,10925000.0
DTL_001548,ORD_00858,PROD_0028,1,150000.0,0.0,150000.0
DTL_001549,ORD_00859,PROD_0019,1,720000.0,0.15,612000.0
DTL_001550,ORD_00860,PROD_0034,1,180000.0,0.05,171000.0
DTL_001551,ORD_00861,PROD_0022,3,7900000.0,0.05,22515000.0
DTL_001552,ORD_00862,PROD_0012,1,550000.0,0.0,550000.0
DTL_001553,ORD_00863,PROD_0004,1,9500000.0,0.0,9500000.0
DTL_001554,ORD_00864,PROD_0028,1,150000.0,0.0,150000.0
DTL_001555,ORD_00865,PROD_0007,1,2450000.0,0.0,2450000.0
DTL_001556,ORD_00865,PROD_0047,1,1690000.0,0.0,1690000.0
DTL_001557,ORD_00866,PROD_0048,1,14900000.0,0.0,14900000.0
DTL_001558,ORD_00866,PROD_0040,1,2690000.0,0.0,2690000.0
DTL_001559,ORD_00866,PROD_0043,3,3990000.0,0.0,11970000.0
DTL_001560,ORD_00866,PROD_0031,1,15990000.0,0.0,15990000.0
DTL_001561,ORD_00867,PROD_0029,1,520000.0,0.0,520000.0
DTL_001562,ORD_00867,PROD_0028,1,150000.0,0.0,150000.0
DTL_001563,ORD_00868,PROD_0034,1,180000.0,0.0,180000.0
DTL_001564,ORD_00869,PROD_0036,1,420000.0,0.0,420000.0
DTL_001565,ORD_00869,PROD_0029,1,520000.0,0.1,468000.0
DTL_001566,ORD_00869,PROD_0032,1,4990000.0,0.0,4990000.0
DTL_001567,ORD_00870,PROD_0012,3,550000.0,0.15,1402500.0
DTL_001568,ORD_00871,PROD_0024,3,4490000.0,0.0,13470000.0
DTL_001569,ORD_00872,PROD_0045,2,5290000.0,0.0,10580000.0
DTL_001570,ORD_00873,PROD_0031,2,15990000.0,0.05,30381000.0
DTL_001571,ORD_00873,PROD_0048,2,14900000.0,0.0,29800000.0
DTL_001572,ORD_00874,PROD_0008,1,8490000.0,0.0,8490000.0
DTL_001573,ORD_00875,PROD_0048,1,14900000.0,0.0,14900000.0
DTL_001574,ORD_00875,PROD_0002,2,24000000.0,0.1,43200000.0
DTL_001575,ORD_00876,PROD_0043,1,3990000.0,0.05,3790500.0
DTL_001576,ORD_00876,PROD_0004,1,9500000.0,0.0,9500000.0
DTL_001577,ORD_00876,PROD_0005,1,11500000.0,0.0,11500000.0
DTL_001578,ORD_00877,PROD_0023,1,1990000.0,0.0,1990000.0
DTL_001579,ORD_00878,PROD_0012,1,550000.0,0.15,467500.0
DTL_001580,ORD_00878,PROD_0021,2,4290000.0,0.05,8151000.0
DTL_001581,ORD_00879,PROD_0042,2,2890000.0,0.0,5780000.0
DTL_001582,ORD_00879,PROD_0013,1,490000.0,0.05,465500.0
DTL_001583,ORD_00879,PROD_0048,1,14900000.0,0.0,14900000.0
DTL_001584,ORD_00880,PROD_0012,1,550000.0,0.0,550000.0
DTL_001585,ORD_00880,PROD_0019,1,720000.0,0.0,720000.0
DTL_001586,ORD_00880,PROD_0017,1,190000.0,0.0,190000.0
DTL_001587,ORD_00881,PROD_0037,1,5200000.0,0.05,4940000.0
DTL_001588,ORD_00882,PROD_0050,1,1190000.0,0.0,1190000.0
DTL_001589,ORD_00883,PROD_0038,1,2590000.0,0.0,2590000.0
DTL_001590,ORD_00884,PROD_0001,1,27500000.0,0.0,27500000.0
DTL_001591,ORD_00884,PROD_0011,3,290000.0,0.0,870000.0
DTL_001592,ORD_00884,PROD_0027,1,190000.0,0.0,190000.0
DTL_001593,ORD_00885,PROD_0045,2,5290000.0,0.0,10580000.0
DTL_001594,ORD_00885,PROD_0028,1,150000.0,0.05,142500.0
DTL_001595,ORD_00886,PROD_0015,1,690000.0,0.05,655500.0
DTL_001596,ORD_00886,PROD_0049,3,1990000.0,0.0,5970000.0
DTL_001597,ORD_00886,PROD_0033,1,990000.0,0.0,990000.0
DTL_001598,ORD_00886,PROD_0007,3,2450000.0,0.1,6615000.0
DTL_001599,ORD_00887,PROD_0022,2,7900000.0,0.0,15800000.0
DTL_001600,ORD_00888,PROD_0030,1,75000.0,0.0,75000.0
DTL_001601,ORD_00889,PROD_0047,1,1690000.0,0.0,1690000.0
DTL_001602,ORD_00890,PROD_0044,1,890000.0,0.1,801000.0
DTL_001603,ORD_00890,PROD_0026,1,290000.0,0.05,275500.0
DTL_001604,ORD_00891,PROD_0021,2,4290000.0,0.05,8151000.0
DTL_001605,ORD_00892,PROD_0038,1,2590000.0,0.0,2590000.0
DTL_001606,ORD_00892,PROD_0002,2,24000000.0,0.0,48000000.0
DTL_001607,ORD_00893,PROD_0009,1,2850000.0,0.0,2850000.0
DTL_001608,ORD_00893,PROD_0032,1,4990000.0,0.0,4990000.0
DTL_001609,ORD_00894,PROD_0031,1,15990000.0,0.15,13591500.0
DTL_001610,ORD_00894,PROD_0003,1,21900000.0,0.0,21900000.0
DTL_001611,ORD_00895,PROD_0007,2,2450000.0,0.05,4655000.0
DTL_001612,ORD_00895,PROD_0042,1,2890000.0,0.0,2890000.0
DTL_001613,ORD_00896,PROD_0043,1,3990000.0,0.0,3990000.0
DTL_001614,ORD_00896,PROD_0026,1,290000.0,0.05,275500.0
DTL_001615,ORD_00897,PROD_0024,5,4490000.0,0.0,22450000.0
DTL_001616,ORD_00897,PROD_0008,1,8490000.0,0.0,8490000.0
DTL_001617,ORD_00897,PROD_0012,1,550000.0,0.0,550000.0
DTL_001618,ORD_00898,PROD_0030,1,75000.0,0.0,75000.0
DTL_001619,ORD_00899,PROD_0022,1,7900000.0,0.05,7505000.0
DTL_001620,ORD_00900,PROD_0021,1,4290000.0,0.0,4290000.0
DTL_001621,ORD_00901,PROD_0035,1,650000.0,0.05,617500.0
DTL_001622,ORD_00902,PROD_0016,2,790000.0,0.0,1580000.0
DTL_001623,ORD_00902,PROD_0047,1,1690000.0,0.0,1690000.0
DTL_001624,ORD_00903,PROD_0048,1,14900000.0,0.0,14900000.0
DTL_001625,ORD_00903,PROD_0020,2,490000.0,0.05,931000.0
DTL_001626,ORD_00903,PROD_0028,2,150000.0,0.0,300000.0
DTL_001627,ORD_00904,PROD_0004,1,9500000.0,0.0,9500000.0
DTL_001628,ORD_00904,PROD_0024,3,4490000.0,0.0,13470000.0
DTL_001629,ORD_00905,PROD_0044,1,890000.0,0.0,890000.0
DTL_001630,ORD_00905,PROD_0019,2,720000.0,0.0,1440000.0
DTL_001631,ORD_00905,PROD_0018,1,890000.0,0.0,890000.0
DTL_001632,ORD_00906,PROD_0040,1,2690000.0,0.05,2555500.0
DTL_001633,ORD_00907,PROD_0036,1,420000.0,0.0,420000.0
DTL_001634,ORD_00907,PROD_0001,2,27500000.0,0.0,55000000.0
DTL_001635,ORD_00908,PROD_0003,1,21900000.0,0.0,21900000.0
DTL_001636,ORD_00909,PROD_0049,1,1990000.0,0.0,1990000.0
DTL_001637,ORD_00910,PROD_0049,1,1990000.0,0.15,1691500.0
DTL_001638,ORD_00911,PROD_0008,1,8490000.0,0.0,8490000.0
DTL_001639,ORD_00912,PROD_0023,1,1990000.0,0.1,1791000.0
DTL_001640,ORD_00912,PROD_0049,1,1990000.0,0.05,1890500.0
DTL_001641,ORD_00913,PROD_0026,1,290000.0,0.0,290000.0
DTL_001642,ORD_00914,PROD_0042,1,2890000.0,0.0,2890000.0
DTL_001643,ORD_00914,PROD_0012,1,550000.0,0.0,550000.0
DTL_001644,ORD_00915,PROD_0040,1,2690000.0,0.0,2690000.0
DTL_001645,ORD_00916,PROD_0031,1,15990000.0,0.0,15990000.0
DTL_001646,ORD_00916,PROD_0044,2,890000.0,0.1,1602000.0
DTL_001647,ORD_00917,PROD_0016,1,790000.0,0.1,711000.0
DTL_001648,ORD_00918,PROD_0030,1,75000.0,0.0,75000.0
DTL_001649,ORD_00918,PROD_0016,1,790000.0,0.0,790000.0
DTL_001650,ORD_00919,PROD_0011,2,290000.0,0.0,580000.0
DTL_001651,ORD_00919,PROD_0016,2,790000.0,0.0,1580000.0
DTL_001652,ORD_00919,PROD_0030,1,75000.0,0.0,75000.0
DTL_001653,ORD_00920,PROD_0035,2,650000.0,0.0,1300000.0
DTL_001654,ORD_00920,PROD_0008,1,8490000.0,0.0,8490000.0
DTL_001655,ORD_00920,PROD_0046,1,3200000.0,0.05,3040000.0
DTL_001656,ORD_00921,PROD_0008,1,8490000.0,0.05,8065500.0
DTL_001657,ORD_00922,PROD_0010,2,2200000.0,0.0,4400000.0
DTL_001658,ORD_00922,PROD_0016,1,790000.0,0.0,790000.0
DTL_001659,ORD_00923,PROD_0045,1,5290000.0,0.05,5025500.0
DTL_001660,ORD_00924,PROD_0002,2,24000000.0,0.0,48000000.0
DTL_001661,ORD_00924,PROD_0015,2,690000.0,0.0,1380000.0
DTL_001662,ORD_00925,PROD_0045,1,5290000.0,0.0,5290000.0
DTL_001663,ORD_00926,PROD_0001,1,27500000.0,0.05,26125000.0
DTL_001664,ORD_00927,PROD_0038,1,2590000.0,0.0,2590000.0
DTL_001665,ORD_00927,PROD_0033,2,990000.0,0.0,1980000.0
DTL_001666,ORD_00928,PROD_0005,1,11500000.0,0.0,11500000.0
DTL_001667,ORD_00928,PROD_0022,1,7900000.0,0.0,7900000.0
DTL_001668,ORD_00929,PROD_0034,1,180000.0,0.0,180000.0
DTL_001669,ORD_00929,PROD_0015,1,690000.0,0.0,690000.0
DTL_001670,ORD_00929,PROD_0048,1,14900000.0,0.0,14900000.0
DTL_001671,ORD_00930,PROD_0034,1,180000.0,0.0,180000.0
DTL_001672,ORD_00931,PROD_0039,1,1250000.0,0.0,1250000.0
DTL_001673,ORD_00932,PROD_0015,1,690000.0,0.05,655500.0
DTL_001674,ORD_00933,PROD_0005,1,11500000.0,0.0,11500000.0
DTL_001675,ORD_00933,PROD_0013,1,490000.0,0.0,490000.0
DTL_001676,ORD_00934,PROD_0008,2,8490000.0,0.0,16980000.0
DTL_001677,ORD_00934,PROD_0047,2,1690000.0,0.0,3380000.0
DTL_001678,ORD_00934,PROD_0029,1,520000.0,0.0,520000.0
DTL_001679,ORD_00935,PROD_0033,3,990000.0,0.0,2970000.0
DTL_001680,ORD_00935,PROD_0019,2,720000.0,0.0,1440000.0
DTL_001681,ORD_00936,PROD_0012,2,550000.0,0.0,1100000.0
DTL_001682,ORD_00936,PROD_0032,1,4990000.0,0.0,4990000.0
DTL_001683,ORD_00936,PROD_0001,2,27500000.0,0.0,55000000.0
DTL_001684,ORD_00936,PROD_0021,1,4290000.0,0.1,3861000.0
DTL_001685,ORD_00937,PROD_0033,1,990000.0,0.05,940500.0
DTL_001686,ORD_00938,PROD_0013,2,490000.0,0.05,931000.0
DTL_001687,ORD_00939,PROD_0027,2,190000.0,0.0,380000.0
DTL_001688,ORD_00939,PROD_0050,1,1190000.0,0.1,1071000.0
DTL_001689,ORD_00940,PROD_0028,1,150000.0,0.05,142500.0
DTL_001690,ORD_00941,PROD_0009,2,2850000.0,0.0,5700000.0
DTL_001691,ORD_00941,PROD_0030,2,75000.0,0.0,150000.0
DTL_001692,ORD_00942,PROD_0025,1,1350000.0,0.0,1350000.0
DTL_001693,ORD_00943,PROD_0011,1,290000.0,0.0,290000.0
DTL_001694,ORD_00944,PROD_0025,3,1350000.0,0.05,3847500.0
DTL_001695,ORD_00944,PROD_0045,1,5290000.0,0.15,4496500.0
DTL_001696,ORD_00945,PROD_0029,1,520000.0,0.0,520000.0
DTL_001697,ORD_00945,PROD_0019,2,720000.0,0.0,1440000.0
DTL_001698,ORD_00946,PROD_0036,1,420000.0,0.0,420000.0
DTL_001699,ORD_00946,PROD_0006,1,2100000.0,0.0,2100000.0
DTL_001700,ORD_00947,PROD_0045,1,5290000.0,0.1,4761000.0
DTL_001701,ORD_00947,PROD_0046,3,3200000.0,0.0,9600000.0
DTL_001702,ORD_00947,PROD_0048,2,14900000.0,0.0,29800000.0
DTL_001703,ORD_00948,PROD_0048,3,14900000.0,0.0,44700000.0
DTL_001704,ORD_00949,PROD_0004,1,9500000.0,0.0,9500000.0
DTL_001705,ORD_00949,PROD_0033,1,990000.0,0.0,990000.0
DTL_001706,ORD_00949,PROD_0024,2,4490000.0,0.05,8531000.0
DTL_001707,ORD_00950,PROD_0050,2,1190000.0,0.05,2261000.0
DTL_001708,ORD_00950,PROD_0008,1,8490000.0,0.1,7641000.0
DTL_001709,ORD_00950,PROD_0035,1,650000.0,0.15,552500.0
DTL_001710,ORD_00950,PROD_0011,2,290000.0,0.05,551000.0
DTL_001711,ORD_00951,PROD_0042,1,2890000.0,0.0,2890000.0
DTL_001712,ORD_00952,PROD_0025,1,1350000.0,0.0,1350000.0
DTL_001713,ORD_00952,PROD_0002,1,24000000.0,0.1,21600000.0
DTL_001714,ORD_00953,PROD_0046,1,3200000.0,0.0,3200000.0
DTL_001715,ORD_00953,PROD_0037,1,5200000.0,0.0,5200000.0
DTL_001716,ORD_00953,PROD_0010,1,2200000.0,0.1,1980000.0
DTL_001717,ORD_00954,PROD_0015,1,690000.0,0.0,690000.0
DTL_001718,ORD_00954,PROD_0043,5,3990000.0,0.0,19950000.0
DTL_001719,ORD_00954,PROD_0014,3,350000.0,0.05,997500.0
DTL_001720,ORD_00955,PROD_0048,2,14900000.0,0.0,29800000.0
DTL_001721,ORD_00956,PROD_0008,3,8490000.0,0.0,25470000.0
DTL_001722,ORD_00956,PROD_0006,1,2100000.0,0.0,2100000.0
DTL_001723,ORD_00957,PROD_0021,1,4290000.0,0.15,3646500.0
DTL_001724,ORD_00957,PROD_0027,2,190000.0,0.0,380000.0
DTL_001725,ORD_00958,PROD_0027,1,190000.0,0.1,171000.0
DTL_001726,ORD_00959,PROD_0042,5,2890000.0,0.0,14450000.0
DTL_001727,ORD_00959,PROD_0020,1,490000.0,0.0,490000.0
DTL_001728,ORD_00959,PROD_0015,1,690000.0,0.15,586500.0
DTL_001729,ORD_00960,PROD_0009,1,2850000.0,0.0,2850000.0
DTL_001730,ORD_00960,PROD_0034,2,180000.0,0.0,360000.0
DTL_001731,ORD_00961,PROD_0034,3,180000.0,0.05,513000.0
DTL_001732,ORD_00962,PROD_0014,1,350000.0,0.0,350000.0
DTL_001733,ORD_00963,PROD_0031,1,15990000.0,0.1,14391000.0
DTL_001734,ORD_00964,PROD_0001,1,27500000.0,0.0,27500000.0
DTL_001735,ORD_00965,PROD_0035,2,650000.0,0.0,1300000.0
DTL_001736,ORD_00965,PROD_0029,1,520000.0,0.1,468000.0
DTL_001737,ORD_00965,PROD_0009,1,2850000.0,0.0,2850000.0
DTL_001738,ORD_00965,PROD_0039,1,1250000.0,0.15,1062500.0
DTL_001739,ORD_00966,PROD_0033,1,990000.0,0.1,891000.0
DTL_001740,ORD_00967,PROD_0017,1,190000.0,0.0,190000.0
DTL_001741,ORD_00968,PROD_0024,1,4490000.0,0.0,4490000.0
DTL_001742,ORD_00969,PROD_0041,1,7990000.0,0.05,7590500.0
DTL_001743,ORD_00970,PROD_0013,1,490000.0,0.15,416500.0
DTL_001744,ORD_00970,PROD_0041,1,7990000.0,0.0,7990000.0
DTL_001745,ORD_00970,PROD_0037,1,5200000.0,0.05,4940000.0
DTL_001746,ORD_00971,PROD_0032,2,4990000.0,0.0,9980000.0
DTL_001747,ORD_00972,PROD_0035,1,650000.0,0.15,552500.0
DTL_001748,ORD_00972,PROD_0009,2,2850000.0,0.0,5700000.0
DTL_001749,ORD_00973,PROD_0006,3,2100000.0,0.15,5355000.0
DTL_001750,ORD_00974,PROD_0048,1,14900000.0,0.0,14900000.0
DTL_001751,ORD_00975,PROD_0045,1,5290000.0,0.0,5290000.0
DTL_001752,ORD_00975,PROD_0034,1,180000.0,0.0,180000.0
DTL_001753,ORD_00976,PROD_0018,1,890000.0,0.1,801000.0
DTL_001754,ORD_00976,PROD_0004,3,9500000.0,0.1,25650000.0
DTL_001755,ORD_00976,PROD_0026,1,290000.0,0.0,290000.0
DTL_001756,ORD_00977,PROD_0047,1,1690000.0,0.15,1436500.0
DTL_001757,ORD_00978,PROD_0011,1,290000.0,0.0,290000.0
DTL_001758,ORD_00979,PROD_0008,1,8490000.0,0.0,8490000.0
DTL_001759,ORD_00979,PROD_0047,1,1690000.0,0.0,1690000.0
DTL_001760,ORD_00979,PROD_0048,1,14900000.0,0.0,14900000.0
DTL_001761,ORD_00980,PROD_0029,1,520000.0,0.0,520000.0
DTL_001762,ORD_00981,PROD_0003,1,21900000.0,0.0,21900000.0
DTL_001763,ORD_00981,PROD_0025,1,1350000.0,0.1,1215000.0
DTL_001764,ORD_00981,PROD_0017,1,190000.0,0.05,180500.0
DTL_001765,ORD_00982,PROD_0043,1,3990000.0,0.05,3790500.0
DTL_001766,ORD_00983,PROD_0041,1,7990000.0,0.05,7590500.0
DTL_001767,ORD_00983,PROD_0033,5,990000.0,0.0,4950000.0
DTL_001768,ORD_00983,PROD_0022,1,7900000.0,0.05,7505000.0
DTL_001769,ORD_00984,PROD_0050,2,1190000.0,0.0,2380000.0
DTL_001770,ORD_00985,PROD_0038,3,2590000.0,0.0,7770000.0
DTL_001771,ORD_00985,PROD_0042,1,2890000.0,0.05,2745500.0
DTL_001772,ORD_00986,PROD_0029,2,520000.0,0.0,1040000.0
DTL_001773,ORD_00987,PROD_0002,1,24000000.0,0.0,24000000.0
DTL_001774,ORD_00987,PROD_0014,3,350000.0,0.0,1050000.0
DTL_001775,ORD_00988,PROD_0044,1,890000.0,0.15,756500.0
DTL_001776,ORD_00989,PROD_0041,2,7990000.0,0.0,15980000.0
DTL_001777,ORD_00989,PROD_0017,1,190000.0,0.1,171000.0
DTL_001778,ORD_00990,PROD_0006,1,2100000.0,0.05,1995000.0
DTL_001779,ORD_00990,PROD_0022,2,7900000.0,0.0,15800000.0
DTL_001780,ORD_00990,PROD_0023,2,1990000.0,0.0,3980000.0
DTL_001781,ORD_00991,PROD_0013,2,490000.0,0.0,980000.0
DTL_001782,ORD_00991,PROD_0017,1,190000.0,0.0,190000.0
DTL_001783,ORD_00992,PROD_0033,1,990000.0,0.0,990000.0
DTL_001784,ORD_00992,PROD_0045,1,5290000.0,0.0,5290000.0
DTL_001785,ORD_00993,PROD_0010,1,2200000.0,0.0,2200000.0
DTL_001786,ORD_00993,PROD_0046,3,3200000.0,0.0,9600000.0
DTL_001787,ORD_00993,PROD_0022,3,7900000.0,0.05,22515000.0
DTL_001788,ORD_00994,PROD_0016,1,790000.0,0.0,790000.0
DTL_001789,ORD_00994,PROD_0036,1,420000.0,0.05,399000.0
DTL_001790,ORD_00994,PROD_0010,5,2200000.0,0.0,11000000.0
DTL_001791,ORD_00995,PROD_0040,1,2690000.0,0.15,2286500.0
DTL_001792,ORD_00995,PROD_0031,1,15990000.0,0.0,15990000.0
DTL_001793,ORD_00995,PROD_0029,1,520000.0,0.0,520000.0
DTL_001794,ORD_00995,PROD_0027,1,190000.0,0.1,171000.0
DTL_001795,ORD_00996,PROD_0024,3,4490000.0,0.1,12123000.0
DTL_001796,ORD_00997,PROD_0045,1,5290000.0,0.0,5290000.0
DTL_001797,ORD_00997,PROD_0016,3,790000.0,0.15,2014500.0
DTL_001798,ORD_00997,PROD_0035,2,650000.0,0.0,1300000.0
DTL_001799,ORD_00998,PROD_0037,1,5200000.0,0.0,5200000.0
DTL_001800,ORD_00998,PROD_0004,1,9500000.0,0.0,9500000.0
DTL_001801,ORD_00999,PROD_0046,1,3200000.0,0.0,3200000.0
DTL_001802,ORD_00999,PROD_0010,3,2200000.0,0.0,6600000.0
DTL_001803,ORD_01000,PROD_0029,1,520000.0,0.0,520000.0
